kind	id	family	support	strategy	trim	conditions
curve	119	ellipse	deferred_residual_surface	reason.deferred_residual_surface	-	
curve	122	ellipse	deferred_residual_surface	reason.deferred_residual_surface	-	
curve	129	ellipse	deferred_residual_surface	reason.deferred_residual_surface	-	
curve	384	ellipse	deferred_residual_surface	reason.deferred_residual_surface	-	
curve	402	ellipse	deferred_residual_surface	reason.deferred_residual_surface	-	
curve	439	ellipse	deferred_residual_surface	reason.deferred_residual_surface	-	
curve	448	ellipse	deferred_residual_surface	reason.deferred_residual_surface	-	
curve	453	ellipse	deferred_residual_surface	reason.deferred_residual_surface	-	
curve	461	ellipse	deferred_residual_surface	reason.deferred_residual_surface	-	
curve	466	ellipse	deferred_residual_surface	reason.deferred_residual_surface	-	
curve	467	ellipse	deferred_residual_surface	reason.deferred_residual_surface	-	
curve	1047	ellipse	deferred_residual_surface	reason.deferred_residual_surface	-	
curve	1081	ellipse	deferred_residual_surface	reason.deferred_residual_surface	-	
curve	1083	ellipse	deferred_residual_surface	reason.deferred_residual_surface	-	
curve	1084	ellipse	deferred_residual_surface	reason.deferred_residual_surface	-	
curve	1086	ellipse	deferred_residual_surface	reason.deferred_residual_surface	-	
curve	1087	ellipse	deferred_residual_surface	reason.deferred_residual_surface	-	
curve	1103	ellipse	deferred_residual_surface	reason.deferred_residual_surface	-	
curve	1104	ellipse	deferred_residual_surface	reason.deferred_residual_surface	-	
curve	1106	ellipse	deferred_residual_surface	reason.deferred_residual_surface	-	
curve	1107	ellipse	deferred_residual_surface	reason.deferred_residual_surface	-	
curve	1125	ellipse	deferred_residual_surface	reason.deferred_residual_surface	-	
curve	1126	ellipse	deferred_residual_surface	reason.deferred_residual_surface	-	
curve	1128	ellipse	deferred_residual_surface	reason.deferred_residual_surface	-	
curve	1129	ellipse	deferred_residual_surface	reason.deferred_residual_surface	-	
curve	1130	ellipse	deferred_residual_surface	reason.deferred_residual_surface	-	
curve	1235	ellipse	deferred_residual_surface	reason.deferred_residual_surface	-	
curve	1255	ellipse	deferred_residual_surface	reason.deferred_residual_surface	-	
curve	1256	ellipse	deferred_residual_surface	reason.deferred_residual_surface	-	
curve	1260	ellipse	deferred_residual_surface	reason.deferred_residual_surface	-	
curve	1261	ellipse	deferred_residual_surface	reason.deferred_residual_surface	-	
curve	1266	ellipse	deferred_residual_surface	reason.deferred_residual_surface	-	
curve	1267	ellipse	deferred_residual_surface	reason.deferred_residual_surface	-	
curve	1291	ellipse	deferred_residual_surface	reason.deferred_residual_surface	-	
curve	1292	ellipse	deferred_residual_surface	reason.deferred_residual_surface	-	
curve	1293	ellipse	deferred_residual_surface	reason.deferred_residual_surface	-	
curve	1294	ellipse	deferred_residual_surface	reason.deferred_residual_surface	-	
curve	1295	ellipse	deferred_residual_surface	reason.deferred_residual_surface	-	
curve	1297	ellipse	deferred_residual_surface	reason.deferred_residual_surface	-	
curve	1298	ellipse	deferred_residual_surface	reason.deferred_residual_surface	-	
curve	1299	ellipse	deferred_residual_surface	reason.deferred_residual_surface	-	
curve	1300	ellipse	deferred_residual_surface	reason.deferred_residual_surface	-	
curve	1302	ellipse	deferred_residual_surface	reason.deferred_residual_surface	-	
curve	1303	ellipse	deferred_residual_surface	reason.deferred_residual_surface	-	
curve	1304	ellipse	deferred_residual_surface	reason.deferred_residual_surface	-	
curve	1321	ellipse	deferred_residual_surface	reason.deferred_residual_surface	-	
curve	1323	ellipse	deferred_residual_surface	reason.deferred_residual_surface	-	
curve	1324	ellipse	deferred_residual_surface	reason.deferred_residual_surface	-	
curve	1325	ellipse	deferred_residual_surface	reason.deferred_residual_surface	-	
curve	1326	ellipse	deferred_residual_surface	reason.deferred_residual_surface	-	
curve	1327	ellipse	deferred_residual_surface	reason.deferred_residual_surface	-	
curve	1328	ellipse	deferred_residual_surface	reason.deferred_residual_surface	-	
curve	1329	ellipse	deferred_residual_surface	reason.deferred_residual_surface	-	
curve	1332	ellipse	deferred_residual_surface	reason.deferred_residual_surface	-	
curve	1333	ellipse	deferred_residual_surface	reason.deferred_residual_surface	-	
curve	1336	ellipse	deferred_residual_surface	reason.deferred_residual_surface	-	
curve	1337	ellipse	deferred_residual_surface	reason.deferred_residual_surface	-	
curve	1338	ellipse	deferred_residual_surface	reason.deferred_residual_surface	-	
curve	1340	ellipse	deferred_residual_surface	reason.deferred_residual_surface	-	
curve	1341	ellipse	deferred_residual_surface	reason.deferred_residual_surface	-	
curve	1342	ellipse	deferred_residual_surface	reason.deferred_residual_surface	-	
curve	1343	ellipse	deferred_residual_surface	reason.deferred_residual_surface	-	
curve	1344	ellipse	deferred_residual_surface	reason.deferred_residual_surface	-	
curve	1351	ellipse	deferred_residual_surface	reason.deferred_residual_surface	-	
curve	1353	ellipse	deferred_residual_surface	reason.deferred_residual_surface	-	
curve	1729	ellipse	deferred_residual_surface	reason.deferred_residual_surface	-	
curve	1730	ellipse	deferred_residual_surface	reason.deferred_residual_surface	-	
curve	1747	ellipse	deferred_residual_surface	reason.deferred_residual_surface	-	
curve	1753	ellipse	deferred_residual_surface	reason.deferred_residual_surface	-	
curve	1757	ellipse	deferred_residual_surface	reason.deferred_residual_surface	-	
curve	1759	ellipse	deferred_residual_surface	reason.deferred_residual_surface	-	
curve	3731	ellipse	deferred_residual_surface	reason.deferred_residual_surface	-	
curve	3733	ellipse	deferred_residual_surface	reason.deferred_residual_surface	-	
curve	3734	ellipse	deferred_residual_surface	reason.deferred_residual_surface	-	
curve	3735	ellipse	deferred_residual_surface	reason.deferred_residual_surface	-	
curve	3736	ellipse	deferred_residual_surface	reason.deferred_residual_surface	-	
curve	3738	ellipse	deferred_residual_surface	reason.deferred_residual_surface	-	
curve	3740	ellipse	deferred_residual_surface	reason.deferred_residual_surface	-	
curve	3752	ellipse	deferred_residual_surface	reason.deferred_residual_surface	-	
curve	3753	ellipse	deferred_residual_surface	reason.deferred_residual_surface	-	
curve	3755	ellipse	deferred_residual_surface	reason.deferred_residual_surface	-	
curve	3756	ellipse	deferred_residual_surface	reason.deferred_residual_surface	-	
curve	3757	ellipse	deferred_residual_surface	reason.deferred_residual_surface	-	
curve	3758	ellipse	deferred_residual_surface	reason.deferred_residual_surface	-	
curve	3759	ellipse	deferred_residual_surface	reason.deferred_residual_surface	-	
curve	3802	ellipse	deferred_residual_surface	reason.deferred_residual_surface	-	
curve	3803	ellipse	deferred_residual_surface	reason.deferred_residual_surface	-	
curve	3804	ellipse	deferred_residual_surface	reason.deferred_residual_surface	-	
curve	3806	ellipse	deferred_residual_surface	reason.deferred_residual_surface	-	
curve	3807	ellipse	deferred_residual_surface	reason.deferred_residual_surface	-	
curve	3811	ellipse	deferred_residual_surface	reason.deferred_residual_surface	-	
curve	3813	ellipse	deferred_residual_surface	reason.deferred_residual_surface	-	
curve	3822	ellipse	deferred_residual_surface	reason.deferred_residual_surface	-	
curve	3824	ellipse	deferred_residual_surface	reason.deferred_residual_surface	-	
curve	3981	ellipse	deferred_residual_surface	reason.deferred_residual_surface	-	
curve	3982	ellipse	deferred_residual_surface	reason.deferred_residual_surface	-	
curve	3984	ellipse	deferred_residual_surface	reason.deferred_residual_surface	-	
curve	3985	ellipse	deferred_residual_surface	reason.deferred_residual_surface	-	
curve	3991	ellipse	deferred_residual_surface	reason.deferred_residual_surface	-	
curve	3992	ellipse	deferred_residual_surface	reason.deferred_residual_surface	-	
curve	4199	ellipse	deferred_residual_surface	reason.deferred_residual_surface	-	
curve	4207	ellipse	deferred_residual_surface	reason.deferred_residual_surface	-	
curve	4290	ellipse	deferred_residual_surface	reason.deferred_residual_surface	-	
curve	4293	ellipse	deferred_residual_surface	reason.deferred_residual_surface	-	
curve	4631	ellipse	deferred_residual_surface	reason.deferred_residual_surface	-	
curve	4640	ellipse	deferred_residual_surface	reason.deferred_residual_surface	-	
curve	4913	ellipse	deferred_residual_surface	reason.deferred_residual_surface	-	
curve	4944	ellipse	deferred_residual_surface	reason.deferred_residual_surface	-	
curve	4948	ellipse	deferred_residual_surface	reason.deferred_residual_surface	-	
curve	4953	ellipse	deferred_residual_surface	reason.deferred_residual_surface	-	
curve	4963	ellipse	deferred_residual_surface	reason.deferred_residual_surface	-	
curve	4966	ellipse	deferred_residual_surface	reason.deferred_residual_surface	-	
curve	4971	ellipse	deferred_residual_surface	reason.deferred_residual_surface	-	
curve	4978	ellipse	deferred_residual_surface	reason.deferred_residual_surface	-	
curve	4983	ellipse	deferred_residual_surface	reason.deferred_residual_surface	-	
curve	4994	ellipse	deferred_residual_surface	reason.deferred_residual_surface	-	
curve	4996	ellipse	deferred_residual_surface	reason.deferred_residual_surface	-	
curve	5001	ellipse	deferred_residual_surface	reason.deferred_residual_surface	-	
curve	5007	ellipse	deferred_residual_surface	reason.deferred_residual_surface	-	
curve	5016	ellipse	deferred_residual_surface	reason.deferred_residual_surface	-	
curve	5076	ellipse	deferred_residual_surface	reason.deferred_residual_surface	-	
curve	5086	ellipse	deferred_residual_surface	reason.deferred_residual_surface	-	
curve	5096	ellipse	deferred_residual_surface	reason.deferred_residual_surface	-	
curve	5099	ellipse	deferred_residual_surface	reason.deferred_residual_surface	-	
curve	5142	ellipse	deferred_residual_surface	reason.deferred_residual_surface	-	
curve	5159	ellipse	deferred_residual_surface	reason.deferred_residual_surface	-	
curve	5161	ellipse	deferred_residual_surface	reason.deferred_residual_surface	-	
curve	5171	ellipse	deferred_residual_surface	reason.deferred_residual_surface	-	
curve	5180	ellipse	deferred_residual_surface	reason.deferred_residual_surface	-	
curve	5183	ellipse	deferred_residual_surface	reason.deferred_residual_surface	-	
curve	5192	ellipse	deferred_residual_surface	reason.deferred_residual_surface	-	
curve	5195	ellipse	deferred_residual_surface	reason.deferred_residual_surface	-	
curve	5198	ellipse	deferred_residual_surface	reason.deferred_residual_surface	-	
curve	5211	ellipse	deferred_residual_surface	reason.deferred_residual_surface	-	
curve	5212	ellipse	deferred_residual_surface	reason.deferred_residual_surface	-	
curve	5215	ellipse	deferred_residual_surface	reason.deferred_residual_surface	-	
curve	5218	ellipse	deferred_residual_surface	reason.deferred_residual_surface	-	
curve	5336	ellipse	deferred_residual_surface	reason.deferred_residual_surface	-	
curve	5337	ellipse	deferred_residual_surface	reason.deferred_residual_surface	-	
curve	5338	ellipse	deferred_residual_surface	reason.deferred_residual_surface	-	
curve	5342	ellipse	deferred_residual_surface	reason.deferred_residual_surface	-	
curve	5346	ellipse	deferred_residual_surface	reason.deferred_residual_surface	-	
curve	7666	ellipse	deferred_residual_surface	reason.deferred_residual_surface	-	
curve	7670	ellipse	deferred_residual_surface	reason.deferred_residual_surface	-	
curve	7675	ellipse	deferred_residual_surface	reason.deferred_residual_surface	-	
curve	7677	ellipse	deferred_residual_surface	reason.deferred_residual_surface	-	
curve	7944	ellipse	deferred_residual_surface	reason.deferred_residual_surface	-	
curve	7945	ellipse	deferred_residual_surface	reason.deferred_residual_surface	-	
curve	7946	ellipse	deferred_residual_surface	reason.deferred_residual_surface	-	
curve	7947	ellipse	deferred_residual_surface	reason.deferred_residual_surface	-	
curve	8257	ellipse	deferred_residual_surface	reason.deferred_residual_surface	-	
curve	8268	ellipse	deferred_residual_surface	reason.deferred_residual_surface	-	
curve	8269	ellipse	deferred_residual_surface	reason.deferred_residual_surface	-	
curve	8397	ellipse	deferred_residual_surface	reason.deferred_residual_surface	-	
curve	8423	ellipse	deferred_residual_surface	reason.deferred_residual_surface	-	
curve	8424	ellipse	deferred_residual_surface	reason.deferred_residual_surface	-	
curve	8426	ellipse	deferred_residual_surface	reason.deferred_residual_surface	-	
curve	8427	ellipse	deferred_residual_surface	reason.deferred_residual_surface	-	
curve	8429	ellipse	deferred_residual_surface	reason.deferred_residual_surface	-	
curve	8430	ellipse	deferred_residual_surface	reason.deferred_residual_surface	-	
curve	8432	ellipse	deferred_residual_surface	reason.deferred_residual_surface	-	
curve	8433	ellipse	deferred_residual_surface	reason.deferred_residual_surface	-	
curve	8435	ellipse	deferred_residual_surface	reason.deferred_residual_surface	-	
curve	8436	ellipse	deferred_residual_surface	reason.deferred_residual_surface	-	
curve	8438	ellipse	deferred_residual_surface	reason.deferred_residual_surface	-	
curve	8498	ellipse	deferred_residual_surface	reason.deferred_residual_surface	-	
curve	8505	ellipse	deferred_residual_surface	reason.deferred_residual_surface	-	
curve	8508	ellipse	deferred_residual_surface	reason.deferred_residual_surface	-	
curve	8514	ellipse	deferred_residual_surface	reason.deferred_residual_surface	-	
curve	8517	ellipse	deferred_residual_surface	reason.deferred_residual_surface	-	
curve	8523	ellipse	deferred_residual_surface	reason.deferred_residual_surface	-	
curve	8526	ellipse	deferred_residual_surface	reason.deferred_residual_surface	-	
curve	8532	ellipse	deferred_residual_surface	reason.deferred_residual_surface	-	
curve	8535	ellipse	deferred_residual_surface	reason.deferred_residual_surface	-	
curve	8542	ellipse	deferred_residual_surface	reason.deferred_residual_surface	-	
curve	8544	ellipse	deferred_residual_surface	reason.deferred_residual_surface	-	
curve	8560	ellipse	deferred_residual_surface	reason.deferred_residual_surface	-	
curve	8631	ellipse	deferred_residual_surface	reason.deferred_residual_surface	-	
curve	8636	ellipse	deferred_residual_surface	reason.deferred_residual_surface	-	
curve	8637	ellipse	deferred_residual_surface	reason.deferred_residual_surface	-	
curve	8653	ellipse	deferred_residual_surface	reason.deferred_residual_surface	-	
curve	8654	ellipse	deferred_residual_surface	reason.deferred_residual_surface	-	
curve	8655	ellipse	deferred_residual_surface	reason.deferred_residual_surface	-	
curve	8656	ellipse	deferred_residual_surface	reason.deferred_residual_surface	-	
curve	9167	ellipse	deferred_residual_surface	reason.deferred_residual_surface	-	
curve	9169	ellipse	deferred_residual_surface	reason.deferred_residual_surface	-	
curve	9217	ellipse	deferred_residual_surface	reason.deferred_residual_surface	-	
curve	9273	ellipse	deferred_residual_surface	reason.deferred_residual_surface	-	
curve	9277	ellipse	deferred_residual_surface	reason.deferred_residual_surface	-	
curve	9298	ellipse	deferred_residual_surface	reason.deferred_residual_surface	-	
curve	9302	ellipse	deferred_residual_surface	reason.deferred_residual_surface	-	
curve	9397	ellipse	deferred_residual_surface	reason.deferred_residual_surface	-	
curve	9441	ellipse	deferred_residual_surface	reason.deferred_residual_surface	-	
curve	9450	ellipse	deferred_residual_surface	reason.deferred_residual_surface	-	
curve	9466	ellipse	deferred_residual_surface	reason.deferred_residual_surface	-	
curve	9541	ellipse	deferred_residual_surface	reason.deferred_residual_surface	-	
curve	9544	ellipse	deferred_residual_surface	reason.deferred_residual_surface	-	
curve	9641	ellipse	deferred_residual_surface	reason.deferred_residual_surface	-	
curve	9642	ellipse	deferred_residual_surface	reason.deferred_residual_surface	-	
curve	9868	ellipse	deferred_residual_surface	reason.deferred_residual_surface	-	
curve	9871	ellipse	deferred_residual_surface	reason.deferred_residual_surface	-	
curve	9905	ellipse	deferred_residual_surface	reason.deferred_residual_surface	-	
curve	9921	ellipse	deferred_residual_surface	reason.deferred_residual_surface	-	
curve	9924	ellipse	deferred_residual_surface	reason.deferred_residual_surface	-	
curve	9958	ellipse	deferred_residual_surface	reason.deferred_residual_surface	-	
curve	10152	ellipse	deferred_residual_surface	reason.deferred_residual_surface	-	
curve	10153	ellipse	deferred_residual_surface	reason.deferred_residual_surface	-	
curve	10909	ellipse	deferred_residual_surface	reason.deferred_residual_surface	-	
curve	10911	ellipse	deferred_residual_surface	reason.deferred_residual_surface	-	
curve	10913	ellipse	deferred_residual_surface	reason.deferred_residual_surface	-	
curve	10915	ellipse	deferred_residual_surface	reason.deferred_residual_surface	-	
face	1	plane	supported_analytic_template	strategy.surface.plane	convex_simple_region	cutout.filleted_slot_deferred
face	2	plane	supported_analytic_template	strategy.surface.plane	multiple_disconnected_domains	reason.multidomain_decomposition_unproven;cutout.filleted_slot_deferred
face	3	plane	supported_analytic_template	strategy.surface.plane	multiple_disconnected_domains	reason.multidomain_decomposition_unproven;cutout.filleted_slot_deferred
face	4	plane	supported_analytic_template	strategy.surface.plane	multiple_disconnected_domains	reason.multidomain_decomposition_unproven;cutout.filleted_slot_deferred
face	5	plane	supported_analytic_template	strategy.surface.plane	multiple_disconnected_domains	reason.multidomain_decomposition_unproven;cutout.filleted_slot_deferred
face	6	plane	supported_analytic_template	strategy.surface.plane	multiple_disconnected_domains	reason.multidomain_decomposition_unproven;cutout.filleted_slot_deferred
face	7	plane	supported_analytic_template	strategy.surface.plane	multiple_disconnected_domains	reason.multidomain_decomposition_unproven;cutout.filleted_slot_deferred
face	8	plane	supported_analytic_template	strategy.surface.plane	multiple_disconnected_domains	reason.multidomain_decomposition_unproven;cutout.filleted_slot_deferred
face	9	plane	supported_analytic_template	strategy.surface.plane	multiple_disconnected_domains	reason.multidomain_decomposition_unproven;cutout.filleted_slot_deferred
face	10	cylinder	deferred_residual_surface	reason.deferred_residual_surface	full_periodic_with_cap_boundaries	u_periodic;cutout.multi_bore_cylinder_deferred;cutout.filleted_slot_deferred
face	11	plane	supported_analytic_template	strategy.surface.plane	convex_simple_region	cutout.filleted_slot_deferred
face	12	plane	supported_analytic_template	strategy.surface.plane	convex_simple_region	cutout.filleted_slot_deferred
face	13	cylinder	deferred_residual_surface	reason.deferred_residual_surface	full_periodic_with_cap_boundaries	u_periodic;cutout.cylindrical_bore;cutout.multi_bore_cylinder_deferred;cutout.filleted_slot_deferred
face	14	plane	supported_analytic_template	strategy.surface.plane	convex_simple_region	cutout.filleted_slot_deferred
face	15	cylinder	deferred_residual_surface	reason.deferred_residual_surface	full_periodic_with_cap_boundaries	u_periodic;cutout.multi_bore_cylinder_deferred;cutout.filleted_slot_deferred
face	16	plane	supported_analytic_template	strategy.surface.plane	convex_simple_region	cutout.filleted_slot_deferred
face	17	plane	supported_analytic_template	strategy.surface.plane	convex_simple_region	cutout.filleted_slot_deferred
face	18	cylinder	deferred_residual_surface	reason.deferred_residual_surface	full_periodic_with_cap_boundaries	u_periodic;cutout.cylindrical_bore;cutout.multi_bore_cylinder_deferred;cutout.filleted_slot_deferred
face	19	plane	supported_analytic_template	strategy.surface.plane	convex_simple_region	cutout.filleted_slot_deferred
face	20	cylinder	deferred_residual_surface	reason.deferred_residual_surface	full_periodic_with_cap_boundaries	u_periodic;cutout.cylindrical_bore;cutout.multi_bore_cylinder_deferred;cutout.filleted_slot_deferred
face	21	cylinder	deferred_residual_surface	reason.deferred_residual_surface	full_periodic_with_cap_boundaries	u_periodic;cutout.cylindrical_bore;cutout.multi_bore_cylinder_deferred;cutout.filleted_slot_deferred
face	22	plane	supported_analytic_template	strategy.surface.plane	annulus	cutout.planar_perforated;cutout.filleted_slot_deferred
face	23	plane	supported_analytic_template	strategy.surface.plane	annulus	cutout.planar_perforated;cutout.filleted_slot_deferred
face	24	cylinder	deferred_residual_surface	reason.deferred_residual_surface	full_periodic_with_cap_boundaries	u_periodic;cutout.cylindrical_bore;cutout.multi_bore_cylinder_deferred;cutout.filleted_slot_deferred
face	25	cylinder	deferred_residual_surface	reason.deferred_residual_surface	full_periodic_with_cap_boundaries	u_periodic;cutout.cylindrical_bore;cutout.multi_bore_cylinder_deferred;cutout.filleted_slot_deferred
face	26	cylinder	deferred_residual_surface	reason.deferred_residual_surface	full_periodic_with_cap_boundaries	u_periodic;cutout.cylindrical_bore;cutout.multi_bore_cylinder_deferred;cutout.filleted_slot_deferred
face	27	plane	supported_analytic_template	strategy.surface.plane	annulus	cutout.planar_perforated;cutout.filleted_slot_deferred
face	28	bspline	deferred_residual_surface	reason.deferred_residual_surface	convex_simple_region	mapped.non_four_sided_deferred;freeform.uv_grid_candidate
face	29	bspline	deferred_residual_surface	reason.deferred_residual_surface	convex_simple_region	mapped.non_four_sided_deferred;freeform.uv_grid_candidate
face	30	bspline	deferred_residual_surface	reason.deferred_residual_surface	convex_simple_region	mapped.non_four_sided_deferred;freeform.uv_grid_candidate
face	31	plane	supported_analytic_template	strategy.surface.plane	concave_simple_region	cutout.filleted_slot_deferred
face	32	bspline	deferred_residual_surface	reason.deferred_residual_surface	convex_simple_region	mapped.four_sided_candidate;freeform.uv_grid_candidate
face	33	bspline	deferred_residual_surface	reason.deferred_residual_surface	convex_simple_region	mapped.four_sided_candidate;freeform.uv_grid_candidate
face	34	plane	supported_analytic_template	strategy.surface.plane	concave_simple_region	cutout.filleted_slot_deferred
face	35	bspline	deferred_residual_surface	reason.deferred_residual_surface	convex_simple_region	mapped.four_sided_candidate;freeform.uv_grid_candidate
face	36	bspline	deferred_residual_surface	reason.deferred_residual_surface	convex_simple_region	mapped.four_sided_candidate;freeform.uv_grid_candidate
face	37	bspline	deferred_residual_surface	reason.deferred_residual_surface	convex_simple_region	mapped.four_sided_candidate;freeform.uv_grid_candidate
face	38	bspline	deferred_residual_surface	reason.deferred_residual_surface	convex_simple_region	mapped.non_four_sided_deferred;freeform.uv_grid_candidate
face	39	bspline	deferred_residual_surface	reason.deferred_residual_surface	convex_simple_region	mapped.four_sided_candidate;freeform.uv_grid_candidate
face	40	bspline	deferred_residual_surface	reason.deferred_residual_surface	convex_simple_region	mapped.four_sided_candidate;freeform.uv_grid_candidate
face	41	bspline	deferred_residual_surface	reason.deferred_residual_surface	convex_simple_region	mapped.four_sided_candidate;freeform.uv_grid_candidate
face	42	bspline	deferred_residual_surface	reason.deferred_residual_surface	convex_simple_region	mapped.four_sided_candidate;freeform.uv_grid_candidate
face	43	plane	supported_analytic_template	strategy.surface.plane	convex_simple_region	cutout.filleted_slot_deferred
face	44	plane	supported_analytic_template	strategy.surface.plane	convex_simple_region	cutout.filleted_slot_deferred
face	45	cylinder	deferred_residual_surface	reason.deferred_residual_surface	full_periodic_with_cap_boundaries	u_periodic;cutout.cylindrical_bore;cutout.multi_bore_cylinder_deferred;cutout.filleted_slot_deferred
face	46	cylinder	deferred_residual_surface	reason.deferred_residual_surface	full_periodic_with_cap_boundaries	u_periodic;cutout.cylindrical_bore;cutout.multi_bore_cylinder_deferred;cutout.filleted_slot_deferred
face	47	plane	supported_analytic_template	strategy.surface.plane	convex_simple_region	cutout.filleted_slot_deferred
face	48	plane	supported_analytic_template	strategy.surface.plane	convex_simple_region	cutout.filleted_slot_deferred
face	49	bspline	deferred_residual_surface	reason.deferred_residual_surface	convex_simple_region	mapped.non_four_sided_deferred;freeform.uv_grid_candidate
face	50	plane	supported_analytic_template	strategy.surface.plane	concave_simple_region	cutout.filleted_slot_deferred
face	51	plane	supported_analytic_template	strategy.surface.plane	convex_simple_region	cutout.filleted_slot_deferred
face	52	bspline	deferred_residual_surface	reason.deferred_residual_surface	convex_simple_region	mapped.non_four_sided_deferred;freeform.uv_grid_candidate
face	53	plane	supported_analytic_template	strategy.surface.plane	convex_simple_region	cutout.filleted_slot_deferred
face	54	cylinder	deferred_residual_surface	reason.deferred_residual_surface	full_periodic_with_cap_boundaries	u_periodic;cutout.cylindrical_bore;cutout.multi_bore_cylinder_deferred;cutout.filleted_slot_deferred
face	55	plane	supported_analytic_template	strategy.surface.plane	convex_simple_region	cutout.filleted_slot_deferred
face	56	bspline	deferred_residual_surface	reason.deferred_residual_surface	convex_simple_region	mapped.four_sided_candidate;freeform.uv_grid_candidate
face	57	bspline	deferred_residual_surface	reason.deferred_residual_surface	convex_simple_region	mapped.four_sided_candidate;freeform.uv_grid_candidate
face	58	plane	supported_analytic_template	strategy.surface.plane	convex_simple_region	cutout.filleted_slot_deferred
face	59	bspline	deferred_residual_surface	reason.deferred_residual_surface	convex_simple_region	mapped.four_sided_candidate;freeform.uv_grid_candidate
face	60	bspline	deferred_residual_surface	reason.deferred_residual_surface	convex_simple_region	mapped.four_sided_candidate;freeform.uv_grid_candidate
face	61	plane	supported_analytic_template	strategy.surface.plane	convex_simple_region	cutout.filleted_slot_deferred
face	62	bspline	deferred_residual_surface	reason.deferred_residual_surface	convex_simple_region	mapped.four_sided_candidate;freeform.uv_grid_candidate
face	63	bspline	deferred_residual_surface	reason.deferred_residual_surface	convex_simple_region	mapped.four_sided_candidate;freeform.uv_grid_candidate
face	64	plane	supported_analytic_template	strategy.surface.plane	convex_simple_region	cutout.filleted_slot_deferred
face	65	bspline	deferred_residual_surface	reason.deferred_residual_surface	convex_simple_region	mapped.four_sided_candidate;freeform.uv_grid_candidate
face	66	bspline	deferred_residual_surface	reason.deferred_residual_surface	convex_simple_region	mapped.four_sided_candidate;freeform.uv_grid_candidate
face	67	plane	supported_analytic_template	strategy.surface.plane	self_intersecting_or_invalid	cutout.filleted_slot_deferred
face	68	plane	supported_analytic_template	strategy.surface.plane	convex_simple_region	cutout.filleted_slot_deferred
face	69	plane	supported_analytic_template	strategy.surface.plane	multiple_disconnected_domains	reason.multidomain_decomposition_unproven;cutout.filleted_slot_deferred
face	70	cylinder	deferred_residual_surface	reason.deferred_residual_surface	full_periodic_with_cap_boundaries	u_periodic;cutout.cylindrical_bore;cutout.multi_bore_cylinder_deferred;cutout.filleted_slot_deferred
face	71	bspline	deferred_residual_surface	reason.deferred_residual_surface	convex_simple_region	mapped.non_four_sided_deferred;freeform.uv_grid_candidate
face	72	plane	supported_analytic_template	strategy.surface.plane	self_intersecting_or_invalid	cutout.filleted_slot_deferred
face	73	plane	supported_analytic_template	strategy.surface.plane	multiple_disconnected_domains	reason.multidomain_decomposition_unproven;cutout.filleted_slot_deferred
face	74	cylinder	deferred_residual_surface	reason.deferred_residual_surface	full_periodic_with_cap_boundaries	u_periodic;cutout.cylindrical_bore;cutout.multi_bore_cylinder_deferred;cutout.filleted_slot_deferred
face	75	plane	supported_analytic_template	strategy.surface.plane	multiple_disconnected_domains	reason.multidomain_decomposition_unproven;cutout.filleted_slot_deferred
face	76	plane	supported_analytic_template	strategy.surface.plane	convex_simple_region	cutout.filleted_slot_deferred
face	77	plane	supported_analytic_template	strategy.surface.plane	convex_simple_region	cutout.filleted_slot_deferred
face	78	plane	supported_analytic_template	strategy.surface.plane	convex_simple_region	cutout.filleted_slot_deferred
face	79	plane	supported_analytic_template	strategy.surface.plane	convex_simple_region	cutout.filleted_slot_deferred
face	80	plane	supported_analytic_template	strategy.surface.plane	multiple_disconnected_domains	reason.multidomain_decomposition_unproven;cutout.filleted_slot_deferred
face	81	cylinder	deferred_residual_surface	reason.deferred_residual_surface	full_periodic_with_cap_boundaries	u_periodic;cutout.cylindrical_bore;cutout.multi_bore_cylinder_deferred;cutout.filleted_slot_deferred
face	82	plane	supported_analytic_template	strategy.surface.plane	convex_simple_region	cutout.filleted_slot_deferred
face	83	plane	supported_analytic_template	strategy.surface.plane	concave_simple_region	cutout.filleted_slot_deferred
face	84	plane	supported_analytic_template	strategy.surface.plane	concave_simple_region	cutout.filleted_slot_deferred
face	85	bspline	deferred_residual_surface	reason.deferred_residual_surface	convex_simple_region	mapped.four_sided_candidate;freeform.uv_grid_candidate
face	86	plane	supported_analytic_template	strategy.surface.plane	convex_simple_region	cutout.filleted_slot_deferred
face	87	bspline	deferred_residual_surface	reason.deferred_residual_surface	convex_simple_region	mapped.four_sided_candidate;freeform.uv_grid_candidate
face	88	plane	supported_analytic_template	strategy.surface.plane	convex_simple_region	cutout.filleted_slot_deferred
face	89	cylinder	deferred_residual_surface	reason.deferred_residual_surface	full_periodic_with_cap_boundaries	u_periodic;cutout.cylindrical_bore;cutout.multi_bore_cylinder_deferred;cutout.filleted_slot_deferred
face	90	cylinder	deferred_residual_surface	reason.deferred_residual_surface	full_periodic_with_cap_boundaries	u_periodic;cutout.cylindrical_bore;cutout.multi_bore_cylinder_deferred;cutout.filleted_slot_deferred
face	91	bspline	deferred_residual_surface	reason.deferred_residual_surface	convex_simple_region	mapped.four_sided_candidate;freeform.uv_grid_candidate
face	92	cylinder	deferred_residual_surface	reason.deferred_residual_surface	full_periodic_with_cap_boundaries	u_periodic;cutout.cylindrical_bore;cutout.multi_bore_cylinder_deferred;cutout.filleted_slot_deferred
face	93	cylinder	deferred_residual_surface	reason.deferred_residual_surface	full_periodic_with_cap_boundaries	u_periodic;cutout.cylindrical_bore;cutout.multi_bore_cylinder_deferred;cutout.filleted_slot_deferred
face	94	plane	supported_analytic_template	strategy.surface.plane	convex_simple_region	cutout.filleted_slot_deferred
face	95	plane	supported_analytic_template	strategy.surface.plane	convex_simple_region	cutout.filleted_slot_deferred
face	96	plane	supported_analytic_template	strategy.surface.plane	convex_simple_region	cutout.filleted_slot_deferred
face	97	plane	supported_analytic_template	strategy.surface.plane	convex_simple_region	cutout.filleted_slot_deferred
face	98	plane	supported_analytic_template	strategy.surface.plane	concave_simple_region	cutout.filleted_slot_deferred
face	99	cylinder	deferred_residual_surface	reason.deferred_residual_surface	full_periodic_with_cap_boundaries	u_periodic;cutout.cylindrical_bore;cutout.multi_bore_cylinder_deferred;cutout.filleted_slot_deferred
face	100	cylinder	deferred_residual_surface	reason.deferred_residual_surface	full_periodic_with_cap_boundaries	u_periodic;cutout.cylindrical_bore;cutout.multi_bore_cylinder_deferred;cutout.filleted_slot_deferred
face	101	bspline	deferred_residual_surface	reason.deferred_residual_surface	convex_simple_region	mapped.non_four_sided_deferred;freeform.uv_grid_candidate
face	102	plane	supported_analytic_template	strategy.surface.plane	convex_simple_region	cutout.filleted_slot_deferred
face	103	bspline	deferred_residual_surface	reason.deferred_residual_surface	convex_simple_region	mapped.four_sided_candidate;freeform.uv_grid_candidate
face	104	bspline	deferred_residual_surface	reason.deferred_residual_surface	convex_simple_region	mapped.four_sided_candidate;freeform.uv_grid_candidate
face	105	bspline	deferred_residual_surface	reason.deferred_residual_surface	convex_simple_region	mapped.four_sided_candidate;freeform.uv_grid_candidate
face	106	bspline	deferred_residual_surface	reason.deferred_residual_surface	convex_simple_region	mapped.four_sided_candidate;freeform.uv_grid_candidate
face	107	bspline	deferred_residual_surface	reason.deferred_residual_surface	convex_simple_region	mapped.four_sided_candidate;freeform.uv_grid_candidate
face	108	bspline	deferred_residual_surface	reason.deferred_residual_surface	convex_simple_region	mapped.four_sided_candidate;freeform.uv_grid_candidate
face	109	bspline	deferred_residual_surface	reason.deferred_residual_surface	convex_simple_region	mapped.four_sided_candidate;freeform.uv_grid_candidate
face	110	plane	supported_analytic_template	strategy.surface.plane	convex_simple_region	cutout.filleted_slot_deferred
face	111	plane	supported_analytic_template	strategy.surface.plane	simple_disk	cutout.filleted_slot_deferred
face	112	cylinder	deferred_residual_surface	reason.deferred_residual_surface	full_periodic_with_cap_boundaries	u_periodic;cutout.multi_bore_cylinder_deferred;cutout.filleted_slot_deferred
face	113	cylinder	deferred_residual_surface	reason.deferred_residual_surface	full_periodic_with_cap_boundaries	u_periodic;cutout.multi_bore_cylinder_deferred;cutout.filleted_slot_deferred
face	114	plane	supported_analytic_template	strategy.surface.plane	simple_disk	cutout.filleted_slot_deferred
face	115	torus	deferred_residual_surface	reason.deferred_residual_surface	full_periodic_with_cap_boundaries	u_periodic;v_periodic
face	116	torus	deferred_residual_surface	reason.deferred_residual_surface	full_periodic_with_cap_boundaries	u_periodic;v_periodic
face	117	plane	supported_analytic_template	strategy.surface.plane	multiple_disconnected_domains	reason.multidomain_decomposition_unproven;cutout.filleted_slot_deferred
face	118	bspline	deferred_residual_surface	reason.deferred_residual_surface	convex_simple_region	mapped.non_four_sided_deferred;freeform.uv_grid_candidate
face	119	plane	supported_analytic_template	strategy.surface.plane	multiple_disconnected_domains	reason.multidomain_decomposition_unproven;cutout.filleted_slot_deferred
face	120	cylinder	deferred_residual_surface	reason.deferred_residual_surface	full_periodic_with_cap_boundaries	u_periodic;cutout.multi_bore_cylinder_deferred;cutout.filleted_slot_deferred
face	121	plane	supported_analytic_template	strategy.surface.plane	convex_simple_region	cutout.filleted_slot_deferred
face	122	cylinder	deferred_residual_surface	reason.deferred_residual_surface	full_periodic_with_cap_boundaries	u_periodic;cutout.multi_bore_cylinder_deferred;cutout.filleted_slot_deferred
face	123	plane	supported_analytic_template	strategy.surface.plane	convex_simple_region	cutout.filleted_slot_deferred
face	124	plane	supported_analytic_template	strategy.surface.plane	convex_simple_region	cutout.filleted_slot_deferred
face	125	plane	supported_analytic_template	strategy.surface.plane	convex_simple_region	cutout.filleted_slot_deferred
face	126	plane	supported_analytic_template	strategy.surface.plane	convex_simple_region	cutout.filleted_slot_deferred
face	127	plane	supported_analytic_template	strategy.surface.plane	convex_simple_region	cutout.filleted_slot_deferred
face	128	plane	supported_analytic_template	strategy.surface.plane	convex_simple_region	cutout.filleted_slot_deferred
face	129	cylinder	deferred_residual_surface	reason.deferred_residual_surface	full_periodic_with_cap_boundaries	u_periodic;cutout.cylindrical_bore;cutout.multi_bore_cylinder_deferred;cutout.filleted_slot_deferred
face	130	cylinder	deferred_residual_surface	reason.deferred_residual_surface	full_periodic_with_cap_boundaries	u_periodic;cutout.cylindrical_bore;cutout.multi_bore_cylinder_deferred;cutout.filleted_slot_deferred
face	131	plane	supported_analytic_template	strategy.surface.plane	convex_simple_region	cutout.filleted_slot_deferred
face	132	cylinder	deferred_residual_surface	reason.deferred_residual_surface	full_periodic_with_cap_boundaries	u_periodic;cutout.multi_bore_cylinder_deferred;cutout.filleted_slot_deferred
face	133	plane	supported_analytic_template	strategy.surface.plane	convex_simple_region	cutout.filleted_slot_deferred
face	134	cylinder	deferred_residual_surface	reason.deferred_residual_surface	full_periodic_with_cap_boundaries	u_periodic;cutout.multi_bore_cylinder_deferred;cutout.filleted_slot_deferred
face	135	bspline	deferred_residual_surface	reason.deferred_residual_surface	full_periodic_with_cap_boundaries	u_periodic;mapped.non_four_sided_deferred;freeform.general_deferred
face	136	bspline	deferred_residual_surface	reason.deferred_residual_surface	annulus	mapped.non_four_sided_deferred;freeform.uv_grid_candidate
face	137	bspline	deferred_residual_surface	reason.deferred_residual_surface	full_periodic_with_cap_boundaries	u_periodic;mapped.non_four_sided_deferred;freeform.general_deferred
face	138	bspline	deferred_residual_surface	reason.deferred_residual_surface	full_periodic_with_cap_boundaries	u_periodic;mapped.non_four_sided_deferred;freeform.general_deferred
face	139	bspline	deferred_residual_surface	reason.deferred_residual_surface	annulus	mapped.four_sided_candidate;freeform.uv_grid_candidate
face	140	cylinder	deferred_residual_surface	reason.deferred_residual_surface	full_periodic_with_cap_boundaries	u_periodic;cutout.multi_bore_cylinder_deferred;cutout.filleted_slot_deferred
face	141	plane	supported_analytic_template	strategy.surface.plane	convex_simple_region	cutout.filleted_slot_deferred
face	142	plane	supported_analytic_template	strategy.surface.plane	convex_simple_region	cutout.filleted_slot_deferred
face	143	torus	deferred_residual_surface	reason.deferred_residual_surface	full_periodic_with_cap_boundaries	u_periodic;v_periodic
face	144	torus	deferred_residual_surface	reason.deferred_residual_surface	full_periodic_with_cap_boundaries	u_periodic;v_periodic
face	145	cylinder	deferred_residual_surface	reason.deferred_residual_surface	full_periodic_with_cap_boundaries	u_periodic;cutout.cylindrical_bore;cutout.multi_bore_cylinder_deferred;cutout.filleted_slot_deferred
face	146	torus	deferred_residual_surface	reason.deferred_residual_surface	full_periodic_with_cap_boundaries	u_periodic;v_periodic
face	147	plane	supported_analytic_template	strategy.surface.plane	multiple_disconnected_domains	cutout.planar_perforated;reason.multidomain_decomposition_unproven;cutout.filleted_slot_deferred
face	148	torus	deferred_residual_surface	reason.deferred_residual_surface	full_periodic_with_cap_boundaries	u_periodic;v_periodic
face	149	cylinder	deferred_residual_surface	reason.deferred_residual_surface	full_periodic_with_cap_boundaries	u_periodic;cutout.cylindrical_bore;cutout.multi_bore_cylinder_deferred;cutout.filleted_slot_deferred
face	150	plane	supported_analytic_template	strategy.surface.plane	convex_simple_region	cutout.filleted_slot_deferred
face	151	plane	supported_analytic_template	strategy.surface.plane	convex_simple_region	cutout.filleted_slot_deferred
face	152	cylinder	deferred_residual_surface	reason.deferred_residual_surface	full_periodic_with_cap_boundaries	u_periodic;cutout.cylindrical_bore;cutout.multi_bore_cylinder_deferred;cutout.filleted_slot_deferred
face	153	plane	supported_analytic_template	strategy.surface.plane	multiple_disconnected_domains	reason.multidomain_decomposition_unproven;cutout.filleted_slot_deferred
face	154	plane	supported_analytic_template	strategy.surface.plane	multiple_disconnected_domains	reason.multidomain_decomposition_unproven;cutout.filleted_slot_deferred
face	155	plane	supported_analytic_template	strategy.surface.plane	multiple_disconnected_domains	reason.multidomain_decomposition_unproven;cutout.filleted_slot_deferred
face	156	cylinder	deferred_residual_surface	reason.deferred_residual_surface	full_periodic_with_cap_boundaries	u_periodic;cutout.cylindrical_bore;cutout.multi_bore_cylinder_deferred;cutout.filleted_slot_deferred
face	157	torus	deferred_residual_surface	reason.deferred_residual_surface	full_periodic_with_cap_boundaries	u_periodic;v_periodic
face	158	cylinder	deferred_residual_surface	reason.deferred_residual_surface	full_periodic_with_cap_boundaries	u_periodic;cutout.cylindrical_bore;cutout.multi_bore_cylinder_deferred;cutout.filleted_slot_deferred
face	159	cylinder	deferred_residual_surface	reason.deferred_residual_surface	full_periodic_with_cap_boundaries	u_periodic;cutout.cylindrical_bore;cutout.multi_bore_cylinder_deferred;cutout.filleted_slot_deferred
face	160	cylinder	deferred_residual_surface	reason.deferred_residual_surface	full_periodic_with_cap_boundaries	u_periodic;cutout.cylindrical_bore;cutout.multi_bore_cylinder_deferred;cutout.filleted_slot_deferred
face	161	plane	supported_analytic_template	strategy.surface.plane	multiple_disconnected_domains	reason.multidomain_decomposition_unproven;cutout.filleted_slot_deferred
face	162	plane	supported_analytic_template	strategy.surface.plane	multiple_disconnected_domains	reason.multidomain_decomposition_unproven;cutout.filleted_slot_deferred
face	163	plane	supported_analytic_template	strategy.surface.plane	concave_simple_region	cutout.filleted_slot_deferred
face	164	plane	supported_analytic_template	strategy.surface.plane	multiple_disconnected_domains	reason.multidomain_decomposition_unproven;cutout.filleted_slot_deferred
face	165	plane	supported_analytic_template	strategy.surface.plane	multiple_disconnected_domains	reason.multidomain_decomposition_unproven;cutout.filleted_slot_deferred
face	166	plane	supported_analytic_template	strategy.surface.plane	multiple_disconnected_domains	reason.multidomain_decomposition_unproven;cutout.filleted_slot_deferred
face	167	plane	supported_analytic_template	strategy.surface.plane	multiple_disconnected_domains	reason.multidomain_decomposition_unproven;cutout.filleted_slot_deferred
face	168	plane	supported_analytic_template	strategy.surface.plane	multiple_disconnected_domains	reason.multidomain_decomposition_unproven;cutout.filleted_slot_deferred
face	169	plane	supported_analytic_template	strategy.surface.plane	multiple_disconnected_domains	reason.multidomain_decomposition_unproven;cutout.filleted_slot_deferred
face	170	plane	supported_analytic_template	strategy.surface.plane	multiple_disconnected_domains	reason.multidomain_decomposition_unproven;cutout.filleted_slot_deferred
face	171	plane	supported_analytic_template	strategy.surface.plane	multiple_disconnected_domains	reason.multidomain_decomposition_unproven;cutout.filleted_slot_deferred
face	172	plane	supported_analytic_template	strategy.surface.plane	multiple_disconnected_domains	reason.multidomain_decomposition_unproven;cutout.filleted_slot_deferred
face	173	plane	supported_analytic_template	strategy.surface.plane	multiple_disconnected_domains	reason.multidomain_decomposition_unproven;cutout.filleted_slot_deferred
face	174	plane	supported_analytic_template	strategy.surface.plane	multiple_disconnected_domains	reason.multidomain_decomposition_unproven;cutout.filleted_slot_deferred
face	175	cylinder	deferred_residual_surface	reason.deferred_residual_surface	full_periodic_with_cap_boundaries	u_periodic;cutout.cylindrical_bore;cutout.multi_bore_cylinder_deferred;cutout.filleted_slot_deferred
face	176	plane	supported_analytic_template	strategy.surface.plane	multiple_disconnected_domains	reason.multidomain_decomposition_unproven;cutout.filleted_slot_deferred
face	177	cylinder	deferred_residual_surface	reason.deferred_residual_surface	full_periodic_with_cap_boundaries	u_periodic;cutout.cylindrical_bore;cutout.multi_bore_cylinder_deferred;cutout.filleted_slot_deferred
face	178	plane	supported_analytic_template	strategy.surface.plane	multiple_disconnected_domains	reason.multidomain_decomposition_unproven;cutout.filleted_slot_deferred
face	179	cylinder	deferred_residual_surface	reason.deferred_residual_surface	full_periodic_with_cap_boundaries	u_periodic;cutout.cylindrical_bore;cutout.multi_bore_cylinder_deferred;cutout.filleted_slot_deferred
face	180	plane	supported_analytic_template	strategy.surface.plane	multiple_disconnected_domains	reason.multidomain_decomposition_unproven;cutout.filleted_slot_deferred
face	181	cylinder	deferred_residual_surface	reason.deferred_residual_surface	full_periodic_with_cap_boundaries	u_periodic;cutout.cylindrical_bore;cutout.multi_bore_cylinder_deferred;cutout.filleted_slot_deferred
face	182	bspline	deferred_residual_surface	reason.deferred_residual_surface	convex_simple_region	mapped.four_sided_candidate;freeform.uv_grid_candidate
face	183	bspline	deferred_residual_surface	reason.deferred_residual_surface	convex_simple_region	mapped.four_sided_candidate;freeform.uv_grid_candidate
face	184	bspline	deferred_residual_surface	reason.deferred_residual_surface	convex_simple_region	mapped.four_sided_candidate;freeform.uv_grid_candidate
face	185	bspline	deferred_residual_surface	reason.deferred_residual_surface	convex_simple_region	mapped.four_sided_candidate;freeform.uv_grid_candidate
face	186	bspline	deferred_residual_surface	reason.deferred_residual_surface	full_periodic_with_cap_boundaries	v_periodic;mapped.non_four_sided_deferred;freeform.general_deferred
face	187	bspline	deferred_residual_surface	reason.deferred_residual_surface	full_periodic_with_cap_boundaries	v_periodic;mapped.non_four_sided_deferred;freeform.general_deferred
face	188	plane	supported_analytic_template	strategy.surface.plane	multiple_disconnected_domains	reason.multidomain_decomposition_unproven;cutout.filleted_slot_deferred
face	189	plane	supported_analytic_template	strategy.surface.plane	multiple_disconnected_domains	reason.multidomain_decomposition_unproven;cutout.filleted_slot_deferred
face	190	plane	supported_analytic_template	strategy.surface.plane	multiple_disconnected_domains	reason.multidomain_decomposition_unproven;cutout.filleted_slot_deferred
face	191	plane	supported_analytic_template	strategy.surface.plane	multiple_disconnected_domains	reason.multidomain_decomposition_unproven;cutout.filleted_slot_deferred
face	192	cylinder	deferred_residual_surface	reason.deferred_residual_surface	full_periodic_with_cap_boundaries	u_periodic;cutout.cylindrical_bore;cutout.multi_bore_cylinder_deferred;cutout.filleted_slot_deferred
face	193	cylinder	deferred_residual_surface	reason.deferred_residual_surface	full_periodic_with_cap_boundaries	u_periodic;cutout.cylindrical_bore;cutout.multi_bore_cylinder_deferred;cutout.filleted_slot_deferred
face	194	bspline	deferred_residual_surface	reason.deferred_residual_surface	convex_simple_region	mapped.non_four_sided_deferred;freeform.uv_grid_candidate
face	195	bspline	deferred_residual_surface	reason.deferred_residual_surface	convex_simple_region	mapped.non_four_sided_deferred;freeform.uv_grid_candidate
face	196	bspline	deferred_residual_surface	reason.deferred_residual_surface	annulus	mapped.non_four_sided_deferred;freeform.uv_grid_candidate
face	197	plane	supported_analytic_template	strategy.surface.plane	multiple_disconnected_domains	reason.multidomain_decomposition_unproven;cutout.filleted_slot_deferred
face	198	bspline	deferred_residual_surface	reason.deferred_residual_surface	convex_simple_region	mapped.four_sided_candidate;freeform.uv_grid_candidate
face	199	plane	supported_analytic_template	strategy.surface.plane	multiple_disconnected_domains	reason.multidomain_decomposition_unproven;cutout.filleted_slot_deferred
face	200	plane	supported_analytic_template	strategy.surface.plane	self_intersecting_or_invalid	cutout.filleted_slot_deferred
face	201	plane	supported_analytic_template	strategy.surface.plane	multiple_disconnected_domains	reason.multidomain_decomposition_unproven;cutout.filleted_slot_deferred
face	202	plane	supported_analytic_template	strategy.surface.plane	multiple_disconnected_domains	reason.multidomain_decomposition_unproven;cutout.filleted_slot_deferred
face	203	plane	supported_analytic_template	strategy.surface.plane	multiple_disconnected_domains	reason.multidomain_decomposition_unproven;cutout.filleted_slot_deferred
face	204	plane	supported_analytic_template	strategy.surface.plane	convex_simple_region	cutout.filleted_slot_deferred
face	205	plane	supported_analytic_template	strategy.surface.plane	multiple_disconnected_domains	reason.multidomain_decomposition_unproven;cutout.filleted_slot_deferred
face	206	plane	supported_analytic_template	strategy.surface.plane	multiple_disconnected_domains	reason.multidomain_decomposition_unproven;cutout.filleted_slot_deferred
face	207	bspline	deferred_residual_surface	reason.deferred_residual_surface	convex_simple_region	mapped.four_sided_candidate;freeform.uv_grid_candidate
face	208	plane	supported_analytic_template	strategy.surface.plane	multiple_disconnected_domains	reason.multidomain_decomposition_unproven;cutout.filleted_slot_deferred
face	209	plane	supported_analytic_template	strategy.surface.plane	self_intersecting_or_invalid	cutout.filleted_slot_deferred
face	210	plane	supported_analytic_template	strategy.surface.plane	convex_simple_region	cutout.filleted_slot_deferred
face	211	plane	supported_analytic_template	strategy.surface.plane	multiple_disconnected_domains	reason.multidomain_decomposition_unproven;cutout.filleted_slot_deferred
face	212	bspline	deferred_residual_surface	reason.deferred_residual_surface	convex_simple_region	mapped.four_sided_candidate;freeform.uv_grid_candidate
face	213	plane	supported_analytic_template	strategy.surface.plane	multiple_disconnected_domains	reason.multidomain_decomposition_unproven;cutout.filleted_slot_deferred
face	214	plane	supported_analytic_template	strategy.surface.plane	self_intersecting_or_invalid	cutout.filleted_slot_deferred
face	215	plane	supported_analytic_template	strategy.surface.plane	convex_simple_region	cutout.filleted_slot_deferred
face	216	plane	supported_analytic_template	strategy.surface.plane	multiple_disconnected_domains	reason.multidomain_decomposition_unproven;cutout.filleted_slot_deferred
face	217	bspline	deferred_residual_surface	reason.deferred_residual_surface	convex_simple_region	mapped.four_sided_candidate;freeform.uv_grid_candidate
face	218	plane	supported_analytic_template	strategy.surface.plane	multiple_disconnected_domains	reason.multidomain_decomposition_unproven;cutout.filleted_slot_deferred
face	219	plane	supported_analytic_template	strategy.surface.plane	self_intersecting_or_invalid	cutout.filleted_slot_deferred
face	220	plane	supported_analytic_template	strategy.surface.plane	self_intersecting_or_invalid	cutout.filleted_slot_deferred
face	221	plane	supported_analytic_template	strategy.surface.plane	multiple_disconnected_domains	reason.multidomain_decomposition_unproven;cutout.filleted_slot_deferred
face	222	bspline	deferred_residual_surface	reason.deferred_residual_surface	convex_simple_region	mapped.four_sided_candidate;freeform.uv_grid_candidate
face	223	plane	supported_analytic_template	strategy.surface.plane	multiple_disconnected_domains	reason.multidomain_decomposition_unproven;cutout.filleted_slot_deferred
face	224	plane	supported_analytic_template	strategy.surface.plane	convex_simple_region	cutout.filleted_slot_deferred
face	225	plane	supported_analytic_template	strategy.surface.plane	convex_simple_region	cutout.filleted_slot_deferred
face	226	bspline	deferred_residual_surface	reason.deferred_residual_surface	annulus	mapped.non_four_sided_deferred;freeform.uv_grid_candidate
face	227	plane	supported_analytic_template	strategy.surface.plane	multiple_disconnected_domains	reason.multidomain_decomposition_unproven;cutout.filleted_slot_deferred
face	228	bspline	deferred_residual_surface	reason.deferred_residual_surface	convex_simple_region	mapped.four_sided_candidate;freeform.uv_grid_candidate
face	229	plane	supported_analytic_template	strategy.surface.plane	multiple_disconnected_domains	reason.multidomain_decomposition_unproven;cutout.filleted_slot_deferred
face	230	plane	supported_analytic_template	strategy.surface.plane	convex_simple_region	cutout.filleted_slot_deferred
face	231	plane	supported_analytic_template	strategy.surface.plane	multiple_disconnected_domains	reason.multidomain_decomposition_unproven;cutout.filleted_slot_deferred
face	232	plane	supported_analytic_template	strategy.surface.plane	multiple_disconnected_domains	reason.multidomain_decomposition_unproven;cutout.filleted_slot_deferred
face	233	plane	supported_analytic_template	strategy.surface.plane	multiple_disconnected_domains	reason.multidomain_decomposition_unproven;cutout.filleted_slot_deferred
face	234	plane	supported_analytic_template	strategy.surface.plane	convex_simple_region	cutout.filleted_slot_deferred
face	235	plane	supported_analytic_template	strategy.surface.plane	multiple_disconnected_domains	reason.multidomain_decomposition_unproven;cutout.filleted_slot_deferred
face	236	bspline	deferred_residual_surface	reason.deferred_residual_surface	convex_simple_region	mapped.four_sided_candidate;freeform.uv_grid_candidate
face	237	offset	deferred_residual_surface	reason.deferred_residual_surface	ambiguous_nesting_or_orientation	
face	238	plane	supported_analytic_template	strategy.surface.plane	self_intersecting_or_invalid	cutout.filleted_slot_deferred
face	239	plane	supported_analytic_template	strategy.surface.plane	self_intersecting_or_invalid	cutout.filleted_slot_deferred
face	240	plane	supported_analytic_template	strategy.surface.plane	multiple_disconnected_domains	reason.multidomain_decomposition_unproven;cutout.filleted_slot_deferred
face	241	bspline	deferred_residual_surface	reason.deferred_residual_surface	convex_simple_region	mapped.four_sided_candidate;freeform.uv_grid_candidate
face	242	plane	supported_analytic_template	strategy.surface.plane	multiple_disconnected_domains	reason.multidomain_decomposition_unproven;cutout.filleted_slot_deferred
face	243	bspline	deferred_residual_surface	reason.deferred_residual_surface	convex_simple_region	mapped.four_sided_candidate;freeform.uv_grid_candidate
face	244	plane	supported_analytic_template	strategy.surface.plane	multiple_disconnected_domains	reason.multidomain_decomposition_unproven;cutout.filleted_slot_deferred
face	245	plane	supported_analytic_template	strategy.surface.plane	multiple_disconnected_domains	reason.multidomain_decomposition_unproven;cutout.filleted_slot_deferred
face	246	plane	supported_analytic_template	strategy.surface.plane	multiple_disconnected_domains	reason.multidomain_decomposition_unproven;cutout.filleted_slot_deferred
face	247	bspline	deferred_residual_surface	reason.deferred_residual_surface	convex_simple_region	mapped.four_sided_candidate;freeform.uv_grid_candidate
face	248	plane	supported_analytic_template	strategy.surface.plane	multiple_disconnected_domains	reason.multidomain_decomposition_unproven;cutout.filleted_slot_deferred
face	249	bspline	deferred_residual_surface	reason.deferred_residual_surface	convex_simple_region	mapped.four_sided_candidate;freeform.uv_grid_candidate
face	250	offset	deferred_residual_surface	reason.deferred_residual_surface	convex_simple_region	
face	251	plane	supported_analytic_template	strategy.surface.plane	multiple_disconnected_domains	reason.multidomain_decomposition_unproven;cutout.filleted_slot_deferred
face	252	offset	deferred_residual_surface	reason.deferred_residual_surface	convex_simple_region	
face	253	plane	supported_analytic_template	strategy.surface.plane	multiple_disconnected_domains	reason.multidomain_decomposition_unproven;cutout.filleted_slot_deferred
face	254	plane	supported_analytic_template	strategy.surface.plane	multiple_disconnected_domains	reason.multidomain_decomposition_unproven;cutout.filleted_slot_deferred
face	255	plane	supported_analytic_template	strategy.surface.plane	multiple_disconnected_domains	reason.multidomain_decomposition_unproven;cutout.filleted_slot_deferred
face	256	plane	supported_analytic_template	strategy.surface.plane	multiple_disconnected_domains	reason.multidomain_decomposition_unproven;cutout.filleted_slot_deferred
face	257	plane	supported_analytic_template	strategy.surface.plane	multiple_disconnected_domains	reason.multidomain_decomposition_unproven;cutout.filleted_slot_deferred
face	258	plane	supported_analytic_template	strategy.surface.plane	concave_simple_region	cutout.filleted_slot_deferred
face	259	bspline	deferred_residual_surface	reason.deferred_residual_surface	full_periodic_with_cap_boundaries	u_periodic;mapped.non_four_sided_deferred;freeform.general_deferred
face	260	bspline	deferred_residual_surface	reason.deferred_residual_surface	annulus	mapped.non_four_sided_deferred;freeform.uv_grid_candidate
face	261	bspline	deferred_residual_surface	reason.deferred_residual_surface	full_periodic_with_cap_boundaries	u_periodic;mapped.non_four_sided_deferred;freeform.general_deferred
face	262	bspline	deferred_residual_surface	reason.deferred_residual_surface	full_periodic_with_cap_boundaries	u_periodic;mapped.non_four_sided_deferred;freeform.general_deferred
face	263	bspline	deferred_residual_surface	reason.deferred_residual_surface	annulus	mapped.four_sided_candidate;freeform.uv_grid_candidate
face	264	plane	supported_analytic_template	strategy.surface.plane	simple_disk	cutout.filleted_slot_deferred
face	265	cylinder	deferred_residual_surface	reason.deferred_residual_surface	full_periodic_with_cap_boundaries	u_periodic;cutout.multi_bore_cylinder_deferred;cutout.filleted_slot_deferred
face	266	plane	supported_analytic_template	strategy.surface.plane	annulus	cutout.planar_perforated;cutout.filleted_slot_deferred
face	267	plane	supported_analytic_template	strategy.surface.plane	annulus	cutout.planar_perforated;cutout.filleted_slot_deferred
face	268	cylinder	deferred_residual_surface	reason.deferred_residual_surface	full_periodic_with_cap_boundaries	u_periodic;cutout.cylindrical_bore;cutout.multi_bore_cylinder_deferred;cutout.filleted_slot_deferred
face	269	cylinder	deferred_residual_surface	reason.deferred_residual_surface	full_periodic_with_cap_boundaries	u_periodic;cutout.cylindrical_bore;cutout.multi_bore_cylinder_deferred;cutout.filleted_slot_deferred
face	270	plane	supported_analytic_template	strategy.surface.plane	simple_disk	cutout.filleted_slot_deferred
face	271	plane	supported_analytic_template	strategy.surface.plane	simple_disk	cutout.filleted_slot_deferred
face	272	plane	supported_analytic_template	strategy.surface.plane	simple_disk	cutout.filleted_slot_deferred
face	273	cylinder	deferred_residual_surface	reason.deferred_residual_surface	full_periodic_with_cap_boundaries	u_periodic;cutout.multi_bore_cylinder_deferred;cutout.filleted_slot_deferred
face	274	cone	deferred_residual_surface	reason.deferred_residual_surface	full_periodic_with_cap_boundaries	u_periodic
face	275	plane	supported_analytic_template	strategy.surface.plane	simple_disk	cutout.filleted_slot_deferred
face	276	cylinder	deferred_residual_surface	reason.deferred_residual_surface	full_periodic_with_cap_boundaries	u_periodic;cutout.cylindrical_bore;cutout.multi_bore_cylinder_deferred;cutout.filleted_slot_deferred
face	277	plane	supported_analytic_template	strategy.surface.plane	multiply_perforated_disk	cutout.planar_perforated;cutout.filleted_slot_deferred
face	278	plane	supported_analytic_template	strategy.surface.plane	multiple_disconnected_domains	cutout.planar_perforated;reason.multidomain_decomposition_unproven;cutout.filleted_slot_deferred
face	279	cylinder	deferred_residual_surface	reason.deferred_residual_surface	full_periodic_with_cap_boundaries	u_periodic;cutout.cylindrical_bore;cutout.multi_bore_cylinder_deferred;cutout.filleted_slot_deferred
face	280	plane	supported_analytic_template	strategy.surface.plane	concave_simple_region	cutout.filleted_slot_deferred
face	281	plane	supported_analytic_template	strategy.surface.plane	convex_simple_region	cutout.filleted_slot_deferred
face	282	plane	supported_analytic_template	strategy.surface.plane	convex_simple_region	cutout.filleted_slot_deferred
face	283	plane	supported_analytic_template	strategy.surface.plane	convex_simple_region	cutout.filleted_slot_deferred
face	284	plane	supported_analytic_template	strategy.surface.plane	convex_simple_region	cutout.filleted_slot_deferred
face	285	plane	supported_analytic_template	strategy.surface.plane	concave_simple_region	cutout.filleted_slot_deferred
face	286	cylinder	deferred_residual_surface	reason.deferred_residual_surface	full_periodic_with_cap_boundaries	u_periodic;cutout.cylindrical_bore;cutout.multi_bore_cylinder_deferred;cutout.filleted_slot_deferred
face	287	cylinder	deferred_residual_surface	reason.deferred_residual_surface	full_periodic_with_cap_boundaries	u_periodic;cutout.cylindrical_bore;cutout.multi_bore_cylinder_deferred;cutout.filleted_slot_deferred
face	288	cylinder	deferred_residual_surface	reason.deferred_residual_surface	full_periodic_with_cap_boundaries	u_periodic;cutout.cylindrical_bore;cutout.multi_bore_cylinder_deferred;cutout.filleted_slot_deferred
face	289	plane	supported_analytic_template	strategy.surface.plane	concave_simple_region	cutout.filleted_slot_deferred
face	290	plane	supported_analytic_template	strategy.surface.plane	multiple_disconnected_domains	reason.multidomain_decomposition_unproven;cutout.filleted_slot_deferred
face	291	plane	supported_analytic_template	strategy.surface.plane	multiple_disconnected_domains	reason.multidomain_decomposition_unproven;cutout.filleted_slot_deferred
face	292	plane	supported_analytic_template	strategy.surface.plane	multiple_disconnected_domains	reason.multidomain_decomposition_unproven;cutout.filleted_slot_deferred
face	293	plane	supported_analytic_template	strategy.surface.plane	multiple_disconnected_domains	reason.multidomain_decomposition_unproven;cutout.filleted_slot_deferred
face	294	cylinder	deferred_residual_surface	reason.deferred_residual_surface	full_periodic_with_cap_boundaries	u_periodic;cutout.cylindrical_bore;cutout.multi_bore_cylinder_deferred;cutout.filleted_slot_deferred
face	295	cylinder	deferred_residual_surface	reason.deferred_residual_surface	full_periodic_with_cap_boundaries	u_periodic;cutout.cylindrical_bore;cutout.multi_bore_cylinder_deferred;cutout.filleted_slot_deferred
face	296	cylinder	deferred_residual_surface	reason.deferred_residual_surface	full_periodic_with_cap_boundaries	u_periodic;cutout.cylindrical_bore;cutout.multi_bore_cylinder_deferred;cutout.filleted_slot_deferred
face	297	cylinder	deferred_residual_surface	reason.deferred_residual_surface	full_periodic_with_cap_boundaries	u_periodic;cutout.cylindrical_bore;cutout.multi_bore_cylinder_deferred;cutout.filleted_slot_deferred
face	298	cylinder	deferred_residual_surface	reason.deferred_residual_surface	full_periodic_with_cap_boundaries	u_periodic;cutout.cylindrical_bore;cutout.multi_bore_cylinder_deferred;cutout.filleted_slot_deferred
face	299	cylinder	deferred_residual_surface	reason.deferred_residual_surface	full_periodic_with_cap_boundaries	u_periodic;cutout.cylindrical_bore;cutout.multi_bore_cylinder_deferred;cutout.filleted_slot_deferred
face	300	plane	supported_analytic_template	strategy.surface.plane	multiple_disconnected_domains	reason.multidomain_decomposition_unproven;cutout.filleted_slot_deferred
face	301	plane	supported_analytic_template	strategy.surface.plane	multiple_disconnected_domains	reason.multidomain_decomposition_unproven;cutout.filleted_slot_deferred
face	302	cylinder	deferred_residual_surface	reason.deferred_residual_surface	full_periodic_with_cap_boundaries	u_periodic;cutout.cylindrical_bore;cutout.multi_bore_cylinder_deferred;cutout.filleted_slot_deferred
face	303	cylinder	deferred_residual_surface	reason.deferred_residual_surface	full_periodic_with_cap_boundaries	u_periodic;cutout.cylindrical_bore;cutout.multi_bore_cylinder_deferred;cutout.filleted_slot_deferred
face	304	plane	supported_analytic_template	strategy.surface.plane	convex_simple_region	cutout.filleted_slot_deferred
face	305	cylinder	deferred_residual_surface	reason.deferred_residual_surface	full_periodic_with_cap_boundaries	u_periodic;cutout.cylindrical_bore;cutout.multi_bore_cylinder_deferred;cutout.filleted_slot_deferred
face	306	plane	supported_analytic_template	strategy.surface.plane	multiple_disconnected_domains	reason.multidomain_decomposition_unproven;cutout.filleted_slot_deferred
face	307	bspline	deferred_residual_surface	reason.deferred_residual_surface	convex_simple_region	mapped.non_four_sided_deferred;freeform.uv_grid_candidate
face	308	plane	supported_analytic_template	strategy.surface.plane	multiple_disconnected_domains	reason.multidomain_decomposition_unproven;cutout.filleted_slot_deferred
face	309	plane	supported_analytic_template	strategy.surface.plane	annulus	cutout.planar_perforated;cutout.filleted_slot_deferred
face	310	plane	supported_analytic_template	strategy.surface.plane	multiple_disconnected_domains	reason.multidomain_decomposition_unproven;cutout.filleted_slot_deferred
face	311	cylinder	deferred_residual_surface	reason.deferred_residual_surface	full_periodic_with_cap_boundaries	u_periodic;cutout.cylindrical_bore;cutout.multi_bore_cylinder_deferred;cutout.filleted_slot_deferred
face	312	bspline	deferred_residual_surface	reason.deferred_residual_surface	convex_simple_region	mapped.four_sided_candidate;freeform.uv_grid_candidate
face	313	plane	supported_analytic_template	strategy.surface.plane	multiple_disconnected_domains	reason.multidomain_decomposition_unproven;cutout.filleted_slot_deferred
face	314	plane	supported_analytic_template	strategy.surface.plane	multiple_disconnected_domains	reason.multidomain_decomposition_unproven;cutout.filleted_slot_deferred
face	315	plane	supported_analytic_template	strategy.surface.plane	multiple_disconnected_domains	reason.multidomain_decomposition_unproven;cutout.filleted_slot_deferred
face	316	plane	supported_analytic_template	strategy.surface.plane	multiple_disconnected_domains	reason.multidomain_decomposition_unproven;cutout.filleted_slot_deferred
face	317	cylinder	deferred_residual_surface	reason.deferred_residual_surface	full_periodic_with_cap_boundaries	u_periodic;cutout.cylindrical_bore;cutout.multi_bore_cylinder_deferred;cutout.filleted_slot_deferred
face	318	cylinder	deferred_residual_surface	reason.deferred_residual_surface	full_periodic_with_cap_boundaries	u_periodic;cutout.cylindrical_bore;cutout.multi_bore_cylinder_deferred;cutout.filleted_slot_deferred
face	319	cylinder	deferred_residual_surface	reason.deferred_residual_surface	full_periodic_with_cap_boundaries	u_periodic;cutout.cylindrical_bore;cutout.multi_bore_cylinder_deferred;cutout.filleted_slot_deferred
face	320	cylinder	deferred_residual_surface	reason.deferred_residual_surface	full_periodic_with_cap_boundaries	u_periodic;cutout.cylindrical_bore;cutout.multi_bore_cylinder_deferred;cutout.filleted_slot_deferred
face	321	cylinder	deferred_residual_surface	reason.deferred_residual_surface	full_periodic_with_cap_boundaries	u_periodic;cutout.cylindrical_bore;cutout.multi_bore_cylinder_deferred;cutout.filleted_slot_deferred
face	322	cylinder	deferred_residual_surface	reason.deferred_residual_surface	full_periodic_with_cap_boundaries	u_periodic;cutout.cylindrical_bore;cutout.multi_bore_cylinder_deferred;cutout.filleted_slot_deferred
face	323	plane	supported_analytic_template	strategy.surface.plane	multiple_disconnected_domains	reason.multidomain_decomposition_unproven;cutout.filleted_slot_deferred
face	324	plane	supported_analytic_template	strategy.surface.plane	multiple_disconnected_domains	reason.multidomain_decomposition_unproven;cutout.filleted_slot_deferred
face	325	cylinder	deferred_residual_surface	reason.deferred_residual_surface	full_periodic_with_cap_boundaries	u_periodic;cutout.cylindrical_bore;cutout.multi_bore_cylinder_deferred;cutout.filleted_slot_deferred
face	326	cylinder	deferred_residual_surface	reason.deferred_residual_surface	full_periodic_with_cap_boundaries	u_periodic;cutout.cylindrical_bore;cutout.multi_bore_cylinder_deferred;cutout.filleted_slot_deferred
face	327	cylinder	deferred_residual_surface	reason.deferred_residual_surface	full_periodic_with_cap_boundaries	u_periodic;cutout.cylindrical_bore;cutout.multi_bore_cylinder_deferred;cutout.filleted_slot_deferred
face	328	cylinder	deferred_residual_surface	reason.deferred_residual_surface	full_periodic_with_cap_boundaries	u_periodic;cutout.cylindrical_bore;cutout.multi_bore_cylinder_deferred;cutout.filleted_slot_deferred
face	329	plane	supported_analytic_template	strategy.surface.plane	multiple_disconnected_domains	cutout.planar_perforated;reason.multidomain_decomposition_unproven;cutout.filleted_slot_deferred
face	330	plane	supported_analytic_template	strategy.surface.plane	multiple_disconnected_domains	reason.multidomain_decomposition_unproven;cutout.filleted_slot_deferred
face	331	plane	supported_analytic_template	strategy.surface.plane	multiple_disconnected_domains	reason.multidomain_decomposition_unproven;cutout.filleted_slot_deferred
face	332	plane	supported_analytic_template	strategy.surface.plane	annulus	cutout.planar_perforated;cutout.filleted_slot_deferred
face	333	plane	supported_analytic_template	strategy.surface.plane	multiple_disconnected_domains	reason.multidomain_decomposition_unproven;cutout.filleted_slot_deferred
face	334	cylinder	deferred_residual_surface	reason.deferred_residual_surface	full_periodic_with_cap_boundaries	u_periodic;cutout.cylindrical_bore;cutout.multi_bore_cylinder_deferred;cutout.filleted_slot_deferred
face	335	bspline	deferred_residual_surface	reason.deferred_residual_surface	convex_simple_region	mapped.four_sided_candidate;freeform.uv_grid_candidate
face	336	cylinder	deferred_residual_surface	reason.deferred_residual_surface	full_periodic_with_cap_boundaries	u_periodic;cutout.cylindrical_bore;cutout.multi_bore_cylinder_deferred;cutout.filleted_slot_deferred
face	337	cylinder	deferred_residual_surface	reason.deferred_residual_surface	full_periodic_with_cap_boundaries	u_periodic;cutout.cylindrical_bore;cutout.multi_bore_cylinder_deferred;cutout.filleted_slot_deferred
face	338	cylinder	deferred_residual_surface	reason.deferred_residual_surface	full_periodic_with_cap_boundaries	u_periodic;cutout.cylindrical_bore;cutout.multi_bore_cylinder_deferred;cutout.filleted_slot_deferred
face	339	cylinder	deferred_residual_surface	reason.deferred_residual_surface	full_periodic_with_cap_boundaries	u_periodic;cutout.cylindrical_bore;cutout.multi_bore_cylinder_deferred;cutout.filleted_slot_deferred
face	340	bspline	deferred_residual_surface	reason.deferred_residual_surface	convex_simple_region	mapped.four_sided_candidate;freeform.uv_grid_candidate
face	341	bspline	deferred_residual_surface	reason.deferred_residual_surface	convex_simple_region	mapped.four_sided_candidate;freeform.uv_grid_candidate
face	342	cylinder	deferred_residual_surface	reason.deferred_residual_surface	full_periodic_with_cap_boundaries	u_periodic;cutout.cylindrical_bore;cutout.multi_bore_cylinder_deferred;cutout.filleted_slot_deferred
face	343	cylinder	deferred_residual_surface	reason.deferred_residual_surface	full_periodic_with_cap_boundaries	u_periodic;cutout.cylindrical_bore;cutout.multi_bore_cylinder_deferred;cutout.filleted_slot_deferred
face	344	cylinder	deferred_residual_surface	reason.deferred_residual_surface	full_periodic_with_cap_boundaries	u_periodic;cutout.cylindrical_bore;cutout.multi_bore_cylinder_deferred;cutout.filleted_slot_deferred
face	345	plane	supported_analytic_template	strategy.surface.plane	simple_disk	cutout.filleted_slot_deferred
face	346	cylinder	deferred_residual_surface	reason.deferred_residual_surface	full_periodic_with_cap_boundaries	u_periodic;cutout.cylindrical_bore;cutout.multi_bore_cylinder_deferred;cutout.filleted_slot_deferred
face	347	plane	supported_analytic_template	strategy.surface.plane	convex_simple_region	cutout.filleted_slot_deferred
face	348	cylinder	deferred_residual_surface	reason.deferred_residual_surface	full_periodic_with_cap_boundaries	u_periodic;cutout.cylindrical_bore;cutout.multi_bore_cylinder_deferred;cutout.filleted_slot_deferred
face	349	plane	supported_analytic_template	strategy.surface.plane	multiple_disconnected_domains	reason.multidomain_decomposition_unproven;cutout.filleted_slot_deferred
face	350	plane	supported_analytic_template	strategy.surface.plane	convex_simple_region	cutout.filleted_slot_deferred
face	351	cylinder	deferred_residual_surface	reason.deferred_residual_surface	full_periodic_with_cap_boundaries	u_periodic;cutout.cylindrical_bore;cutout.multi_bore_cylinder_deferred;cutout.filleted_slot_deferred
face	352	plane	supported_analytic_template	strategy.surface.plane	convex_simple_region	cutout.filleted_slot_deferred
face	353	cylinder	deferred_residual_surface	reason.deferred_residual_surface	full_periodic_with_cap_boundaries	u_periodic;cutout.cylindrical_bore;cutout.multi_bore_cylinder_deferred;cutout.filleted_slot_deferred
face	354	bspline	deferred_residual_surface	reason.deferred_residual_surface	convex_simple_region	mapped.non_four_sided_deferred;freeform.uv_grid_candidate
face	355	bspline	deferred_residual_surface	reason.deferred_residual_surface	convex_simple_region	mapped.non_four_sided_deferred;freeform.uv_grid_candidate
face	356	bspline	deferred_residual_surface	reason.deferred_residual_surface	convex_simple_region	mapped.non_four_sided_deferred;freeform.uv_grid_candidate
face	357	bspline	deferred_residual_surface	reason.deferred_residual_surface	convex_simple_region	mapped.non_four_sided_deferred;freeform.uv_grid_candidate
face	358	bspline	deferred_residual_surface	reason.deferred_residual_surface	convex_simple_region	mapped.non_four_sided_deferred;freeform.uv_grid_candidate
face	359	cylinder	deferred_residual_surface	reason.deferred_residual_surface	full_periodic_with_cap_boundaries	u_periodic;cutout.cylindrical_bore;cutout.multi_bore_cylinder_deferred;cutout.filleted_slot_deferred
face	360	plane	supported_analytic_template	strategy.surface.plane	convex_simple_region	cutout.filleted_slot_deferred
face	361	cylinder	deferred_residual_surface	reason.deferred_residual_surface	full_periodic_with_cap_boundaries	u_periodic;cutout.cylindrical_bore;cutout.multi_bore_cylinder_deferred;cutout.filleted_slot_deferred
face	362	plane	supported_analytic_template	strategy.surface.plane	concave_simple_region	cutout.filleted_slot_deferred
face	363	plane	supported_analytic_template	strategy.surface.plane	convex_simple_region	cutout.filleted_slot_deferred
face	364	cylinder	deferred_residual_surface	reason.deferred_residual_surface	full_periodic_with_cap_boundaries	u_periodic;cutout.cylindrical_bore;cutout.multi_bore_cylinder_deferred;cutout.filleted_slot_deferred
face	365	plane	supported_analytic_template	strategy.surface.plane	convex_simple_region	cutout.filleted_slot_deferred
face	366	cylinder	deferred_residual_surface	reason.deferred_residual_surface	full_periodic_with_cap_boundaries	u_periodic;cutout.cylindrical_bore;cutout.multi_bore_cylinder_deferred;cutout.filleted_slot_deferred
face	367	plane	supported_analytic_template	strategy.surface.plane	convex_simple_region	cutout.filleted_slot_deferred
face	368	cylinder	deferred_residual_surface	reason.deferred_residual_surface	full_periodic_with_cap_boundaries	u_periodic;cutout.cylindrical_bore;cutout.multi_bore_cylinder_deferred;cutout.filleted_slot_deferred
face	369	bspline	deferred_residual_surface	reason.deferred_residual_surface	convex_simple_region	mapped.non_four_sided_deferred;freeform.uv_grid_candidate
face	370	plane	supported_analytic_template	strategy.surface.plane	self_intersecting_or_invalid	cutout.filleted_slot_deferred
face	371	cylinder	deferred_residual_surface	reason.deferred_residual_surface	full_periodic_with_cap_boundaries	u_periodic;cutout.cylindrical_bore;cutout.multi_bore_cylinder_deferred;cutout.filleted_slot_deferred
face	372	cylinder	deferred_residual_surface	reason.deferred_residual_surface	full_periodic_with_cap_boundaries	u_periodic;cutout.cylindrical_bore;cutout.multi_bore_cylinder_deferred;cutout.filleted_slot_deferred
face	373	plane	supported_analytic_template	strategy.surface.plane	convex_simple_region	cutout.filleted_slot_deferred
face	374	cylinder	deferred_residual_surface	reason.deferred_residual_surface	full_periodic_with_cap_boundaries	u_periodic;cutout.cylindrical_bore;cutout.multi_bore_cylinder_deferred;cutout.filleted_slot_deferred
face	375	plane	supported_analytic_template	strategy.surface.plane	multiple_disconnected_domains	reason.multidomain_decomposition_unproven;cutout.filleted_slot_deferred
face	376	bspline	deferred_residual_surface	reason.deferred_residual_surface	convex_simple_region	mapped.non_four_sided_deferred;freeform.uv_grid_candidate
face	377	bspline	deferred_residual_surface	reason.deferred_residual_surface	convex_simple_region	mapped.non_four_sided_deferred;freeform.uv_grid_candidate
face	378	bspline	deferred_residual_surface	reason.deferred_residual_surface	convex_simple_region	mapped.non_four_sided_deferred;freeform.uv_grid_candidate
face	379	bspline	deferred_residual_surface	reason.deferred_residual_surface	convex_simple_region	mapped.non_four_sided_deferred;freeform.uv_grid_candidate
face	380	cylinder	deferred_residual_surface	reason.deferred_residual_surface	full_periodic_with_cap_boundaries	u_periodic;cutout.cylindrical_bore;cutout.multi_bore_cylinder_deferred;cutout.filleted_slot_deferred
face	381	cylinder	deferred_residual_surface	reason.deferred_residual_surface	full_periodic_with_cap_boundaries	u_periodic;cutout.cylindrical_bore;cutout.multi_bore_cylinder_deferred;cutout.filleted_slot_deferred
face	382	bspline	deferred_residual_surface	reason.deferred_residual_surface	convex_simple_region	mapped.non_four_sided_deferred;freeform.uv_grid_candidate
face	383	plane	supported_analytic_template	strategy.surface.plane	multiple_disconnected_domains	reason.multidomain_decomposition_unproven;cutout.filleted_slot_deferred
face	384	cylinder	deferred_residual_surface	reason.deferred_residual_surface	full_periodic_with_cap_boundaries	u_periodic;cutout.cylindrical_bore;cutout.multi_bore_cylinder_deferred;cutout.filleted_slot_deferred
face	385	bspline	deferred_residual_surface	reason.deferred_residual_surface	convex_simple_region	mapped.four_sided_candidate;freeform.uv_grid_candidate
face	386	cylinder	deferred_residual_surface	reason.deferred_residual_surface	full_periodic_with_cap_boundaries	u_periodic;cutout.cylindrical_bore;cutout.multi_bore_cylinder_deferred;cutout.filleted_slot_deferred
face	387	cylinder	deferred_residual_surface	reason.deferred_residual_surface	full_periodic_with_cap_boundaries	u_periodic;cutout.cylindrical_bore;cutout.multi_bore_cylinder_deferred;cutout.filleted_slot_deferred
face	388	cylinder	deferred_residual_surface	reason.deferred_residual_surface	full_periodic_with_cap_boundaries	u_periodic;cutout.cylindrical_bore;cutout.multi_bore_cylinder_deferred;cutout.filleted_slot_deferred
face	389	plane	supported_analytic_template	strategy.surface.plane	multiple_disconnected_domains	reason.multidomain_decomposition_unproven;cutout.filleted_slot_deferred
face	390	plane	supported_analytic_template	strategy.surface.plane	multiple_disconnected_domains	reason.multidomain_decomposition_unproven;cutout.filleted_slot_deferred
face	391	bspline	deferred_residual_surface	reason.deferred_residual_surface	convex_simple_region	mapped.four_sided_candidate;freeform.uv_grid_candidate
face	392	bspline	deferred_residual_surface	reason.deferred_residual_surface	convex_simple_region	mapped.four_sided_candidate;freeform.uv_grid_candidate
face	393	bspline	deferred_residual_surface	reason.deferred_residual_surface	convex_simple_region	mapped.four_sided_candidate;freeform.uv_grid_candidate
face	394	bspline	deferred_residual_surface	reason.deferred_residual_surface	convex_simple_region	mapped.four_sided_candidate;freeform.uv_grid_candidate
face	395	bspline	deferred_residual_surface	reason.deferred_residual_surface	convex_simple_region	mapped.four_sided_candidate;freeform.uv_grid_candidate
face	396	bspline	deferred_residual_surface	reason.deferred_residual_surface	convex_simple_region	mapped.four_sided_candidate;freeform.uv_grid_candidate
face	397	plane	supported_analytic_template	strategy.surface.plane	simple_disk	cutout.filleted_slot_deferred
face	398	plane	supported_analytic_template	strategy.surface.plane	simple_disk	cutout.filleted_slot_deferred
face	399	bspline	deferred_residual_surface	reason.deferred_residual_surface	full_periodic_with_cap_boundaries	u_periodic;mapped.non_four_sided_deferred;freeform.general_deferred
face	400	plane	supported_analytic_template	strategy.surface.plane	simple_disk	cutout.filleted_slot_deferred
face	401	plane	supported_analytic_template	strategy.surface.plane	simple_disk	cutout.filleted_slot_deferred
face	402	cylinder	deferred_residual_surface	reason.deferred_residual_surface	full_periodic_with_cap_boundaries	u_periodic;cutout.multi_bore_cylinder_deferred;cutout.filleted_slot_deferred
face	403	cone	deferred_residual_surface	reason.deferred_residual_surface	full_periodic_with_cap_boundaries	u_periodic
face	404	plane	supported_analytic_template	strategy.surface.plane	convex_simple_region	cutout.filleted_slot_deferred
face	405	plane	supported_analytic_template	strategy.surface.plane	convex_simple_region	cutout.filleted_slot_deferred
face	406	cylinder	deferred_residual_surface	reason.deferred_residual_surface	full_periodic_with_cap_boundaries	u_periodic;cutout.cylindrical_bore;cutout.multi_bore_cylinder_deferred;cutout.filleted_slot_deferred
face	407	cone	deferred_residual_surface	reason.deferred_residual_surface	full_periodic_with_cap_boundaries	u_periodic
face	408	cylinder	deferred_residual_surface	reason.deferred_residual_surface	full_periodic_with_cap_boundaries	u_periodic;cutout.cylindrical_bore;cutout.multi_bore_cylinder_deferred;cutout.filleted_slot_deferred
face	409	cylinder	deferred_residual_surface	reason.deferred_residual_surface	full_periodic_with_cap_boundaries	u_periodic;cutout.cylindrical_bore;cutout.multi_bore_cylinder_deferred;cutout.filleted_slot_deferred
face	410	plane	supported_analytic_template	strategy.surface.plane	annulus	cutout.planar_perforated;cutout.filleted_slot_deferred
face	411	cylinder	deferred_residual_surface	reason.deferred_residual_surface	full_periodic_with_cap_boundaries	u_periodic;cutout.cylindrical_bore;cutout.multi_bore_cylinder_deferred;cutout.filleted_slot_deferred
face	412	cone	deferred_residual_surface	reason.deferred_residual_surface	full_periodic_with_cap_boundaries	u_periodic
face	413	cylinder	deferred_residual_surface	reason.deferred_residual_surface	full_periodic_with_cap_boundaries	u_periodic;cutout.multi_bore_cylinder_deferred;cutout.filleted_slot_deferred
face	414	plane	supported_analytic_template	strategy.surface.plane	annulus	cutout.planar_perforated;cutout.filleted_slot_deferred
face	415	plane	supported_analytic_template	strategy.surface.plane	multiple_disconnected_domains	reason.multidomain_decomposition_unproven;cutout.filleted_slot_deferred
face	416	plane	supported_analytic_template	strategy.surface.plane	convex_simple_region	cutout.filleted_slot_deferred
face	417	plane	supported_analytic_template	strategy.surface.plane	convex_simple_region	cutout.filleted_slot_deferred
face	418	cylinder	deferred_residual_surface	reason.deferred_residual_surface	full_periodic_with_cap_boundaries	u_periodic;cutout.cylindrical_bore;cutout.multi_bore_cylinder_deferred;cutout.filleted_slot_deferred
face	419	plane	supported_analytic_template	strategy.surface.plane	convex_simple_region	cutout.filleted_slot_deferred
face	420	cylinder	deferred_residual_surface	reason.deferred_residual_surface	full_periodic_with_cap_boundaries	u_periodic;cutout.cylindrical_bore;cutout.multi_bore_cylinder_deferred;cutout.filleted_slot_deferred
face	421	plane	supported_analytic_template	strategy.surface.plane	convex_simple_region	cutout.filleted_slot_deferred
face	422	plane	supported_analytic_template	strategy.surface.plane	multiple_disconnected_domains	reason.multidomain_decomposition_unproven;cutout.filleted_slot_deferred
face	423	plane	supported_analytic_template	strategy.surface.plane	convex_simple_region	cutout.filleted_slot_deferred
face	424	plane	supported_analytic_template	strategy.surface.plane	convex_simple_region	cutout.filleted_slot_deferred
face	425	cylinder	deferred_residual_surface	reason.deferred_residual_surface	full_periodic_with_cap_boundaries	u_periodic;cutout.cylindrical_bore;cutout.multi_bore_cylinder_deferred;cutout.filleted_slot_deferred
face	426	plane	supported_analytic_template	strategy.surface.plane	convex_simple_region	cutout.filleted_slot_deferred
face	427	cylinder	deferred_residual_surface	reason.deferred_residual_surface	full_periodic_with_cap_boundaries	u_periodic;cutout.cylindrical_bore;cutout.multi_bore_cylinder_deferred;cutout.filleted_slot_deferred
face	428	plane	supported_analytic_template	strategy.surface.plane	convex_simple_region	cutout.filleted_slot_deferred
face	429	plane	supported_analytic_template	strategy.surface.plane	multiple_disconnected_domains	reason.multidomain_decomposition_unproven;cutout.filleted_slot_deferred
face	430	plane	supported_analytic_template	strategy.surface.plane	convex_simple_region	cutout.filleted_slot_deferred
face	431	plane	supported_analytic_template	strategy.surface.plane	convex_simple_region	cutout.filleted_slot_deferred
face	432	cylinder	deferred_residual_surface	reason.deferred_residual_surface	full_periodic_with_cap_boundaries	u_periodic;cutout.cylindrical_bore;cutout.multi_bore_cylinder_deferred;cutout.filleted_slot_deferred
face	433	plane	supported_analytic_template	strategy.surface.plane	convex_simple_region	cutout.filleted_slot_deferred
face	434	cylinder	deferred_residual_surface	reason.deferred_residual_surface	full_periodic_with_cap_boundaries	u_periodic;cutout.cylindrical_bore;cutout.multi_bore_cylinder_deferred;cutout.filleted_slot_deferred
face	435	plane	supported_analytic_template	strategy.surface.plane	convex_simple_region	cutout.filleted_slot_deferred
face	436	plane	supported_analytic_template	strategy.surface.plane	convex_simple_region	cutout.filleted_slot_deferred
face	437	plane	supported_analytic_template	strategy.surface.plane	convex_simple_region	cutout.filleted_slot_deferred
face	438	cylinder	deferred_residual_surface	reason.deferred_residual_surface	full_periodic_with_cap_boundaries	u_periodic;cutout.cylindrical_bore;cutout.multi_bore_cylinder_deferred;cutout.filleted_slot_deferred
face	439	torus	deferred_residual_surface	reason.deferred_residual_surface	full_periodic_with_cap_boundaries	u_periodic;v_periodic
face	440	torus	deferred_residual_surface	reason.deferred_residual_surface	full_periodic_with_cap_boundaries	u_periodic;v_periodic
face	441	cylinder	deferred_residual_surface	reason.deferred_residual_surface	full_periodic_with_cap_boundaries	u_periodic;cutout.cylindrical_bore;cutout.multi_bore_cylinder_deferred;cutout.filleted_slot_deferred
face	442	cylinder	deferred_residual_surface	reason.deferred_residual_surface	full_periodic_with_cap_boundaries	u_periodic;cutout.cylindrical_bore;cutout.multi_bore_cylinder_deferred;cutout.filleted_slot_deferred
face	443	cone	deferred_residual_surface	reason.deferred_residual_surface	full_periodic_with_cap_boundaries	u_periodic
face	444	cylinder	deferred_residual_surface	reason.deferred_residual_surface	full_periodic_with_cap_boundaries	u_periodic;cutout.cylindrical_bore;cutout.multi_bore_cylinder_deferred;cutout.filleted_slot_deferred
face	445	cylinder	deferred_residual_surface	reason.deferred_residual_surface	full_periodic_with_cap_boundaries	u_periodic;cutout.cylindrical_bore;cutout.multi_bore_cylinder_deferred;cutout.filleted_slot_deferred
face	446	cylinder	deferred_residual_surface	reason.deferred_residual_surface	full_periodic_with_cap_boundaries	u_periodic;cutout.cylindrical_bore;cutout.multi_bore_cylinder_deferred;cutout.filleted_slot_deferred
face	447	cylinder	deferred_residual_surface	reason.deferred_residual_surface	full_periodic_with_cap_boundaries	u_periodic;cutout.cylindrical_bore;cutout.multi_bore_cylinder_deferred;cutout.filleted_slot_deferred
face	448	cylinder	deferred_residual_surface	reason.deferred_residual_surface	full_periodic_with_cap_boundaries	u_periodic;cutout.cylindrical_bore;cutout.multi_bore_cylinder_deferred;cutout.filleted_slot_deferred
face	449	cylinder	deferred_residual_surface	reason.deferred_residual_surface	full_periodic_with_cap_boundaries	u_periodic;cutout.cylindrical_bore;cutout.multi_bore_cylinder_deferred;cutout.filleted_slot_deferred
face	450	cylinder	deferred_residual_surface	reason.deferred_residual_surface	full_periodic_with_cap_boundaries	u_periodic;cutout.cylindrical_bore;cutout.multi_bore_cylinder_deferred;cutout.filleted_slot_deferred
face	451	torus	deferred_residual_surface	reason.deferred_residual_surface	full_periodic_with_cap_boundaries	u_periodic;v_periodic
face	452	torus	deferred_residual_surface	reason.deferred_residual_surface	full_periodic_with_cap_boundaries	u_periodic;v_periodic
face	453	bspline	deferred_residual_surface	reason.deferred_residual_surface	convex_simple_region	mapped.four_sided_candidate;freeform.uv_grid_candidate
face	454	plane	supported_analytic_template	strategy.surface.plane	concave_simple_region	cutout.filleted_slot_deferred
face	455	plane	supported_analytic_template	strategy.surface.plane	concave_simple_region	cutout.filleted_slot_deferred
face	456	plane	supported_analytic_template	strategy.surface.plane	self_intersecting_or_invalid	cutout.filleted_slot_deferred
face	457	plane	supported_analytic_template	strategy.surface.plane	multiple_disconnected_domains	reason.multidomain_decomposition_unproven;cutout.filleted_slot_deferred
face	458	plane	supported_analytic_template	strategy.surface.plane	multiple_disconnected_domains	cutout.planar_perforated;reason.multidomain_decomposition_unproven;cutout.filleted_slot_deferred
face	459	plane	supported_analytic_template	strategy.surface.plane	multiple_disconnected_domains	reason.multidomain_decomposition_unproven;cutout.filleted_slot_deferred
face	460	plane	supported_analytic_template	strategy.surface.plane	multiple_disconnected_domains	reason.multidomain_decomposition_unproven;cutout.filleted_slot_deferred
face	461	bspline	deferred_residual_surface	reason.deferred_residual_surface	convex_simple_region	mapped.non_four_sided_deferred;freeform.uv_grid_candidate
face	462	plane	supported_analytic_template	strategy.surface.plane	multiple_disconnected_domains	reason.multidomain_decomposition_unproven;cutout.filleted_slot_deferred
face	463	plane	supported_analytic_template	strategy.surface.plane	convex_simple_region	cutout.filleted_slot_deferred
face	464	extrusion	deferred_residual_surface	reason.deferred_residual_surface	full_periodic_with_cap_boundaries	u_periodic;mapped.non_four_sided_deferred
face	465	bspline	deferred_residual_surface	reason.deferred_residual_surface	convex_simple_region	mapped.non_four_sided_deferred;freeform.uv_grid_candidate
face	466	plane	supported_analytic_template	strategy.surface.plane	self_intersecting_or_invalid	cutout.filleted_slot_deferred
face	467	bspline	deferred_residual_surface	reason.deferred_residual_surface	convex_simple_region	mapped.four_sided_candidate;freeform.uv_grid_candidate
face	468	bspline	deferred_residual_surface	reason.deferred_residual_surface	convex_simple_region	mapped.four_sided_candidate;freeform.uv_grid_candidate
face	469	plane	supported_analytic_template	strategy.surface.plane	self_intersecting_or_invalid	cutout.filleted_slot_deferred
face	470	cylinder	deferred_residual_surface	reason.deferred_residual_surface	full_periodic_with_cap_boundaries	u_periodic;cutout.cylindrical_bore;cutout.multi_bore_cylinder_deferred;cutout.filleted_slot_deferred
face	471	plane	supported_analytic_template	strategy.surface.plane	self_intersecting_or_invalid	cutout.filleted_slot_deferred
face	472	plane	supported_analytic_template	strategy.surface.plane	multiple_disconnected_domains	reason.multidomain_decomposition_unproven;cutout.filleted_slot_deferred
face	473	extrusion	deferred_residual_surface	reason.deferred_residual_surface	full_periodic_with_cap_boundaries	u_periodic;mapped.non_four_sided_deferred
face	474	plane	supported_analytic_template	strategy.surface.plane	convex_simple_region	cutout.filleted_slot_deferred
face	475	cylinder	deferred_residual_surface	reason.deferred_residual_surface	full_periodic_with_cap_boundaries	u_periodic;cutout.cylindrical_bore;cutout.multi_bore_cylinder_deferred;cutout.filleted_slot_deferred
face	476	plane	supported_analytic_template	strategy.surface.plane	convex_simple_region	cutout.filleted_slot_deferred
face	477	plane	supported_analytic_template	strategy.surface.plane	convex_simple_region	cutout.filleted_slot_deferred
face	478	plane	supported_analytic_template	strategy.surface.plane	self_intersecting_or_invalid	cutout.filleted_slot_deferred
face	479	plane	supported_analytic_template	strategy.surface.plane	multiple_disconnected_domains	reason.multidomain_decomposition_unproven;cutout.filleted_slot_deferred
face	480	plane	supported_analytic_template	strategy.surface.plane	multiple_disconnected_domains	reason.multidomain_decomposition_unproven;cutout.filleted_slot_deferred
face	481	plane	supported_analytic_template	strategy.surface.plane	multiple_disconnected_domains	reason.multidomain_decomposition_unproven;cutout.filleted_slot_deferred
face	482	plane	supported_analytic_template	strategy.surface.plane	multiple_disconnected_domains	reason.multidomain_decomposition_unproven;cutout.filleted_slot_deferred
face	483	plane	supported_analytic_template	strategy.surface.plane	multiple_disconnected_domains	reason.multidomain_decomposition_unproven;cutout.filleted_slot_deferred
face	484	plane	supported_analytic_template	strategy.surface.plane	multiple_disconnected_domains	reason.multidomain_decomposition_unproven;cutout.filleted_slot_deferred
face	485	plane	supported_analytic_template	strategy.surface.plane	multiple_disconnected_domains	reason.multidomain_decomposition_unproven;cutout.filleted_slot_deferred
face	486	cylinder	deferred_residual_surface	reason.deferred_residual_surface	full_periodic_with_cap_boundaries	u_periodic;cutout.cylindrical_bore;cutout.multi_bore_cylinder_deferred;cutout.filleted_slot_deferred
face	487	plane	supported_analytic_template	strategy.surface.plane	convex_simple_region	cutout.filleted_slot_deferred
face	488	plane	supported_analytic_template	strategy.surface.plane	convex_simple_region	cutout.filleted_slot_deferred
face	489	plane	supported_analytic_template	strategy.surface.plane	multiple_disconnected_domains	reason.multidomain_decomposition_unproven;cutout.filleted_slot_deferred
face	490	extrusion	deferred_residual_surface	reason.deferred_residual_surface	full_periodic_with_cap_boundaries	u_periodic;mapped.non_four_sided_deferred
face	491	plane	supported_analytic_template	strategy.surface.plane	convex_simple_region	cutout.filleted_slot_deferred
face	492	plane	supported_analytic_template	strategy.surface.plane	concave_simple_region	cutout.filleted_slot_deferred
face	493	plane	supported_analytic_template	strategy.surface.plane	multiple_disconnected_domains	reason.multidomain_decomposition_unproven;cutout.filleted_slot_deferred
face	494	plane	supported_analytic_template	strategy.surface.plane	multiple_disconnected_domains	reason.multidomain_decomposition_unproven;cutout.filleted_slot_deferred
face	495	plane	supported_analytic_template	strategy.surface.plane	multiple_disconnected_domains	reason.multidomain_decomposition_unproven;cutout.filleted_slot_deferred
face	496	plane	supported_analytic_template	strategy.surface.plane	convex_simple_region	cutout.filleted_slot_deferred
face	497	plane	supported_analytic_template	strategy.surface.plane	convex_simple_region	cutout.filleted_slot_deferred
face	498	plane	supported_analytic_template	strategy.surface.plane	convex_simple_region	cutout.filleted_slot_deferred
face	499	plane	supported_analytic_template	strategy.surface.plane	convex_simple_region	cutout.filleted_slot_deferred
face	500	plane	supported_analytic_template	strategy.surface.plane	convex_simple_region	cutout.filleted_slot_deferred
face	501	plane	supported_analytic_template	strategy.surface.plane	convex_simple_region	cutout.filleted_slot_deferred
face	502	plane	supported_analytic_template	strategy.surface.plane	convex_simple_region	cutout.filleted_slot_deferred
face	503	plane	supported_analytic_template	strategy.surface.plane	convex_simple_region	cutout.filleted_slot_deferred
face	504	cylinder	deferred_residual_surface	reason.deferred_residual_surface	full_periodic_with_cap_boundaries	u_periodic;cutout.cylindrical_bore;cutout.multi_bore_cylinder_deferred;cutout.filleted_slot_deferred
face	505	plane	supported_analytic_template	strategy.surface.plane	self_intersecting_or_invalid	cutout.filleted_slot_deferred
face	506	plane	supported_analytic_template	strategy.surface.plane	annulus	cutout.planar_perforated;cutout.planar_slotted;cutout.filleted_slot_deferred
face	507	plane	supported_analytic_template	strategy.surface.plane	self_intersecting_or_invalid	cutout.filleted_slot_deferred
face	508	cylinder	deferred_residual_surface	reason.deferred_residual_surface	full_periodic_with_cap_boundaries	u_periodic;cutout.cylindrical_bore;cutout.multi_bore_cylinder_deferred;cutout.filleted_slot_deferred
face	509	cylinder	deferred_residual_surface	reason.deferred_residual_surface	full_periodic_with_cap_boundaries	u_periodic;cutout.cylindrical_bore;cutout.multi_bore_cylinder_deferred;cutout.filleted_slot_deferred
face	510	cylinder	deferred_residual_surface	reason.deferred_residual_surface	full_periodic_with_cap_boundaries	u_periodic;cutout.cylindrical_bore;cutout.multi_bore_cylinder_deferred;cutout.filleted_slot_deferred
face	511	cylinder	deferred_residual_surface	reason.deferred_residual_surface	full_periodic_with_cap_boundaries	u_periodic;cutout.cylindrical_bore;cutout.multi_bore_cylinder_deferred;cutout.filleted_slot_deferred
face	512	cylinder	deferred_residual_surface	reason.deferred_residual_surface	full_periodic_with_cap_boundaries	u_periodic;cutout.cylindrical_bore;cutout.multi_bore_cylinder_deferred;cutout.filleted_slot_deferred
face	513	bspline	deferred_residual_surface	reason.deferred_residual_surface	convex_simple_region	mapped.four_sided_candidate;freeform.uv_grid_candidate
face	514	cone	deferred_residual_surface	reason.deferred_residual_surface	full_periodic_with_cap_boundaries	u_periodic
face	515	cone	deferred_residual_surface	reason.deferred_residual_surface	full_periodic_with_cap_boundaries	u_periodic
face	516	plane	supported_analytic_template	strategy.surface.plane	annulus	cutout.planar_perforated;cutout.planar_slotted;cutout.filleted_slot_deferred
face	517	bspline	deferred_residual_surface	reason.deferred_residual_surface	convex_simple_region	mapped.non_four_sided_deferred;freeform.uv_grid_candidate
face	518	cylinder	deferred_residual_surface	reason.deferred_residual_surface	full_periodic_with_cap_boundaries	u_periodic;cutout.cylindrical_bore;cutout.multi_bore_cylinder_deferred;cutout.filleted_slot_deferred
face	519	bspline	deferred_residual_surface	reason.deferred_residual_surface	convex_simple_region	mapped.four_sided_candidate;freeform.uv_grid_candidate
face	520	torus	deferred_residual_surface	reason.deferred_residual_surface	full_periodic_with_cap_boundaries	u_periodic;v_periodic
face	521	bspline	deferred_residual_surface	reason.deferred_residual_surface	convex_simple_region	mapped.non_four_sided_deferred;freeform.uv_grid_candidate
face	522	bspline	deferred_residual_surface	reason.deferred_residual_surface	convex_simple_region	mapped.four_sided_candidate;freeform.uv_grid_candidate
face	523	plane	supported_analytic_template	strategy.surface.plane	convex_simple_region	cutout.filleted_slot_deferred
face	524	plane	supported_analytic_template	strategy.surface.plane	annulus	cutout.planar_perforated;cutout.filleted_slot_deferred
face	525	plane	supported_analytic_template	strategy.surface.plane	multiple_disconnected_domains	reason.multidomain_decomposition_unproven;cutout.filleted_slot_deferred
face	526	plane	supported_analytic_template	strategy.surface.plane	convex_simple_region	cutout.filleted_slot_deferred
face	527	cylinder	deferred_residual_surface	reason.deferred_residual_surface	full_periodic_with_cap_boundaries	u_periodic;cutout.cylindrical_bore;cutout.multi_bore_cylinder_deferred;cutout.filleted_slot_deferred
face	528	bspline	deferred_residual_surface	reason.deferred_residual_surface	convex_simple_region	mapped.non_four_sided_deferred;freeform.uv_grid_candidate
face	529	cylinder	deferred_residual_surface	reason.deferred_residual_surface	full_periodic_with_cap_boundaries	u_periodic;cutout.cylindrical_bore;cutout.multi_bore_cylinder_deferred;cutout.filleted_slot_deferred
face	530	cylinder	deferred_residual_surface	reason.deferred_residual_surface	full_periodic_with_cap_boundaries	u_periodic;cutout.cylindrical_bore;cutout.multi_bore_cylinder_deferred;cutout.filleted_slot_deferred
face	531	bspline	deferred_residual_surface	reason.deferred_residual_surface	convex_simple_region	mapped.four_sided_candidate;freeform.uv_grid_candidate
face	532	torus	deferred_residual_surface	reason.deferred_residual_surface	full_periodic_with_cap_boundaries	u_periodic;v_periodic
face	533	bspline	deferred_residual_surface	reason.deferred_residual_surface	convex_simple_region	mapped.four_sided_candidate;freeform.uv_grid_candidate
face	534	plane	supported_analytic_template	strategy.surface.plane	annulus	cutout.planar_perforated;cutout.filleted_slot_deferred
face	535	plane	supported_analytic_template	strategy.surface.plane	multiple_disconnected_domains	reason.multidomain_decomposition_unproven;cutout.filleted_slot_deferred
face	536	cylinder	deferred_residual_surface	reason.deferred_residual_surface	full_periodic_with_cap_boundaries	u_periodic;cutout.cylindrical_bore;cutout.multi_bore_cylinder_deferred;cutout.filleted_slot_deferred
face	537	cylinder	deferred_residual_surface	reason.deferred_residual_surface	full_periodic_with_cap_boundaries	u_periodic;cutout.cylindrical_bore;cutout.multi_bore_cylinder_deferred;cutout.filleted_slot_deferred
face	538	plane	supported_analytic_template	strategy.surface.plane	self_intersecting_or_invalid	cutout.filleted_slot_deferred
face	539	bspline	deferred_residual_surface	reason.deferred_residual_surface	convex_simple_region	mapped.non_four_sided_deferred;freeform.uv_grid_candidate
face	540	plane	supported_analytic_template	strategy.surface.plane	convex_simple_region	cutout.filleted_slot_deferred
face	541	plane	supported_analytic_template	strategy.surface.plane	convex_simple_region	cutout.filleted_slot_deferred
face	542	cylinder	deferred_residual_surface	reason.deferred_residual_surface	full_periodic_with_cap_boundaries	u_periodic;cutout.cylindrical_bore;cutout.multi_bore_cylinder_deferred;cutout.filleted_slot_deferred
face	543	cylinder	deferred_residual_surface	reason.deferred_residual_surface	full_periodic_with_cap_boundaries	u_periodic;cutout.cylindrical_bore;cutout.multi_bore_cylinder_deferred;cutout.filleted_slot_deferred
face	544	cylinder	deferred_residual_surface	reason.deferred_residual_surface	full_periodic_with_cap_boundaries	u_periodic;cutout.cylindrical_bore;cutout.multi_bore_cylinder_deferred;cutout.filleted_slot_deferred
face	545	plane	supported_analytic_template	strategy.surface.plane	convex_simple_region	cutout.filleted_slot_deferred
face	546	cylinder	deferred_residual_surface	reason.deferred_residual_surface	full_periodic_with_cap_boundaries	u_periodic;cutout.cylindrical_bore;cutout.multi_bore_cylinder_deferred;cutout.filleted_slot_deferred
face	547	bspline	deferred_residual_surface	reason.deferred_residual_surface	convex_simple_region	mapped.non_four_sided_deferred;freeform.uv_grid_candidate
face	548	cylinder	deferred_residual_surface	reason.deferred_residual_surface	full_periodic_with_cap_boundaries	u_periodic;cutout.cylindrical_bore;cutout.multi_bore_cylinder_deferred;cutout.filleted_slot_deferred
face	549	bspline	deferred_residual_surface	reason.deferred_residual_surface	convex_simple_region	mapped.non_four_sided_deferred;freeform.uv_grid_candidate
face	550	cylinder	deferred_residual_surface	reason.deferred_residual_surface	full_periodic_with_cap_boundaries	u_periodic;cutout.cylindrical_bore;cutout.multi_bore_cylinder_deferred;cutout.filleted_slot_deferred
face	551	plane	supported_analytic_template	strategy.surface.plane	convex_simple_region	cutout.filleted_slot_deferred
face	552	cylinder	deferred_residual_surface	reason.deferred_residual_surface	full_periodic_with_cap_boundaries	u_periodic;cutout.cylindrical_bore;cutout.multi_bore_cylinder_deferred;cutout.filleted_slot_deferred
face	553	bspline	deferred_residual_surface	reason.deferred_residual_surface	convex_simple_region	mapped.non_four_sided_deferred;freeform.uv_grid_candidate
face	554	plane	supported_analytic_template	strategy.surface.plane	self_intersecting_or_invalid	cutout.filleted_slot_deferred
face	555	plane	supported_analytic_template	strategy.surface.plane	concave_simple_region	cutout.filleted_slot_deferred
face	556	bspline	deferred_residual_surface	reason.deferred_residual_surface	convex_simple_region	mapped.non_four_sided_deferred;freeform.uv_grid_candidate
face	557	cylinder	deferred_residual_surface	reason.deferred_residual_surface	full_periodic_with_cap_boundaries	u_periodic;cutout.cylindrical_bore;cutout.multi_bore_cylinder_deferred;cutout.filleted_slot_deferred
face	558	cylinder	deferred_residual_surface	reason.deferred_residual_surface	full_periodic_with_cap_boundaries	u_periodic;cutout.cylindrical_bore;cutout.multi_bore_cylinder_deferred;cutout.filleted_slot_deferred
face	559	plane	supported_analytic_template	strategy.surface.plane	convex_simple_region	cutout.filleted_slot_deferred
face	560	cylinder	deferred_residual_surface	reason.deferred_residual_surface	full_periodic_with_cap_boundaries	u_periodic;cutout.cylindrical_bore;cutout.multi_bore_cylinder_deferred;cutout.filleted_slot_deferred
face	561	plane	supported_analytic_template	strategy.surface.plane	multiple_disconnected_domains	reason.multidomain_decomposition_unproven;cutout.filleted_slot_deferred
face	562	plane	supported_analytic_template	strategy.surface.plane	multiple_disconnected_domains	reason.multidomain_decomposition_unproven;cutout.filleted_slot_deferred
face	563	cylinder	deferred_residual_surface	reason.deferred_residual_surface	full_periodic_with_cap_boundaries	u_periodic;cutout.cylindrical_bore;cutout.multi_bore_cylinder_deferred;cutout.filleted_slot_deferred
face	564	plane	supported_analytic_template	strategy.surface.plane	convex_simple_region	cutout.filleted_slot_deferred
face	565	cylinder	deferred_residual_surface	reason.deferred_residual_surface	full_periodic_with_cap_boundaries	u_periodic;cutout.cylindrical_bore;cutout.multi_bore_cylinder_deferred;cutout.filleted_slot_deferred
face	566	plane	supported_analytic_template	strategy.surface.plane	multiple_disconnected_domains	reason.multidomain_decomposition_unproven;cutout.filleted_slot_deferred
face	567	cylinder	deferred_residual_surface	reason.deferred_residual_surface	full_periodic_with_cap_boundaries	u_periodic;cutout.cylindrical_bore;cutout.multi_bore_cylinder_deferred;cutout.filleted_slot_deferred
face	568	cylinder	deferred_residual_surface	reason.deferred_residual_surface	full_periodic_with_cap_boundaries	u_periodic;cutout.cylindrical_bore;cutout.multi_bore_cylinder_deferred;cutout.filleted_slot_deferred
face	569	plane	supported_analytic_template	strategy.surface.plane	multiple_disconnected_domains	reason.multidomain_decomposition_unproven;cutout.filleted_slot_deferred
face	570	cylinder	deferred_residual_surface	reason.deferred_residual_surface	full_periodic_with_cap_boundaries	u_periodic;cutout.cylindrical_bore;cutout.multi_bore_cylinder_deferred;cutout.filleted_slot_deferred
face	571	plane	supported_analytic_template	strategy.surface.plane	multiple_disconnected_domains	reason.multidomain_decomposition_unproven;cutout.filleted_slot_deferred
face	572	cylinder	deferred_residual_surface	reason.deferred_residual_surface	full_periodic_with_cap_boundaries	u_periodic;cutout.cylindrical_bore;cutout.multi_bore_cylinder_deferred;cutout.filleted_slot_deferred
face	573	plane	supported_analytic_template	strategy.surface.plane	multiple_disconnected_domains	reason.multidomain_decomposition_unproven;cutout.filleted_slot_deferred
face	574	cylinder	deferred_residual_surface	reason.deferred_residual_surface	full_periodic_with_cap_boundaries	u_periodic;cutout.cylindrical_bore;cutout.multi_bore_cylinder_deferred;cutout.filleted_slot_deferred
face	575	plane	supported_analytic_template	strategy.surface.plane	multiple_disconnected_domains	reason.multidomain_decomposition_unproven;cutout.filleted_slot_deferred
face	576	cylinder	deferred_residual_surface	reason.deferred_residual_surface	full_periodic_with_cap_boundaries	u_periodic;cutout.cylindrical_bore;cutout.multi_bore_cylinder_deferred;cutout.filleted_slot_deferred
face	577	cylinder	deferred_residual_surface	reason.deferred_residual_surface	full_periodic_with_cap_boundaries	u_periodic;cutout.cylindrical_bore;cutout.multi_bore_cylinder_deferred;cutout.filleted_slot_deferred
face	578	plane	supported_analytic_template	strategy.surface.plane	multiple_disconnected_domains	reason.multidomain_decomposition_unproven;cutout.filleted_slot_deferred
face	579	cylinder	deferred_residual_surface	reason.deferred_residual_surface	full_periodic_with_cap_boundaries	u_periodic;cutout.cylindrical_bore;cutout.multi_bore_cylinder_deferred;cutout.filleted_slot_deferred
face	580	plane	supported_analytic_template	strategy.surface.plane	multiple_disconnected_domains	reason.multidomain_decomposition_unproven;cutout.filleted_slot_deferred
face	581	cylinder	deferred_residual_surface	reason.deferred_residual_surface	full_periodic_with_cap_boundaries	u_periodic;cutout.cylindrical_bore;cutout.multi_bore_cylinder_deferred;cutout.filleted_slot_deferred
face	582	plane	supported_analytic_template	strategy.surface.plane	multiple_disconnected_domains	reason.multidomain_decomposition_unproven;cutout.filleted_slot_deferred
face	583	cylinder	deferred_residual_surface	reason.deferred_residual_surface	full_periodic_with_cap_boundaries	u_periodic;cutout.cylindrical_bore;cutout.multi_bore_cylinder_deferred;cutout.filleted_slot_deferred
face	584	plane	supported_analytic_template	strategy.surface.plane	multiple_disconnected_domains	reason.multidomain_decomposition_unproven;cutout.filleted_slot_deferred
face	585	cylinder	deferred_residual_surface	reason.deferred_residual_surface	full_periodic_with_cap_boundaries	u_periodic;cutout.cylindrical_bore;cutout.multi_bore_cylinder_deferred;cutout.filleted_slot_deferred
face	586	cylinder	deferred_residual_surface	reason.deferred_residual_surface	full_periodic_with_cap_boundaries	u_periodic;cutout.cylindrical_bore;cutout.multi_bore_cylinder_deferred;cutout.filleted_slot_deferred
face	587	cylinder	deferred_residual_surface	reason.deferred_residual_surface	full_periodic_with_cap_boundaries	u_periodic;cutout.cylindrical_bore;cutout.multi_bore_cylinder_deferred;cutout.filleted_slot_deferred
face	588	plane	supported_analytic_template	strategy.surface.plane	concave_simple_region	cutout.filleted_slot_deferred
face	589	plane	supported_analytic_template	strategy.surface.plane	concave_simple_region	cutout.filleted_slot_deferred
face	590	cylinder	deferred_residual_surface	reason.deferred_residual_surface	full_periodic_with_cap_boundaries	u_periodic;cutout.cylindrical_bore;cutout.multi_bore_cylinder_deferred;cutout.filleted_slot_deferred
face	591	plane	supported_analytic_template	strategy.surface.plane	convex_simple_region	cutout.filleted_slot_deferred
face	592	plane	supported_analytic_template	strategy.surface.plane	convex_simple_region	cutout.filleted_slot_deferred
face	593	plane	supported_analytic_template	strategy.surface.plane	convex_simple_region	cutout.filleted_slot_deferred
face	594	plane	supported_analytic_template	strategy.surface.plane	convex_simple_region	cutout.filleted_slot_deferred
face	595	plane	supported_analytic_template	strategy.surface.plane	convex_simple_region	cutout.filleted_slot_deferred
face	596	bspline	deferred_residual_surface	reason.deferred_residual_surface	convex_simple_region	mapped.non_four_sided_deferred;freeform.uv_grid_candidate
face	597	plane	supported_analytic_template	strategy.surface.plane	annulus	cutout.planar_perforated;cutout.planar_slotted;cutout.filleted_slot_deferred
face	598	bspline	deferred_residual_surface	reason.deferred_residual_surface	convex_simple_region	mapped.non_four_sided_deferred;freeform.uv_grid_candidate
face	599	plane	supported_analytic_template	strategy.surface.plane	concave_simple_region	cutout.filleted_slot_deferred
face	600	bspline	deferred_residual_surface	reason.deferred_residual_surface	convex_simple_region	mapped.non_four_sided_deferred;freeform.uv_grid_candidate
face	601	plane	supported_analytic_template	strategy.surface.plane	concave_simple_region	cutout.filleted_slot_deferred
face	602	cylinder	deferred_residual_surface	reason.deferred_residual_surface	full_periodic_with_cap_boundaries	u_periodic;cutout.cylindrical_bore;cutout.multi_bore_cylinder_deferred;cutout.filleted_slot_deferred
face	603	cylinder	deferred_residual_surface	reason.deferred_residual_surface	full_periodic_with_cap_boundaries	u_periodic;cutout.cylindrical_bore;cutout.multi_bore_cylinder_deferred;cutout.filleted_slot_deferred
face	604	cylinder	deferred_residual_surface	reason.deferred_residual_surface	full_periodic_with_cap_boundaries	u_periodic;cutout.cylindrical_bore;cutout.multi_bore_cylinder_deferred;cutout.filleted_slot_deferred
face	605	cylinder	deferred_residual_surface	reason.deferred_residual_surface	full_periodic_with_cap_boundaries	u_periodic;cutout.cylindrical_bore;cutout.multi_bore_cylinder_deferred;cutout.filleted_slot_deferred
face	606	plane	supported_analytic_template	strategy.surface.plane	convex_simple_region	cutout.filleted_slot_deferred
face	607	plane	supported_analytic_template	strategy.surface.plane	concave_simple_region	cutout.filleted_slot_deferred
face	608	cylinder	deferred_residual_surface	reason.deferred_residual_surface	full_periodic_with_cap_boundaries	u_periodic;cutout.cylindrical_bore;cutout.multi_bore_cylinder_deferred;cutout.filleted_slot_deferred
face	609	cylinder	deferred_residual_surface	reason.deferred_residual_surface	full_periodic_with_cap_boundaries	u_periodic;cutout.cylindrical_bore;cutout.multi_bore_cylinder_deferred;cutout.filleted_slot_deferred
face	610	cylinder	deferred_residual_surface	reason.deferred_residual_surface	full_periodic_with_cap_boundaries	u_periodic;cutout.cylindrical_bore;cutout.multi_bore_cylinder_deferred;cutout.filleted_slot_deferred
face	611	cylinder	deferred_residual_surface	reason.deferred_residual_surface	full_periodic_with_cap_boundaries	u_periodic;cutout.cylindrical_bore;cutout.multi_bore_cylinder_deferred;cutout.filleted_slot_deferred
face	612	cylinder	deferred_residual_surface	reason.deferred_residual_surface	full_periodic_with_cap_boundaries	u_periodic;cutout.cylindrical_bore;cutout.multi_bore_cylinder_deferred;cutout.filleted_slot_deferred
face	613	cylinder	deferred_residual_surface	reason.deferred_residual_surface	full_periodic_with_cap_boundaries	u_periodic;cutout.cylindrical_bore;cutout.multi_bore_cylinder_deferred;cutout.filleted_slot_deferred
face	614	plane	supported_analytic_template	strategy.surface.plane	multiple_disconnected_domains	reason.multidomain_decomposition_unproven;cutout.filleted_slot_deferred
face	615	cylinder	deferred_residual_surface	reason.deferred_residual_surface	full_periodic_with_cap_boundaries	u_periodic;cutout.cylindrical_bore;cutout.multi_bore_cylinder_deferred;cutout.filleted_slot_deferred
face	616	cylinder	deferred_residual_surface	reason.deferred_residual_surface	full_periodic_with_cap_boundaries	u_periodic;cutout.cylindrical_bore;cutout.multi_bore_cylinder_deferred;cutout.filleted_slot_deferred
face	617	cylinder	deferred_residual_surface	reason.deferred_residual_surface	full_periodic_with_cap_boundaries	u_periodic;cutout.cylindrical_bore;cutout.multi_bore_cylinder_deferred;cutout.filleted_slot_deferred
face	618	cylinder	deferred_residual_surface	reason.deferred_residual_surface	full_periodic_with_cap_boundaries	u_periodic;cutout.cylindrical_bore;cutout.multi_bore_cylinder_deferred;cutout.filleted_slot_deferred
face	619	cylinder	deferred_residual_surface	reason.deferred_residual_surface	full_periodic_with_cap_boundaries	u_periodic;cutout.cylindrical_bore;cutout.multi_bore_cylinder_deferred;cutout.filleted_slot_deferred
face	620	plane	supported_analytic_template	strategy.surface.plane	convex_simple_region	cutout.filleted_slot_deferred
face	621	cylinder	deferred_residual_surface	reason.deferred_residual_surface	full_periodic_with_cap_boundaries	u_periodic;cutout.cylindrical_bore;cutout.multi_bore_cylinder_deferred;cutout.filleted_slot_deferred
face	622	plane	supported_analytic_template	strategy.surface.plane	convex_simple_region	cutout.filleted_slot_deferred
face	623	plane	supported_analytic_template	strategy.surface.plane	convex_simple_region	cutout.filleted_slot_deferred
face	624	bspline	deferred_residual_surface	reason.deferred_residual_surface	convex_simple_region	mapped.non_four_sided_deferred;freeform.uv_grid_candidate
face	625	cylinder	deferred_residual_surface	reason.deferred_residual_surface	full_periodic_with_cap_boundaries	u_periodic;cutout.cylindrical_bore;cutout.multi_bore_cylinder_deferred;cutout.filleted_slot_deferred
face	626	cylinder	deferred_residual_surface	reason.deferred_residual_surface	full_periodic_with_cap_boundaries	u_periodic;cutout.cylindrical_bore;cutout.multi_bore_cylinder_deferred;cutout.filleted_slot_deferred
face	627	cylinder	deferred_residual_surface	reason.deferred_residual_surface	full_periodic_with_cap_boundaries	u_periodic;cutout.cylindrical_bore;cutout.multi_bore_cylinder_deferred;cutout.filleted_slot_deferred
face	628	cone	deferred_residual_surface	reason.deferred_residual_surface	full_periodic_with_cap_boundaries	u_periodic
face	629	cone	deferred_residual_surface	reason.deferred_residual_surface	full_periodic_with_cap_boundaries	u_periodic
face	630	cylinder	deferred_residual_surface	reason.deferred_residual_surface	full_periodic_with_cap_boundaries	u_periodic;cutout.cylindrical_bore;cutout.multi_bore_cylinder_deferred;cutout.filleted_slot_deferred
face	631	cylinder	deferred_residual_surface	reason.deferred_residual_surface	full_periodic_with_cap_boundaries	u_periodic;cutout.cylindrical_bore;cutout.multi_bore_cylinder_deferred;cutout.filleted_slot_deferred
face	632	cylinder	deferred_residual_surface	reason.deferred_residual_surface	full_periodic_with_cap_boundaries	u_periodic;cutout.cylindrical_bore;cutout.multi_bore_cylinder_deferred;cutout.filleted_slot_deferred
face	633	cylinder	deferred_residual_surface	reason.deferred_residual_surface	full_periodic_with_cap_boundaries	u_periodic;cutout.cylindrical_bore;cutout.multi_bore_cylinder_deferred;cutout.filleted_slot_deferred
face	634	cylinder	deferred_residual_surface	reason.deferred_residual_surface	full_periodic_with_cap_boundaries	u_periodic;cutout.cylindrical_bore;cutout.multi_bore_cylinder_deferred;cutout.filleted_slot_deferred
face	635	cylinder	deferred_residual_surface	reason.deferred_residual_surface	full_periodic_with_cap_boundaries	u_periodic;cutout.cylindrical_bore;cutout.multi_bore_cylinder_deferred;cutout.filleted_slot_deferred
face	636	cylinder	deferred_residual_surface	reason.deferred_residual_surface	full_periodic_with_cap_boundaries	u_periodic;cutout.cylindrical_bore;cutout.multi_bore_cylinder_deferred;cutout.filleted_slot_deferred
face	637	cylinder	deferred_residual_surface	reason.deferred_residual_surface	full_periodic_with_cap_boundaries	u_periodic;cutout.cylindrical_bore;cutout.multi_bore_cylinder_deferred;cutout.filleted_slot_deferred
face	638	cylinder	deferred_residual_surface	reason.deferred_residual_surface	full_periodic_with_cap_boundaries	u_periodic;cutout.cylindrical_bore;cutout.multi_bore_cylinder_deferred;cutout.filleted_slot_deferred
face	639	cylinder	deferred_residual_surface	reason.deferred_residual_surface	full_periodic_with_cap_boundaries	u_periodic;cutout.cylindrical_bore;cutout.multi_bore_cylinder_deferred;cutout.filleted_slot_deferred
face	640	cylinder	deferred_residual_surface	reason.deferred_residual_surface	full_periodic_with_cap_boundaries	u_periodic;cutout.cylindrical_bore;cutout.multi_bore_cylinder_deferred;cutout.filleted_slot_deferred
face	641	cylinder	deferred_residual_surface	reason.deferred_residual_surface	full_periodic_with_cap_boundaries	u_periodic;cutout.cylindrical_bore;cutout.multi_bore_cylinder_deferred;cutout.filleted_slot_deferred
face	642	cylinder	deferred_residual_surface	reason.deferred_residual_surface	full_periodic_with_cap_boundaries	u_periodic;cutout.cylindrical_bore;cutout.multi_bore_cylinder_deferred;cutout.filleted_slot_deferred
face	643	cylinder	deferred_residual_surface	reason.deferred_residual_surface	full_periodic_with_cap_boundaries	u_periodic;cutout.cylindrical_bore;cutout.multi_bore_cylinder_deferred;cutout.filleted_slot_deferred
face	644	cylinder	deferred_residual_surface	reason.deferred_residual_surface	full_periodic_with_cap_boundaries	u_periodic;cutout.cylindrical_bore;cutout.multi_bore_cylinder_deferred;cutout.filleted_slot_deferred
face	645	cylinder	deferred_residual_surface	reason.deferred_residual_surface	full_periodic_with_cap_boundaries	u_periodic;cutout.cylindrical_bore;cutout.multi_bore_cylinder_deferred;cutout.filleted_slot_deferred
face	646	cylinder	deferred_residual_surface	reason.deferred_residual_surface	full_periodic_with_cap_boundaries	u_periodic;cutout.cylindrical_bore;cutout.multi_bore_cylinder_deferred;cutout.filleted_slot_deferred
face	647	cylinder	deferred_residual_surface	reason.deferred_residual_surface	full_periodic_with_cap_boundaries	u_periodic;cutout.cylindrical_bore;cutout.multi_bore_cylinder_deferred;cutout.filleted_slot_deferred
face	648	cylinder	deferred_residual_surface	reason.deferred_residual_surface	full_periodic_with_cap_boundaries	u_periodic;cutout.cylindrical_bore;cutout.multi_bore_cylinder_deferred;cutout.filleted_slot_deferred
face	649	cylinder	deferred_residual_surface	reason.deferred_residual_surface	full_periodic_with_cap_boundaries	u_periodic;cutout.cylindrical_bore;cutout.multi_bore_cylinder_deferred;cutout.filleted_slot_deferred
face	650	cylinder	deferred_residual_surface	reason.deferred_residual_surface	full_periodic_with_cap_boundaries	u_periodic;cutout.cylindrical_bore;cutout.multi_bore_cylinder_deferred;cutout.filleted_slot_deferred
face	651	cylinder	deferred_residual_surface	reason.deferred_residual_surface	full_periodic_with_cap_boundaries	u_periodic;cutout.cylindrical_bore;cutout.multi_bore_cylinder_deferred;cutout.filleted_slot_deferred
face	652	cylinder	deferred_residual_surface	reason.deferred_residual_surface	full_periodic_with_cap_boundaries	u_periodic;cutout.cylindrical_bore;cutout.multi_bore_cylinder_deferred;cutout.filleted_slot_deferred
face	653	cylinder	deferred_residual_surface	reason.deferred_residual_surface	full_periodic_with_cap_boundaries	u_periodic;cutout.cylindrical_bore;cutout.multi_bore_cylinder_deferred;cutout.filleted_slot_deferred
face	654	cylinder	deferred_residual_surface	reason.deferred_residual_surface	full_periodic_with_cap_boundaries	u_periodic;cutout.cylindrical_bore;cutout.multi_bore_cylinder_deferred;cutout.filleted_slot_deferred
face	655	cylinder	deferred_residual_surface	reason.deferred_residual_surface	full_periodic_with_cap_boundaries	u_periodic;cutout.cylindrical_bore;cutout.multi_bore_cylinder_deferred;cutout.filleted_slot_deferred
face	656	cylinder	deferred_residual_surface	reason.deferred_residual_surface	full_periodic_with_cap_boundaries	u_periodic;cutout.cylindrical_bore;cutout.multi_bore_cylinder_deferred;cutout.filleted_slot_deferred
face	657	cylinder	deferred_residual_surface	reason.deferred_residual_surface	full_periodic_with_cap_boundaries	u_periodic;cutout.cylindrical_bore;cutout.multi_bore_cylinder_deferred;cutout.filleted_slot_deferred
face	658	cylinder	deferred_residual_surface	reason.deferred_residual_surface	full_periodic_with_cap_boundaries	u_periodic;cutout.cylindrical_bore;cutout.multi_bore_cylinder_deferred;cutout.filleted_slot_deferred
face	659	cylinder	deferred_residual_surface	reason.deferred_residual_surface	full_periodic_with_cap_boundaries	u_periodic;cutout.cylindrical_bore;cutout.multi_bore_cylinder_deferred;cutout.filleted_slot_deferred
face	660	cylinder	deferred_residual_surface	reason.deferred_residual_surface	full_periodic_with_cap_boundaries	u_periodic;cutout.cylindrical_bore;cutout.multi_bore_cylinder_deferred;cutout.filleted_slot_deferred
face	661	cylinder	deferred_residual_surface	reason.deferred_residual_surface	full_periodic_with_cap_boundaries	u_periodic;cutout.cylindrical_bore;cutout.multi_bore_cylinder_deferred;cutout.filleted_slot_deferred
face	662	cylinder	deferred_residual_surface	reason.deferred_residual_surface	full_periodic_with_cap_boundaries	u_periodic;cutout.cylindrical_bore;cutout.multi_bore_cylinder_deferred;cutout.filleted_slot_deferred
face	663	cylinder	deferred_residual_surface	reason.deferred_residual_surface	full_periodic_with_cap_boundaries	u_periodic;cutout.cylindrical_bore;cutout.multi_bore_cylinder_deferred;cutout.filleted_slot_deferred
face	664	cylinder	deferred_residual_surface	reason.deferred_residual_surface	full_periodic_with_cap_boundaries	u_periodic;cutout.cylindrical_bore;cutout.multi_bore_cylinder_deferred;cutout.filleted_slot_deferred
face	665	cylinder	deferred_residual_surface	reason.deferred_residual_surface	full_periodic_with_cap_boundaries	u_periodic;cutout.cylindrical_bore;cutout.multi_bore_cylinder_deferred;cutout.filleted_slot_deferred
face	666	cylinder	deferred_residual_surface	reason.deferred_residual_surface	full_periodic_with_cap_boundaries	u_periodic;cutout.cylindrical_bore;cutout.multi_bore_cylinder_deferred;cutout.filleted_slot_deferred
face	667	cylinder	deferred_residual_surface	reason.deferred_residual_surface	full_periodic_with_cap_boundaries	u_periodic;cutout.cylindrical_bore;cutout.multi_bore_cylinder_deferred;cutout.filleted_slot_deferred
face	668	cylinder	deferred_residual_surface	reason.deferred_residual_surface	full_periodic_with_cap_boundaries	u_periodic;cutout.cylindrical_bore;cutout.multi_bore_cylinder_deferred;cutout.filleted_slot_deferred
face	669	cylinder	deferred_residual_surface	reason.deferred_residual_surface	full_periodic_with_cap_boundaries	u_periodic;cutout.cylindrical_bore;cutout.multi_bore_cylinder_deferred;cutout.filleted_slot_deferred
face	670	cylinder	deferred_residual_surface	reason.deferred_residual_surface	full_periodic_with_cap_boundaries	u_periodic;cutout.cylindrical_bore;cutout.multi_bore_cylinder_deferred;cutout.filleted_slot_deferred
face	671	cylinder	deferred_residual_surface	reason.deferred_residual_surface	full_periodic_with_cap_boundaries	u_periodic;cutout.cylindrical_bore;cutout.multi_bore_cylinder_deferred;cutout.filleted_slot_deferred
face	672	cylinder	deferred_residual_surface	reason.deferred_residual_surface	full_periodic_with_cap_boundaries	u_periodic;cutout.cylindrical_bore;cutout.multi_bore_cylinder_deferred;cutout.filleted_slot_deferred
face	673	cylinder	deferred_residual_surface	reason.deferred_residual_surface	full_periodic_with_cap_boundaries	u_periodic;cutout.cylindrical_bore;cutout.multi_bore_cylinder_deferred;cutout.filleted_slot_deferred
face	674	cylinder	deferred_residual_surface	reason.deferred_residual_surface	full_periodic_with_cap_boundaries	u_periodic;cutout.cylindrical_bore;cutout.multi_bore_cylinder_deferred;cutout.filleted_slot_deferred
face	675	cylinder	deferred_residual_surface	reason.deferred_residual_surface	full_periodic_with_cap_boundaries	u_periodic;cutout.cylindrical_bore;cutout.multi_bore_cylinder_deferred;cutout.filleted_slot_deferred
face	676	cylinder	deferred_residual_surface	reason.deferred_residual_surface	full_periodic_with_cap_boundaries	u_periodic;cutout.cylindrical_bore;cutout.multi_bore_cylinder_deferred;cutout.filleted_slot_deferred
face	677	cylinder	deferred_residual_surface	reason.deferred_residual_surface	full_periodic_with_cap_boundaries	u_periodic;cutout.cylindrical_bore;cutout.multi_bore_cylinder_deferred;cutout.filleted_slot_deferred
face	678	cylinder	deferred_residual_surface	reason.deferred_residual_surface	full_periodic_with_cap_boundaries	u_periodic;cutout.cylindrical_bore;cutout.multi_bore_cylinder_deferred;cutout.filleted_slot_deferred
face	679	cylinder	deferred_residual_surface	reason.deferred_residual_surface	full_periodic_with_cap_boundaries	u_periodic;cutout.cylindrical_bore;cutout.multi_bore_cylinder_deferred;cutout.filleted_slot_deferred
face	680	cylinder	deferred_residual_surface	reason.deferred_residual_surface	full_periodic_with_cap_boundaries	u_periodic;cutout.cylindrical_bore;cutout.multi_bore_cylinder_deferred;cutout.filleted_slot_deferred
face	681	cylinder	deferred_residual_surface	reason.deferred_residual_surface	full_periodic_with_cap_boundaries	u_periodic;cutout.cylindrical_bore;cutout.multi_bore_cylinder_deferred;cutout.filleted_slot_deferred
face	682	cylinder	deferred_residual_surface	reason.deferred_residual_surface	full_periodic_with_cap_boundaries	u_periodic;cutout.cylindrical_bore;cutout.multi_bore_cylinder_deferred;cutout.filleted_slot_deferred
face	683	cylinder	deferred_residual_surface	reason.deferred_residual_surface	full_periodic_with_cap_boundaries	u_periodic;cutout.cylindrical_bore;cutout.multi_bore_cylinder_deferred;cutout.filleted_slot_deferred
face	684	cylinder	deferred_residual_surface	reason.deferred_residual_surface	full_periodic_with_cap_boundaries	u_periodic;cutout.cylindrical_bore;cutout.multi_bore_cylinder_deferred;cutout.filleted_slot_deferred
face	685	cylinder	deferred_residual_surface	reason.deferred_residual_surface	full_periodic_with_cap_boundaries	u_periodic;cutout.cylindrical_bore;cutout.multi_bore_cylinder_deferred;cutout.filleted_slot_deferred
face	686	cylinder	deferred_residual_surface	reason.deferred_residual_surface	full_periodic_with_cap_boundaries	u_periodic;cutout.cylindrical_bore;cutout.multi_bore_cylinder_deferred;cutout.filleted_slot_deferred
face	687	cylinder	deferred_residual_surface	reason.deferred_residual_surface	full_periodic_with_cap_boundaries	u_periodic;cutout.cylindrical_bore;cutout.multi_bore_cylinder_deferred;cutout.filleted_slot_deferred
face	688	cylinder	deferred_residual_surface	reason.deferred_residual_surface	full_periodic_with_cap_boundaries	u_periodic;cutout.cylindrical_bore;cutout.multi_bore_cylinder_deferred;cutout.filleted_slot_deferred
face	689	cylinder	deferred_residual_surface	reason.deferred_residual_surface	full_periodic_with_cap_boundaries	u_periodic;cutout.cylindrical_bore;cutout.multi_bore_cylinder_deferred;cutout.filleted_slot_deferred
face	690	cylinder	deferred_residual_surface	reason.deferred_residual_surface	full_periodic_with_cap_boundaries	u_periodic;cutout.cylindrical_bore;cutout.multi_bore_cylinder_deferred;cutout.filleted_slot_deferred
face	691	cylinder	deferred_residual_surface	reason.deferred_residual_surface	full_periodic_with_cap_boundaries	u_periodic;cutout.multi_bore_cylinder_deferred;cutout.filleted_slot_deferred
face	692	cylinder	deferred_residual_surface	reason.deferred_residual_surface	full_periodic_with_cap_boundaries	u_periodic;cutout.multi_bore_cylinder_deferred;cutout.filleted_slot_deferred
face	693	plane	supported_analytic_template	strategy.surface.plane	annulus	cutout.planar_perforated;cutout.filleted_slot_deferred
face	694	plane	supported_analytic_template	strategy.surface.plane	multiple_disconnected_domains	cutout.planar_perforated;reason.multidomain_decomposition_unproven;cutout.filleted_slot_deferred
face	695	cylinder	deferred_residual_surface	reason.deferred_residual_surface	full_periodic_with_cap_boundaries	u_periodic;cutout.cylindrical_bore;cutout.multi_bore_cylinder_deferred;cutout.filleted_slot_deferred
face	696	cylinder	deferred_residual_surface	reason.deferred_residual_surface	full_periodic_with_cap_boundaries	u_periodic;cutout.cylindrical_bore;cutout.multi_bore_cylinder_deferred;cutout.filleted_slot_deferred
face	697	plane	supported_analytic_template	strategy.surface.plane	convex_simple_region	cutout.filleted_slot_deferred
face	698	plane	supported_analytic_template	strategy.surface.plane	convex_simple_region	cutout.filleted_slot_deferred
face	699	cylinder	deferred_residual_surface	reason.deferred_residual_surface	full_periodic_with_cap_boundaries	u_periodic;cutout.multi_bore_cylinder_deferred;cutout.filleted_slot_deferred
face	700	plane	supported_analytic_template	strategy.surface.plane	multiple_disconnected_domains	reason.multidomain_decomposition_unproven;cutout.filleted_slot_deferred
face	701	plane	supported_analytic_template	strategy.surface.plane	multiple_disconnected_domains	reason.multidomain_decomposition_unproven;cutout.filleted_slot_deferred
face	702	plane	supported_analytic_template	strategy.surface.plane	multiple_disconnected_domains	reason.multidomain_decomposition_unproven;cutout.filleted_slot_deferred
face	703	cone	deferred_residual_surface	reason.deferred_residual_surface	full_periodic_with_cap_boundaries	u_periodic
face	704	cone	deferred_residual_surface	reason.deferred_residual_surface	full_periodic_with_cap_boundaries	u_periodic
face	705	plane	supported_analytic_template	strategy.surface.plane	multiple_disconnected_domains	reason.multidomain_decomposition_unproven;cutout.filleted_slot_deferred
face	706	plane	supported_analytic_template	strategy.surface.plane	multiple_disconnected_domains	reason.multidomain_decomposition_unproven;cutout.filleted_slot_deferred
face	707	cone	deferred_residual_surface	reason.deferred_residual_surface	full_periodic_with_cap_boundaries	u_periodic
face	708	cone	deferred_residual_surface	reason.deferred_residual_surface	full_periodic_with_cap_boundaries	u_periodic
face	709	plane	supported_analytic_template	strategy.surface.plane	multiple_disconnected_domains	reason.multidomain_decomposition_unproven;cutout.filleted_slot_deferred
face	710	cone	deferred_residual_surface	reason.deferred_residual_surface	full_periodic_with_cap_boundaries	u_periodic
face	711	cone	deferred_residual_surface	reason.deferred_residual_surface	full_periodic_with_cap_boundaries	u_periodic
face	712	plane	supported_analytic_template	strategy.surface.plane	multiple_disconnected_domains	reason.multidomain_decomposition_unproven;cutout.filleted_slot_deferred
face	713	plane	supported_analytic_template	strategy.surface.plane	multiple_disconnected_domains	reason.multidomain_decomposition_unproven;cutout.filleted_slot_deferred
face	714	cone	deferred_residual_surface	reason.deferred_residual_surface	full_periodic_with_cap_boundaries	u_periodic
face	715	plane	supported_analytic_template	strategy.surface.plane	simple_disk	cutout.filleted_slot_deferred
face	716	plane	supported_analytic_template	strategy.surface.plane	simple_disk	cutout.filleted_slot_deferred
face	717	bspline	deferred_residual_surface	reason.deferred_residual_surface	full_periodic_with_cap_boundaries	u_periodic;mapped.non_four_sided_deferred;freeform.general_deferred
face	718	plane	supported_analytic_template	strategy.surface.plane	convex_simple_region	cutout.filleted_slot_deferred
face	719	cylinder	deferred_residual_surface	reason.deferred_residual_surface	full_periodic_with_cap_boundaries	u_periodic;cutout.cylindrical_bore;cutout.multi_bore_cylinder_deferred;cutout.filleted_slot_deferred
face	720	plane	supported_analytic_template	strategy.surface.plane	multiple_disconnected_domains	reason.multidomain_decomposition_unproven;cutout.filleted_slot_deferred
face	721	plane	supported_analytic_template	strategy.surface.plane	convex_simple_region	cutout.filleted_slot_deferred
face	722	cylinder	deferred_residual_surface	reason.deferred_residual_surface	full_periodic_with_cap_boundaries	u_periodic;cutout.cylindrical_bore;cutout.multi_bore_cylinder_deferred;cutout.filleted_slot_deferred
face	723	plane	supported_analytic_template	strategy.surface.plane	convex_simple_region	cutout.filleted_slot_deferred
face	724	cylinder	deferred_residual_surface	reason.deferred_residual_surface	full_periodic_with_cap_boundaries	u_periodic;cutout.cylindrical_bore;cutout.multi_bore_cylinder_deferred;cutout.filleted_slot_deferred
face	725	bspline	deferred_residual_surface	reason.deferred_residual_surface	convex_simple_region	mapped.non_four_sided_deferred;freeform.uv_grid_candidate
face	726	bspline	deferred_residual_surface	reason.deferred_residual_surface	convex_simple_region	mapped.non_four_sided_deferred;freeform.uv_grid_candidate
face	727	bspline	deferred_residual_surface	reason.deferred_residual_surface	convex_simple_region	mapped.non_four_sided_deferred;freeform.uv_grid_candidate
face	728	bspline	deferred_residual_surface	reason.deferred_residual_surface	convex_simple_region	mapped.non_four_sided_deferred;freeform.uv_grid_candidate
face	729	bspline	deferred_residual_surface	reason.deferred_residual_surface	convex_simple_region	mapped.non_four_sided_deferred;freeform.uv_grid_candidate
face	730	cylinder	deferred_residual_surface	reason.deferred_residual_surface	full_periodic_with_cap_boundaries	u_periodic;cutout.cylindrical_bore;cutout.multi_bore_cylinder_deferred;cutout.filleted_slot_deferred
face	731	plane	supported_analytic_template	strategy.surface.plane	convex_simple_region	cutout.filleted_slot_deferred
face	732	cylinder	deferred_residual_surface	reason.deferred_residual_surface	full_periodic_with_cap_boundaries	u_periodic;cutout.cylindrical_bore;cutout.multi_bore_cylinder_deferred;cutout.filleted_slot_deferred
face	733	plane	supported_analytic_template	strategy.surface.plane	concave_simple_region	cutout.filleted_slot_deferred
face	734	plane	supported_analytic_template	strategy.surface.plane	convex_simple_region	cutout.filleted_slot_deferred
face	735	cylinder	deferred_residual_surface	reason.deferred_residual_surface	full_periodic_with_cap_boundaries	u_periodic;cutout.cylindrical_bore;cutout.multi_bore_cylinder_deferred;cutout.filleted_slot_deferred
face	736	plane	supported_analytic_template	strategy.surface.plane	convex_simple_region	cutout.filleted_slot_deferred
face	737	cylinder	deferred_residual_surface	reason.deferred_residual_surface	full_periodic_with_cap_boundaries	u_periodic;cutout.cylindrical_bore;cutout.multi_bore_cylinder_deferred;cutout.filleted_slot_deferred
face	738	plane	supported_analytic_template	strategy.surface.plane	convex_simple_region	cutout.filleted_slot_deferred
face	739	cylinder	deferred_residual_surface	reason.deferred_residual_surface	full_periodic_with_cap_boundaries	u_periodic;cutout.cylindrical_bore;cutout.multi_bore_cylinder_deferred;cutout.filleted_slot_deferred
face	740	bspline	deferred_residual_surface	reason.deferred_residual_surface	convex_simple_region	mapped.non_four_sided_deferred;freeform.uv_grid_candidate
face	741	plane	supported_analytic_template	strategy.surface.plane	self_intersecting_or_invalid	cutout.filleted_slot_deferred
face	742	cylinder	deferred_residual_surface	reason.deferred_residual_surface	full_periodic_with_cap_boundaries	u_periodic;cutout.cylindrical_bore;cutout.multi_bore_cylinder_deferred;cutout.filleted_slot_deferred
face	743	cylinder	deferred_residual_surface	reason.deferred_residual_surface	full_periodic_with_cap_boundaries	u_periodic;cutout.cylindrical_bore;cutout.multi_bore_cylinder_deferred;cutout.filleted_slot_deferred
face	744	plane	supported_analytic_template	strategy.surface.plane	convex_simple_region	cutout.filleted_slot_deferred
face	745	cylinder	deferred_residual_surface	reason.deferred_residual_surface	full_periodic_with_cap_boundaries	u_periodic;cutout.cylindrical_bore;cutout.multi_bore_cylinder_deferred;cutout.filleted_slot_deferred
face	746	plane	supported_analytic_template	strategy.surface.plane	multiple_disconnected_domains	reason.multidomain_decomposition_unproven;cutout.filleted_slot_deferred
face	747	bspline	deferred_residual_surface	reason.deferred_residual_surface	convex_simple_region	mapped.non_four_sided_deferred;freeform.uv_grid_candidate
face	748	bspline	deferred_residual_surface	reason.deferred_residual_surface	convex_simple_region	mapped.non_four_sided_deferred;freeform.uv_grid_candidate
face	749	bspline	deferred_residual_surface	reason.deferred_residual_surface	convex_simple_region	mapped.non_four_sided_deferred;freeform.uv_grid_candidate
face	750	bspline	deferred_residual_surface	reason.deferred_residual_surface	convex_simple_region	mapped.non_four_sided_deferred;freeform.uv_grid_candidate
face	751	cylinder	deferred_residual_surface	reason.deferred_residual_surface	full_periodic_with_cap_boundaries	u_periodic;cutout.cylindrical_bore;cutout.multi_bore_cylinder_deferred;cutout.filleted_slot_deferred
face	752	cylinder	deferred_residual_surface	reason.deferred_residual_surface	full_periodic_with_cap_boundaries	u_periodic;cutout.cylindrical_bore;cutout.multi_bore_cylinder_deferred;cutout.filleted_slot_deferred
face	753	bspline	deferred_residual_surface	reason.deferred_residual_surface	convex_simple_region	mapped.non_four_sided_deferred;freeform.uv_grid_candidate
face	754	plane	supported_analytic_template	strategy.surface.plane	multiple_disconnected_domains	reason.multidomain_decomposition_unproven;cutout.filleted_slot_deferred
face	755	cylinder	deferred_residual_surface	reason.deferred_residual_surface	full_periodic_with_cap_boundaries	u_periodic;cutout.cylindrical_bore;cutout.multi_bore_cylinder_deferred;cutout.filleted_slot_deferred
face	756	bspline	deferred_residual_surface	reason.deferred_residual_surface	convex_simple_region	mapped.four_sided_candidate;freeform.uv_grid_candidate
face	757	cylinder	deferred_residual_surface	reason.deferred_residual_surface	full_periodic_with_cap_boundaries	u_periodic;cutout.cylindrical_bore;cutout.multi_bore_cylinder_deferred;cutout.filleted_slot_deferred
face	758	cylinder	deferred_residual_surface	reason.deferred_residual_surface	full_periodic_with_cap_boundaries	u_periodic;cutout.cylindrical_bore;cutout.multi_bore_cylinder_deferred;cutout.filleted_slot_deferred
face	759	cylinder	deferred_residual_surface	reason.deferred_residual_surface	full_periodic_with_cap_boundaries	u_periodic;cutout.cylindrical_bore;cutout.multi_bore_cylinder_deferred;cutout.filleted_slot_deferred
face	760	plane	supported_analytic_template	strategy.surface.plane	simple_disk	cutout.filleted_slot_deferred
face	761	plane	supported_analytic_template	strategy.surface.plane	simple_disk	cutout.filleted_slot_deferred
face	762	cylinder	deferred_residual_surface	reason.deferred_residual_surface	full_periodic_with_cap_boundaries	u_periodic;cutout.multi_bore_cylinder_deferred;cutout.filleted_slot_deferred
face	763	cone	deferred_residual_surface	reason.deferred_residual_surface	full_periodic_with_cap_boundaries	u_periodic
face	764	plane	supported_analytic_template	strategy.surface.plane	multiple_disconnected_domains	reason.multidomain_decomposition_unproven;cutout.filleted_slot_deferred
face	765	plane	supported_analytic_template	strategy.surface.plane	multiple_disconnected_domains	reason.multidomain_decomposition_unproven;cutout.filleted_slot_deferred
face	766	bspline	deferred_residual_surface	reason.deferred_residual_surface	convex_simple_region	mapped.four_sided_candidate;freeform.uv_grid_candidate
face	767	bspline	deferred_residual_surface	reason.deferred_residual_surface	convex_simple_region	mapped.four_sided_candidate;freeform.uv_grid_candidate
face	768	bspline	deferred_residual_surface	reason.deferred_residual_surface	convex_simple_region	mapped.four_sided_candidate;freeform.uv_grid_candidate
face	769	bspline	deferred_residual_surface	reason.deferred_residual_surface	convex_simple_region	mapped.four_sided_candidate;freeform.uv_grid_candidate
face	770	bspline	deferred_residual_surface	reason.deferred_residual_surface	convex_simple_region	mapped.four_sided_candidate;freeform.uv_grid_candidate
face	771	bspline	deferred_residual_surface	reason.deferred_residual_surface	convex_simple_region	mapped.four_sided_candidate;freeform.uv_grid_candidate
face	772	bspline	deferred_residual_surface	reason.deferred_residual_surface	convex_simple_region	mapped.four_sided_candidate;freeform.uv_grid_candidate
face	773	bspline	deferred_residual_surface	reason.deferred_residual_surface	convex_simple_region	mapped.four_sided_candidate;freeform.uv_grid_candidate
face	774	bspline	deferred_residual_surface	reason.deferred_residual_surface	open_or_gapped_loop	v_periodic;mapped.non_four_sided_deferred;freeform.general_deferred
face	775	cone	deferred_residual_surface	reason.deferred_residual_surface	full_periodic_with_cap_boundaries	u_periodic
face	776	plane	supported_analytic_template	strategy.surface.plane	multiple_disconnected_domains	cutout.planar_perforated;reason.multidomain_decomposition_unproven;cutout.filleted_slot_deferred
face	777	cylinder	deferred_residual_surface	reason.deferred_residual_surface	full_periodic_with_cap_boundaries	u_periodic;cutout.multi_bore_cylinder_deferred;cutout.filleted_slot_deferred
face	778	sphere	deferred_residual_surface	reason.deferred_residual_surface	full_periodic_with_cap_boundaries	u_periodic
face	779	plane	supported_analytic_template	strategy.surface.plane	multiple_disconnected_domains	cutout.planar_perforated;reason.multidomain_decomposition_unproven;cutout.filleted_slot_deferred
face	780	torus	deferred_residual_surface	reason.deferred_residual_surface	full_periodic_with_cap_boundaries	u_periodic;v_periodic
face	781	torus	deferred_residual_surface	reason.deferred_residual_surface	full_periodic_with_cap_boundaries	u_periodic;v_periodic
face	782	plane	supported_analytic_template	strategy.surface.plane	multiple_disconnected_domains	cutout.planar_perforated;reason.multidomain_decomposition_unproven;cutout.filleted_slot_deferred
face	783	cylinder	deferred_residual_surface	reason.deferred_residual_surface	full_periodic_with_cap_boundaries	u_periodic;cutout.cylindrical_bore;cutout.multi_bore_cylinder_deferred;cutout.filleted_slot_deferred
face	784	cone	deferred_residual_surface	reason.deferred_residual_surface	full_periodic_with_cap_boundaries	u_periodic
face	785	cylinder	deferred_residual_surface	reason.deferred_residual_surface	full_periodic_with_cap_boundaries	u_periodic;cutout.multi_bore_cylinder_deferred;cutout.filleted_slot_deferred
face	786	plane	supported_analytic_template	strategy.surface.plane	multiple_disconnected_domains	cutout.planar_perforated;reason.multidomain_decomposition_unproven;cutout.filleted_slot_deferred
face	787	cone	deferred_residual_surface	reason.deferred_residual_surface	full_periodic_with_cap_boundaries	u_periodic
face	788	cylinder	deferred_residual_surface	reason.deferred_residual_surface	full_periodic_with_cap_boundaries	u_periodic;cutout.cylindrical_bore;cutout.multi_bore_cylinder_deferred;cutout.filleted_slot_deferred
face	789	sphere	deferred_residual_surface	reason.deferred_residual_surface	open_or_gapped_loop	u_periodic
face	790	torus	deferred_residual_surface	reason.deferred_residual_surface	full_periodic_with_cap_boundaries	u_periodic;v_periodic
face	791	torus	deferred_residual_surface	reason.deferred_residual_surface	full_periodic_with_cap_boundaries	u_periodic;v_periodic
face	792	cylinder	deferred_residual_surface	reason.deferred_residual_surface	full_periodic_with_cap_boundaries	u_periodic;cutout.cylindrical_bore;cutout.multi_bore_cylinder_deferred;cutout.filleted_slot_deferred
face	793	cone	deferred_residual_surface	reason.deferred_residual_surface	full_periodic_with_cap_boundaries	u_periodic
face	794	cylinder	deferred_residual_surface	reason.deferred_residual_surface	full_periodic_with_cap_boundaries	u_periodic;cutout.cylindrical_bore;cutout.multi_bore_cylinder_deferred;cutout.filleted_slot_deferred
face	795	plane	supported_analytic_template	strategy.surface.plane	multiple_disconnected_domains	reason.multidomain_decomposition_unproven;cutout.filleted_slot_deferred
face	796	plane	supported_analytic_template	strategy.surface.plane	multiple_disconnected_domains	reason.multidomain_decomposition_unproven;cutout.filleted_slot_deferred
face	797	cylinder	deferred_residual_surface	reason.deferred_residual_surface	full_periodic_with_cap_boundaries	u_periodic;cutout.multi_bore_cylinder_deferred;cutout.filleted_slot_deferred
face	798	cylinder	deferred_residual_surface	reason.deferred_residual_surface	full_periodic_with_cap_boundaries	u_periodic;cutout.multi_bore_cylinder_deferred;cutout.filleted_slot_deferred
face	799	bspline	deferred_residual_surface	reason.deferred_residual_surface	convex_simple_region	mapped.four_sided_candidate;freeform.uv_grid_candidate
face	800	bspline	deferred_residual_surface	reason.deferred_residual_surface	convex_simple_region	mapped.four_sided_candidate;freeform.uv_grid_candidate
face	801	bspline	deferred_residual_surface	reason.deferred_residual_surface	full_periodic_with_cap_boundaries	v_periodic;mapped.non_four_sided_deferred;freeform.general_deferred
face	802	cone	deferred_residual_surface	reason.deferred_residual_surface	full_periodic_with_cap_boundaries	u_periodic
face	803	plane	supported_analytic_template	strategy.surface.plane	multiple_disconnected_domains	cutout.planar_perforated;reason.multidomain_decomposition_unproven;cutout.filleted_slot_deferred
face	804	cylinder	deferred_residual_surface	reason.deferred_residual_surface	full_periodic_with_cap_boundaries	u_periodic;cutout.multi_bore_cylinder_deferred;cutout.filleted_slot_deferred
face	805	sphere	deferred_residual_surface	reason.deferred_residual_surface	full_periodic_with_cap_boundaries	u_periodic
face	806	plane	supported_analytic_template	strategy.surface.plane	multiple_disconnected_domains	cutout.planar_perforated;reason.multidomain_decomposition_unproven;cutout.filleted_slot_deferred
face	807	torus	deferred_residual_surface	reason.deferred_residual_surface	full_periodic_with_cap_boundaries	u_periodic;v_periodic
face	808	torus	deferred_residual_surface	reason.deferred_residual_surface	full_periodic_with_cap_boundaries	u_periodic;v_periodic
face	809	plane	supported_analytic_template	strategy.surface.plane	multiple_disconnected_domains	cutout.planar_perforated;reason.multidomain_decomposition_unproven;cutout.filleted_slot_deferred
face	810	cylinder	deferred_residual_surface	reason.deferred_residual_surface	full_periodic_with_cap_boundaries	u_periodic;cutout.cylindrical_bore;cutout.multi_bore_cylinder_deferred;cutout.filleted_slot_deferred
face	811	cone	deferred_residual_surface	reason.deferred_residual_surface	full_periodic_with_cap_boundaries	u_periodic
face	812	cylinder	deferred_residual_surface	reason.deferred_residual_surface	full_periodic_with_cap_boundaries	u_periodic;cutout.multi_bore_cylinder_deferred;cutout.filleted_slot_deferred
face	813	plane	supported_analytic_template	strategy.surface.plane	multiple_disconnected_domains	cutout.planar_perforated;reason.multidomain_decomposition_unproven;cutout.filleted_slot_deferred
face	814	cone	deferred_residual_surface	reason.deferred_residual_surface	full_periodic_with_cap_boundaries	u_periodic
face	815	cylinder	deferred_residual_surface	reason.deferred_residual_surface	full_periodic_with_cap_boundaries	u_periodic;cutout.cylindrical_bore;cutout.multi_bore_cylinder_deferred;cutout.filleted_slot_deferred
face	816	sphere	deferred_residual_surface	reason.deferred_residual_surface	open_or_gapped_loop	u_periodic
face	817	torus	deferred_residual_surface	reason.deferred_residual_surface	full_periodic_with_cap_boundaries	u_periodic;v_periodic
face	818	torus	deferred_residual_surface	reason.deferred_residual_surface	full_periodic_with_cap_boundaries	u_periodic;v_periodic
face	819	cylinder	deferred_residual_surface	reason.deferred_residual_surface	full_periodic_with_cap_boundaries	u_periodic;cutout.cylindrical_bore;cutout.multi_bore_cylinder_deferred;cutout.filleted_slot_deferred
face	820	cone	deferred_residual_surface	reason.deferred_residual_surface	full_periodic_with_cap_boundaries	u_periodic
face	821	cylinder	deferred_residual_surface	reason.deferred_residual_surface	full_periodic_with_cap_boundaries	u_periodic;cutout.cylindrical_bore;cutout.multi_bore_cylinder_deferred;cutout.filleted_slot_deferred
face	822	plane	supported_analytic_template	strategy.surface.plane	multiple_disconnected_domains	reason.multidomain_decomposition_unproven;cutout.filleted_slot_deferred
face	823	plane	supported_analytic_template	strategy.surface.plane	multiple_disconnected_domains	reason.multidomain_decomposition_unproven;cutout.filleted_slot_deferred
face	824	cylinder	deferred_residual_surface	reason.deferred_residual_surface	full_periodic_with_cap_boundaries	u_periodic;cutout.multi_bore_cylinder_deferred;cutout.filleted_slot_deferred
face	825	cylinder	deferred_residual_surface	reason.deferred_residual_surface	full_periodic_with_cap_boundaries	u_periodic;cutout.multi_bore_cylinder_deferred;cutout.filleted_slot_deferred
face	826	bspline	deferred_residual_surface	reason.deferred_residual_surface	convex_simple_region	mapped.four_sided_candidate;freeform.uv_grid_candidate
face	827	bspline	deferred_residual_surface	reason.deferred_residual_surface	convex_simple_region	mapped.four_sided_candidate;freeform.uv_grid_candidate
face	828	bspline	deferred_residual_surface	reason.deferred_residual_surface	open_or_gapped_loop	v_periodic;mapped.non_four_sided_deferred;freeform.general_deferred
face	829	cone	deferred_residual_surface	reason.deferred_residual_surface	full_periodic_with_cap_boundaries	u_periodic
face	830	plane	supported_analytic_template	strategy.surface.plane	multiple_disconnected_domains	cutout.planar_perforated;reason.multidomain_decomposition_unproven;cutout.filleted_slot_deferred
face	831	cylinder	deferred_residual_surface	reason.deferred_residual_surface	full_periodic_with_cap_boundaries	u_periodic;cutout.multi_bore_cylinder_deferred;cutout.filleted_slot_deferred
face	832	sphere	deferred_residual_surface	reason.deferred_residual_surface	full_periodic_with_cap_boundaries	u_periodic
face	833	plane	supported_analytic_template	strategy.surface.plane	multiple_disconnected_domains	cutout.planar_perforated;reason.multidomain_decomposition_unproven;cutout.filleted_slot_deferred
face	834	torus	deferred_residual_surface	reason.deferred_residual_surface	full_periodic_with_cap_boundaries	u_periodic;v_periodic
face	835	torus	deferred_residual_surface	reason.deferred_residual_surface	full_periodic_with_cap_boundaries	u_periodic;v_periodic
face	836	plane	supported_analytic_template	strategy.surface.plane	multiple_disconnected_domains	cutout.planar_perforated;reason.multidomain_decomposition_unproven;cutout.filleted_slot_deferred
face	837	cylinder	deferred_residual_surface	reason.deferred_residual_surface	full_periodic_with_cap_boundaries	u_periodic;cutout.cylindrical_bore;cutout.multi_bore_cylinder_deferred;cutout.filleted_slot_deferred
face	838	cone	deferred_residual_surface	reason.deferred_residual_surface	full_periodic_with_cap_boundaries	u_periodic
face	839	cylinder	deferred_residual_surface	reason.deferred_residual_surface	full_periodic_with_cap_boundaries	u_periodic;cutout.multi_bore_cylinder_deferred;cutout.filleted_slot_deferred
face	840	plane	supported_analytic_template	strategy.surface.plane	multiple_disconnected_domains	cutout.planar_perforated;reason.multidomain_decomposition_unproven;cutout.filleted_slot_deferred
face	841	cone	deferred_residual_surface	reason.deferred_residual_surface	full_periodic_with_cap_boundaries	u_periodic
face	842	cylinder	deferred_residual_surface	reason.deferred_residual_surface	full_periodic_with_cap_boundaries	u_periodic;cutout.cylindrical_bore;cutout.multi_bore_cylinder_deferred;cutout.filleted_slot_deferred
face	843	sphere	deferred_residual_surface	reason.deferred_residual_surface	open_or_gapped_loop	u_periodic
face	844	torus	deferred_residual_surface	reason.deferred_residual_surface	full_periodic_with_cap_boundaries	u_periodic;v_periodic
face	845	torus	deferred_residual_surface	reason.deferred_residual_surface	full_periodic_with_cap_boundaries	u_periodic;v_periodic
face	846	cylinder	deferred_residual_surface	reason.deferred_residual_surface	full_periodic_with_cap_boundaries	u_periodic;cutout.cylindrical_bore;cutout.multi_bore_cylinder_deferred;cutout.filleted_slot_deferred
face	847	cone	deferred_residual_surface	reason.deferred_residual_surface	full_periodic_with_cap_boundaries	u_periodic
face	848	cylinder	deferred_residual_surface	reason.deferred_residual_surface	full_periodic_with_cap_boundaries	u_periodic;cutout.cylindrical_bore;cutout.multi_bore_cylinder_deferred;cutout.filleted_slot_deferred
face	849	plane	supported_analytic_template	strategy.surface.plane	multiple_disconnected_domains	reason.multidomain_decomposition_unproven;cutout.filleted_slot_deferred
face	850	plane	supported_analytic_template	strategy.surface.plane	multiple_disconnected_domains	reason.multidomain_decomposition_unproven;cutout.filleted_slot_deferred
face	851	cylinder	deferred_residual_surface	reason.deferred_residual_surface	full_periodic_with_cap_boundaries	u_periodic;cutout.multi_bore_cylinder_deferred;cutout.filleted_slot_deferred
face	852	cylinder	deferred_residual_surface	reason.deferred_residual_surface	full_periodic_with_cap_boundaries	u_periodic;cutout.multi_bore_cylinder_deferred;cutout.filleted_slot_deferred
face	853	bspline	deferred_residual_surface	reason.deferred_residual_surface	convex_simple_region	mapped.four_sided_candidate;freeform.uv_grid_candidate
face	854	bspline	deferred_residual_surface	reason.deferred_residual_surface	convex_simple_region	mapped.four_sided_candidate;freeform.uv_grid_candidate
face	855	bspline	deferred_residual_surface	reason.deferred_residual_surface	open_or_gapped_loop	v_periodic;mapped.non_four_sided_deferred;freeform.general_deferred
face	856	cone	deferred_residual_surface	reason.deferred_residual_surface	full_periodic_with_cap_boundaries	u_periodic
face	857	plane	supported_analytic_template	strategy.surface.plane	multiple_disconnected_domains	cutout.planar_perforated;reason.multidomain_decomposition_unproven;cutout.filleted_slot_deferred
face	858	cylinder	deferred_residual_surface	reason.deferred_residual_surface	full_periodic_with_cap_boundaries	u_periodic;cutout.multi_bore_cylinder_deferred;cutout.filleted_slot_deferred
face	859	sphere	deferred_residual_surface	reason.deferred_residual_surface	full_periodic_with_cap_boundaries	u_periodic
face	860	plane	supported_analytic_template	strategy.surface.plane	multiple_disconnected_domains	cutout.planar_perforated;reason.multidomain_decomposition_unproven;cutout.filleted_slot_deferred
face	861	torus	deferred_residual_surface	reason.deferred_residual_surface	full_periodic_with_cap_boundaries	u_periodic;v_periodic
face	862	torus	deferred_residual_surface	reason.deferred_residual_surface	full_periodic_with_cap_boundaries	u_periodic;v_periodic
face	863	plane	supported_analytic_template	strategy.surface.plane	multiple_disconnected_domains	cutout.planar_perforated;reason.multidomain_decomposition_unproven;cutout.filleted_slot_deferred
face	864	cylinder	deferred_residual_surface	reason.deferred_residual_surface	full_periodic_with_cap_boundaries	u_periodic;cutout.cylindrical_bore;cutout.multi_bore_cylinder_deferred;cutout.filleted_slot_deferred
face	865	cone	deferred_residual_surface	reason.deferred_residual_surface	full_periodic_with_cap_boundaries	u_periodic
face	866	cylinder	deferred_residual_surface	reason.deferred_residual_surface	full_periodic_with_cap_boundaries	u_periodic;cutout.multi_bore_cylinder_deferred;cutout.filleted_slot_deferred
face	867	plane	supported_analytic_template	strategy.surface.plane	multiple_disconnected_domains	cutout.planar_perforated;reason.multidomain_decomposition_unproven;cutout.filleted_slot_deferred
face	868	cone	deferred_residual_surface	reason.deferred_residual_surface	full_periodic_with_cap_boundaries	u_periodic
face	869	cylinder	deferred_residual_surface	reason.deferred_residual_surface	full_periodic_with_cap_boundaries	u_periodic;cutout.cylindrical_bore;cutout.multi_bore_cylinder_deferred;cutout.filleted_slot_deferred
face	870	sphere	deferred_residual_surface	reason.deferred_residual_surface	open_or_gapped_loop	u_periodic
face	871	torus	deferred_residual_surface	reason.deferred_residual_surface	full_periodic_with_cap_boundaries	u_periodic;v_periodic
face	872	torus	deferred_residual_surface	reason.deferred_residual_surface	full_periodic_with_cap_boundaries	u_periodic;v_periodic
face	873	cylinder	deferred_residual_surface	reason.deferred_residual_surface	full_periodic_with_cap_boundaries	u_periodic;cutout.cylindrical_bore;cutout.multi_bore_cylinder_deferred;cutout.filleted_slot_deferred
face	874	cone	deferred_residual_surface	reason.deferred_residual_surface	full_periodic_with_cap_boundaries	u_periodic
face	875	cylinder	deferred_residual_surface	reason.deferred_residual_surface	full_periodic_with_cap_boundaries	u_periodic;cutout.cylindrical_bore;cutout.multi_bore_cylinder_deferred;cutout.filleted_slot_deferred
face	876	plane	supported_analytic_template	strategy.surface.plane	multiple_disconnected_domains	reason.multidomain_decomposition_unproven;cutout.filleted_slot_deferred
face	877	plane	supported_analytic_template	strategy.surface.plane	multiple_disconnected_domains	reason.multidomain_decomposition_unproven;cutout.filleted_slot_deferred
face	878	cylinder	deferred_residual_surface	reason.deferred_residual_surface	full_periodic_with_cap_boundaries	u_periodic;cutout.multi_bore_cylinder_deferred;cutout.filleted_slot_deferred
face	879	cylinder	deferred_residual_surface	reason.deferred_residual_surface	full_periodic_with_cap_boundaries	u_periodic;cutout.multi_bore_cylinder_deferred;cutout.filleted_slot_deferred
face	880	bspline	deferred_residual_surface	reason.deferred_residual_surface	convex_simple_region	mapped.four_sided_candidate;freeform.uv_grid_candidate
face	881	bspline	deferred_residual_surface	reason.deferred_residual_surface	convex_simple_region	mapped.four_sided_candidate;freeform.uv_grid_candidate
face	882	bspline	deferred_residual_surface	reason.deferred_residual_surface	open_or_gapped_loop	v_periodic;mapped.non_four_sided_deferred;freeform.general_deferred
face	883	cone	deferred_residual_surface	reason.deferred_residual_surface	full_periodic_with_cap_boundaries	u_periodic
face	884	plane	supported_analytic_template	strategy.surface.plane	multiple_disconnected_domains	cutout.planar_perforated;reason.multidomain_decomposition_unproven;cutout.filleted_slot_deferred
face	885	cylinder	deferred_residual_surface	reason.deferred_residual_surface	full_periodic_with_cap_boundaries	u_periodic;cutout.multi_bore_cylinder_deferred;cutout.filleted_slot_deferred
face	886	sphere	deferred_residual_surface	reason.deferred_residual_surface	full_periodic_with_cap_boundaries	u_periodic
face	887	plane	supported_analytic_template	strategy.surface.plane	multiple_disconnected_domains	cutout.planar_perforated;reason.multidomain_decomposition_unproven;cutout.filleted_slot_deferred
face	888	torus	deferred_residual_surface	reason.deferred_residual_surface	full_periodic_with_cap_boundaries	u_periodic;v_periodic
face	889	torus	deferred_residual_surface	reason.deferred_residual_surface	full_periodic_with_cap_boundaries	u_periodic;v_periodic
face	890	plane	supported_analytic_template	strategy.surface.plane	multiple_disconnected_domains	cutout.planar_perforated;reason.multidomain_decomposition_unproven;cutout.filleted_slot_deferred
face	891	cylinder	deferred_residual_surface	reason.deferred_residual_surface	full_periodic_with_cap_boundaries	u_periodic;cutout.cylindrical_bore;cutout.multi_bore_cylinder_deferred;cutout.filleted_slot_deferred
face	892	cone	deferred_residual_surface	reason.deferred_residual_surface	full_periodic_with_cap_boundaries	u_periodic
face	893	cylinder	deferred_residual_surface	reason.deferred_residual_surface	full_periodic_with_cap_boundaries	u_periodic;cutout.multi_bore_cylinder_deferred;cutout.filleted_slot_deferred
face	894	plane	supported_analytic_template	strategy.surface.plane	multiple_disconnected_domains	cutout.planar_perforated;reason.multidomain_decomposition_unproven;cutout.filleted_slot_deferred
face	895	cone	deferred_residual_surface	reason.deferred_residual_surface	full_periodic_with_cap_boundaries	u_periodic
face	896	cylinder	deferred_residual_surface	reason.deferred_residual_surface	full_periodic_with_cap_boundaries	u_periodic;cutout.cylindrical_bore;cutout.multi_bore_cylinder_deferred;cutout.filleted_slot_deferred
face	897	sphere	deferred_residual_surface	reason.deferred_residual_surface	open_or_gapped_loop	u_periodic
face	898	torus	deferred_residual_surface	reason.deferred_residual_surface	full_periodic_with_cap_boundaries	u_periodic;v_periodic
face	899	torus	deferred_residual_surface	reason.deferred_residual_surface	full_periodic_with_cap_boundaries	u_periodic;v_periodic
face	900	cylinder	deferred_residual_surface	reason.deferred_residual_surface	full_periodic_with_cap_boundaries	u_periodic;cutout.cylindrical_bore;cutout.multi_bore_cylinder_deferred;cutout.filleted_slot_deferred
face	901	cone	deferred_residual_surface	reason.deferred_residual_surface	full_periodic_with_cap_boundaries	u_periodic
face	902	cylinder	deferred_residual_surface	reason.deferred_residual_surface	full_periodic_with_cap_boundaries	u_periodic;cutout.cylindrical_bore;cutout.multi_bore_cylinder_deferred;cutout.filleted_slot_deferred
face	903	plane	supported_analytic_template	strategy.surface.plane	multiple_disconnected_domains	reason.multidomain_decomposition_unproven;cutout.filleted_slot_deferred
face	904	plane	supported_analytic_template	strategy.surface.plane	multiple_disconnected_domains	reason.multidomain_decomposition_unproven;cutout.filleted_slot_deferred
face	905	cylinder	deferred_residual_surface	reason.deferred_residual_surface	full_periodic_with_cap_boundaries	u_periodic;cutout.multi_bore_cylinder_deferred;cutout.filleted_slot_deferred
face	906	cylinder	deferred_residual_surface	reason.deferred_residual_surface	full_periodic_with_cap_boundaries	u_periodic;cutout.multi_bore_cylinder_deferred;cutout.filleted_slot_deferred
face	907	bspline	deferred_residual_surface	reason.deferred_residual_surface	convex_simple_region	mapped.four_sided_candidate;freeform.uv_grid_candidate
face	908	bspline	deferred_residual_surface	reason.deferred_residual_surface	convex_simple_region	mapped.four_sided_candidate;freeform.uv_grid_candidate
face	909	bspline	deferred_residual_surface	reason.deferred_residual_surface	open_or_gapped_loop	v_periodic;mapped.non_four_sided_deferred;freeform.general_deferred
face	910	cone	deferred_residual_surface	reason.deferred_residual_surface	full_periodic_with_cap_boundaries	u_periodic
face	911	plane	supported_analytic_template	strategy.surface.plane	multiple_disconnected_domains	cutout.planar_perforated;reason.multidomain_decomposition_unproven;cutout.filleted_slot_deferred
face	912	cylinder	deferred_residual_surface	reason.deferred_residual_surface	full_periodic_with_cap_boundaries	u_periodic;cutout.multi_bore_cylinder_deferred;cutout.filleted_slot_deferred
face	913	sphere	deferred_residual_surface	reason.deferred_residual_surface	full_periodic_with_cap_boundaries	u_periodic
face	914	plane	supported_analytic_template	strategy.surface.plane	multiple_disconnected_domains	cutout.planar_perforated;reason.multidomain_decomposition_unproven;cutout.filleted_slot_deferred
face	915	torus	deferred_residual_surface	reason.deferred_residual_surface	full_periodic_with_cap_boundaries	u_periodic;v_periodic
face	916	torus	deferred_residual_surface	reason.deferred_residual_surface	full_periodic_with_cap_boundaries	u_periodic;v_periodic
face	917	plane	supported_analytic_template	strategy.surface.plane	multiple_disconnected_domains	cutout.planar_perforated;reason.multidomain_decomposition_unproven;cutout.filleted_slot_deferred
face	918	cylinder	deferred_residual_surface	reason.deferred_residual_surface	full_periodic_with_cap_boundaries	u_periodic;cutout.cylindrical_bore;cutout.multi_bore_cylinder_deferred;cutout.filleted_slot_deferred
face	919	cone	deferred_residual_surface	reason.deferred_residual_surface	full_periodic_with_cap_boundaries	u_periodic
face	920	cylinder	deferred_residual_surface	reason.deferred_residual_surface	full_periodic_with_cap_boundaries	u_periodic;cutout.multi_bore_cylinder_deferred;cutout.filleted_slot_deferred
face	921	plane	supported_analytic_template	strategy.surface.plane	multiple_disconnected_domains	cutout.planar_perforated;reason.multidomain_decomposition_unproven;cutout.filleted_slot_deferred
face	922	cone	deferred_residual_surface	reason.deferred_residual_surface	full_periodic_with_cap_boundaries	u_periodic
face	923	cylinder	deferred_residual_surface	reason.deferred_residual_surface	full_periodic_with_cap_boundaries	u_periodic;cutout.cylindrical_bore;cutout.multi_bore_cylinder_deferred;cutout.filleted_slot_deferred
face	924	sphere	deferred_residual_surface	reason.deferred_residual_surface	open_or_gapped_loop	u_periodic
face	925	torus	deferred_residual_surface	reason.deferred_residual_surface	full_periodic_with_cap_boundaries	u_periodic;v_periodic
face	926	torus	deferred_residual_surface	reason.deferred_residual_surface	full_periodic_with_cap_boundaries	u_periodic;v_periodic
face	927	cylinder	deferred_residual_surface	reason.deferred_residual_surface	full_periodic_with_cap_boundaries	u_periodic;cutout.cylindrical_bore;cutout.multi_bore_cylinder_deferred;cutout.filleted_slot_deferred
face	928	cone	deferred_residual_surface	reason.deferred_residual_surface	full_periodic_with_cap_boundaries	u_periodic
face	929	cylinder	deferred_residual_surface	reason.deferred_residual_surface	full_periodic_with_cap_boundaries	u_periodic;cutout.cylindrical_bore;cutout.multi_bore_cylinder_deferred;cutout.filleted_slot_deferred
face	930	plane	supported_analytic_template	strategy.surface.plane	multiple_disconnected_domains	reason.multidomain_decomposition_unproven;cutout.filleted_slot_deferred
face	931	plane	supported_analytic_template	strategy.surface.plane	multiple_disconnected_domains	reason.multidomain_decomposition_unproven;cutout.filleted_slot_deferred
face	932	cylinder	deferred_residual_surface	reason.deferred_residual_surface	full_periodic_with_cap_boundaries	u_periodic;cutout.multi_bore_cylinder_deferred;cutout.filleted_slot_deferred
face	933	cylinder	deferred_residual_surface	reason.deferred_residual_surface	full_periodic_with_cap_boundaries	u_periodic;cutout.multi_bore_cylinder_deferred;cutout.filleted_slot_deferred
face	934	bspline	deferred_residual_surface	reason.deferred_residual_surface	convex_simple_region	mapped.four_sided_candidate;freeform.uv_grid_candidate
face	935	bspline	deferred_residual_surface	reason.deferred_residual_surface	convex_simple_region	mapped.four_sided_candidate;freeform.uv_grid_candidate
face	936	bspline	deferred_residual_surface	reason.deferred_residual_surface	open_or_gapped_loop	v_periodic;mapped.non_four_sided_deferred;freeform.general_deferred
face	937	cone	deferred_residual_surface	reason.deferred_residual_surface	full_periodic_with_cap_boundaries	u_periodic
face	938	plane	supported_analytic_template	strategy.surface.plane	multiple_disconnected_domains	cutout.planar_perforated;reason.multidomain_decomposition_unproven;cutout.filleted_slot_deferred
face	939	cylinder	deferred_residual_surface	reason.deferred_residual_surface	full_periodic_with_cap_boundaries	u_periodic;cutout.multi_bore_cylinder_deferred;cutout.filleted_slot_deferred
face	940	sphere	deferred_residual_surface	reason.deferred_residual_surface	full_periodic_with_cap_boundaries	u_periodic
face	941	plane	supported_analytic_template	strategy.surface.plane	multiple_disconnected_domains	cutout.planar_perforated;reason.multidomain_decomposition_unproven;cutout.filleted_slot_deferred
face	942	torus	deferred_residual_surface	reason.deferred_residual_surface	full_periodic_with_cap_boundaries	u_periodic;v_periodic
face	943	torus	deferred_residual_surface	reason.deferred_residual_surface	full_periodic_with_cap_boundaries	u_periodic;v_periodic
face	944	plane	supported_analytic_template	strategy.surface.plane	multiple_disconnected_domains	cutout.planar_perforated;reason.multidomain_decomposition_unproven;cutout.filleted_slot_deferred
face	945	cylinder	deferred_residual_surface	reason.deferred_residual_surface	full_periodic_with_cap_boundaries	u_periodic;cutout.cylindrical_bore;cutout.multi_bore_cylinder_deferred;cutout.filleted_slot_deferred
face	946	cone	deferred_residual_surface	reason.deferred_residual_surface	full_periodic_with_cap_boundaries	u_periodic
face	947	cylinder	deferred_residual_surface	reason.deferred_residual_surface	full_periodic_with_cap_boundaries	u_periodic;cutout.multi_bore_cylinder_deferred;cutout.filleted_slot_deferred
face	948	plane	supported_analytic_template	strategy.surface.plane	multiple_disconnected_domains	cutout.planar_perforated;reason.multidomain_decomposition_unproven;cutout.filleted_slot_deferred
face	949	cone	deferred_residual_surface	reason.deferred_residual_surface	full_periodic_with_cap_boundaries	u_periodic
face	950	cylinder	deferred_residual_surface	reason.deferred_residual_surface	full_periodic_with_cap_boundaries	u_periodic;cutout.cylindrical_bore;cutout.multi_bore_cylinder_deferred;cutout.filleted_slot_deferred
face	951	sphere	deferred_residual_surface	reason.deferred_residual_surface	open_or_gapped_loop	u_periodic
face	952	torus	deferred_residual_surface	reason.deferred_residual_surface	full_periodic_with_cap_boundaries	u_periodic;v_periodic
face	953	torus	deferred_residual_surface	reason.deferred_residual_surface	full_periodic_with_cap_boundaries	u_periodic;v_periodic
face	954	cylinder	deferred_residual_surface	reason.deferred_residual_surface	full_periodic_with_cap_boundaries	u_periodic;cutout.cylindrical_bore;cutout.multi_bore_cylinder_deferred;cutout.filleted_slot_deferred
face	955	cone	deferred_residual_surface	reason.deferred_residual_surface	full_periodic_with_cap_boundaries	u_periodic
face	956	cylinder	deferred_residual_surface	reason.deferred_residual_surface	full_periodic_with_cap_boundaries	u_periodic;cutout.cylindrical_bore;cutout.multi_bore_cylinder_deferred;cutout.filleted_slot_deferred
face	957	plane	supported_analytic_template	strategy.surface.plane	multiple_disconnected_domains	reason.multidomain_decomposition_unproven;cutout.filleted_slot_deferred
face	958	plane	supported_analytic_template	strategy.surface.plane	multiple_disconnected_domains	reason.multidomain_decomposition_unproven;cutout.filleted_slot_deferred
face	959	cylinder	deferred_residual_surface	reason.deferred_residual_surface	full_periodic_with_cap_boundaries	u_periodic;cutout.multi_bore_cylinder_deferred;cutout.filleted_slot_deferred
face	960	cylinder	deferred_residual_surface	reason.deferred_residual_surface	full_periodic_with_cap_boundaries	u_periodic;cutout.multi_bore_cylinder_deferred;cutout.filleted_slot_deferred
face	961	bspline	deferred_residual_surface	reason.deferred_residual_surface	convex_simple_region	mapped.four_sided_candidate;freeform.uv_grid_candidate
face	962	bspline	deferred_residual_surface	reason.deferred_residual_surface	convex_simple_region	mapped.four_sided_candidate;freeform.uv_grid_candidate
face	963	bspline	deferred_residual_surface	reason.deferred_residual_surface	open_or_gapped_loop	v_periodic;mapped.non_four_sided_deferred;freeform.general_deferred
face	964	cone	deferred_residual_surface	reason.deferred_residual_surface	full_periodic_with_cap_boundaries	u_periodic
face	965	plane	supported_analytic_template	strategy.surface.plane	multiple_disconnected_domains	cutout.planar_perforated;reason.multidomain_decomposition_unproven;cutout.filleted_slot_deferred
face	966	cylinder	deferred_residual_surface	reason.deferred_residual_surface	full_periodic_with_cap_boundaries	u_periodic;cutout.multi_bore_cylinder_deferred;cutout.filleted_slot_deferred
face	967	sphere	deferred_residual_surface	reason.deferred_residual_surface	full_periodic_with_cap_boundaries	u_periodic
face	968	plane	supported_analytic_template	strategy.surface.plane	multiple_disconnected_domains	cutout.planar_perforated;reason.multidomain_decomposition_unproven;cutout.filleted_slot_deferred
face	969	torus	deferred_residual_surface	reason.deferred_residual_surface	full_periodic_with_cap_boundaries	u_periodic;v_periodic
face	970	torus	deferred_residual_surface	reason.deferred_residual_surface	full_periodic_with_cap_boundaries	u_periodic;v_periodic
face	971	plane	supported_analytic_template	strategy.surface.plane	multiple_disconnected_domains	cutout.planar_perforated;reason.multidomain_decomposition_unproven;cutout.filleted_slot_deferred
face	972	cylinder	deferred_residual_surface	reason.deferred_residual_surface	full_periodic_with_cap_boundaries	u_periodic;cutout.cylindrical_bore;cutout.multi_bore_cylinder_deferred;cutout.filleted_slot_deferred
face	973	cone	deferred_residual_surface	reason.deferred_residual_surface	full_periodic_with_cap_boundaries	u_periodic
face	974	cylinder	deferred_residual_surface	reason.deferred_residual_surface	full_periodic_with_cap_boundaries	u_periodic;cutout.multi_bore_cylinder_deferred;cutout.filleted_slot_deferred
face	975	plane	supported_analytic_template	strategy.surface.plane	multiple_disconnected_domains	cutout.planar_perforated;reason.multidomain_decomposition_unproven;cutout.filleted_slot_deferred
face	976	cone	deferred_residual_surface	reason.deferred_residual_surface	full_periodic_with_cap_boundaries	u_periodic
face	977	cylinder	deferred_residual_surface	reason.deferred_residual_surface	full_periodic_with_cap_boundaries	u_periodic;cutout.cylindrical_bore;cutout.multi_bore_cylinder_deferred;cutout.filleted_slot_deferred
face	978	sphere	deferred_residual_surface	reason.deferred_residual_surface	open_or_gapped_loop	u_periodic
face	979	torus	deferred_residual_surface	reason.deferred_residual_surface	full_periodic_with_cap_boundaries	u_periodic;v_periodic
face	980	torus	deferred_residual_surface	reason.deferred_residual_surface	full_periodic_with_cap_boundaries	u_periodic;v_periodic
face	981	cylinder	deferred_residual_surface	reason.deferred_residual_surface	full_periodic_with_cap_boundaries	u_periodic;cutout.cylindrical_bore;cutout.multi_bore_cylinder_deferred;cutout.filleted_slot_deferred
face	982	cone	deferred_residual_surface	reason.deferred_residual_surface	full_periodic_with_cap_boundaries	u_periodic
face	983	cylinder	deferred_residual_surface	reason.deferred_residual_surface	full_periodic_with_cap_boundaries	u_periodic;cutout.cylindrical_bore;cutout.multi_bore_cylinder_deferred;cutout.filleted_slot_deferred
face	984	plane	supported_analytic_template	strategy.surface.plane	multiple_disconnected_domains	reason.multidomain_decomposition_unproven;cutout.filleted_slot_deferred
face	985	plane	supported_analytic_template	strategy.surface.plane	multiple_disconnected_domains	reason.multidomain_decomposition_unproven;cutout.filleted_slot_deferred
face	986	cylinder	deferred_residual_surface	reason.deferred_residual_surface	full_periodic_with_cap_boundaries	u_periodic;cutout.multi_bore_cylinder_deferred;cutout.filleted_slot_deferred
face	987	cylinder	deferred_residual_surface	reason.deferred_residual_surface	full_periodic_with_cap_boundaries	u_periodic;cutout.multi_bore_cylinder_deferred;cutout.filleted_slot_deferred
face	988	bspline	deferred_residual_surface	reason.deferred_residual_surface	convex_simple_region	mapped.four_sided_candidate;freeform.uv_grid_candidate
face	989	bspline	deferred_residual_surface	reason.deferred_residual_surface	convex_simple_region	mapped.four_sided_candidate;freeform.uv_grid_candidate
face	990	bspline	deferred_residual_surface	reason.deferred_residual_surface	open_or_gapped_loop	v_periodic;mapped.non_four_sided_deferred;freeform.general_deferred
face	991	cone	deferred_residual_surface	reason.deferred_residual_surface	full_periodic_with_cap_boundaries	u_periodic
face	992	plane	supported_analytic_template	strategy.surface.plane	multiple_disconnected_domains	cutout.planar_perforated;reason.multidomain_decomposition_unproven;cutout.filleted_slot_deferred
face	993	cylinder	deferred_residual_surface	reason.deferred_residual_surface	full_periodic_with_cap_boundaries	u_periodic;cutout.multi_bore_cylinder_deferred;cutout.filleted_slot_deferred
face	994	sphere	deferred_residual_surface	reason.deferred_residual_surface	full_periodic_with_cap_boundaries	u_periodic
face	995	plane	supported_analytic_template	strategy.surface.plane	multiple_disconnected_domains	cutout.planar_perforated;reason.multidomain_decomposition_unproven;cutout.filleted_slot_deferred
face	996	torus	deferred_residual_surface	reason.deferred_residual_surface	full_periodic_with_cap_boundaries	u_periodic;v_periodic
face	997	torus	deferred_residual_surface	reason.deferred_residual_surface	full_periodic_with_cap_boundaries	u_periodic;v_periodic
face	998	plane	supported_analytic_template	strategy.surface.plane	multiple_disconnected_domains	cutout.planar_perforated;reason.multidomain_decomposition_unproven;cutout.filleted_slot_deferred
face	999	cylinder	deferred_residual_surface	reason.deferred_residual_surface	full_periodic_with_cap_boundaries	u_periodic;cutout.cylindrical_bore;cutout.multi_bore_cylinder_deferred;cutout.filleted_slot_deferred
face	1000	cone	deferred_residual_surface	reason.deferred_residual_surface	full_periodic_with_cap_boundaries	u_periodic
face	1001	cylinder	deferred_residual_surface	reason.deferred_residual_surface	full_periodic_with_cap_boundaries	u_periodic;cutout.multi_bore_cylinder_deferred;cutout.filleted_slot_deferred
face	1002	plane	supported_analytic_template	strategy.surface.plane	multiple_disconnected_domains	cutout.planar_perforated;reason.multidomain_decomposition_unproven;cutout.filleted_slot_deferred
face	1003	cone	deferred_residual_surface	reason.deferred_residual_surface	full_periodic_with_cap_boundaries	u_periodic
face	1004	cylinder	deferred_residual_surface	reason.deferred_residual_surface	full_periodic_with_cap_boundaries	u_periodic;cutout.cylindrical_bore;cutout.multi_bore_cylinder_deferred;cutout.filleted_slot_deferred
face	1005	sphere	deferred_residual_surface	reason.deferred_residual_surface	open_or_gapped_loop	u_periodic
face	1006	torus	deferred_residual_surface	reason.deferred_residual_surface	full_periodic_with_cap_boundaries	u_periodic;v_periodic
face	1007	torus	deferred_residual_surface	reason.deferred_residual_surface	full_periodic_with_cap_boundaries	u_periodic;v_periodic
face	1008	cylinder	deferred_residual_surface	reason.deferred_residual_surface	full_periodic_with_cap_boundaries	u_periodic;cutout.cylindrical_bore;cutout.multi_bore_cylinder_deferred;cutout.filleted_slot_deferred
face	1009	cone	deferred_residual_surface	reason.deferred_residual_surface	full_periodic_with_cap_boundaries	u_periodic
face	1010	cylinder	deferred_residual_surface	reason.deferred_residual_surface	full_periodic_with_cap_boundaries	u_periodic;cutout.cylindrical_bore;cutout.multi_bore_cylinder_deferred;cutout.filleted_slot_deferred
face	1011	plane	supported_analytic_template	strategy.surface.plane	multiple_disconnected_domains	reason.multidomain_decomposition_unproven;cutout.filleted_slot_deferred
face	1012	plane	supported_analytic_template	strategy.surface.plane	multiple_disconnected_domains	reason.multidomain_decomposition_unproven;cutout.filleted_slot_deferred
face	1013	cylinder	deferred_residual_surface	reason.deferred_residual_surface	full_periodic_with_cap_boundaries	u_periodic;cutout.multi_bore_cylinder_deferred;cutout.filleted_slot_deferred
face	1014	cylinder	deferred_residual_surface	reason.deferred_residual_surface	full_periodic_with_cap_boundaries	u_periodic;cutout.multi_bore_cylinder_deferred;cutout.filleted_slot_deferred
face	1015	bspline	deferred_residual_surface	reason.deferred_residual_surface	convex_simple_region	mapped.four_sided_candidate;freeform.uv_grid_candidate
face	1016	bspline	deferred_residual_surface	reason.deferred_residual_surface	convex_simple_region	mapped.four_sided_candidate;freeform.uv_grid_candidate
face	1017	bspline	deferred_residual_surface	reason.deferred_residual_surface	open_or_gapped_loop	v_periodic;mapped.non_four_sided_deferred;freeform.general_deferred
face	1018	cone	deferred_residual_surface	reason.deferred_residual_surface	full_periodic_with_cap_boundaries	u_periodic
face	1019	plane	supported_analytic_template	strategy.surface.plane	multiple_disconnected_domains	cutout.planar_perforated;reason.multidomain_decomposition_unproven;cutout.filleted_slot_deferred
face	1020	cylinder	deferred_residual_surface	reason.deferred_residual_surface	full_periodic_with_cap_boundaries	u_periodic;cutout.multi_bore_cylinder_deferred;cutout.filleted_slot_deferred
face	1021	sphere	deferred_residual_surface	reason.deferred_residual_surface	full_periodic_with_cap_boundaries	u_periodic
face	1022	plane	supported_analytic_template	strategy.surface.plane	multiple_disconnected_domains	cutout.planar_perforated;reason.multidomain_decomposition_unproven;cutout.filleted_slot_deferred
face	1023	torus	deferred_residual_surface	reason.deferred_residual_surface	full_periodic_with_cap_boundaries	u_periodic;v_periodic
face	1024	torus	deferred_residual_surface	reason.deferred_residual_surface	full_periodic_with_cap_boundaries	u_periodic;v_periodic
face	1025	plane	supported_analytic_template	strategy.surface.plane	multiple_disconnected_domains	cutout.planar_perforated;reason.multidomain_decomposition_unproven;cutout.filleted_slot_deferred
face	1026	cylinder	deferred_residual_surface	reason.deferred_residual_surface	full_periodic_with_cap_boundaries	u_periodic;cutout.cylindrical_bore;cutout.multi_bore_cylinder_deferred;cutout.filleted_slot_deferred
face	1027	cone	deferred_residual_surface	reason.deferred_residual_surface	full_periodic_with_cap_boundaries	u_periodic
face	1028	cylinder	deferred_residual_surface	reason.deferred_residual_surface	full_periodic_with_cap_boundaries	u_periodic;cutout.multi_bore_cylinder_deferred;cutout.filleted_slot_deferred
face	1029	plane	supported_analytic_template	strategy.surface.plane	multiple_disconnected_domains	cutout.planar_perforated;reason.multidomain_decomposition_unproven;cutout.filleted_slot_deferred
face	1030	cone	deferred_residual_surface	reason.deferred_residual_surface	full_periodic_with_cap_boundaries	u_periodic
face	1031	cylinder	deferred_residual_surface	reason.deferred_residual_surface	full_periodic_with_cap_boundaries	u_periodic;cutout.cylindrical_bore;cutout.multi_bore_cylinder_deferred;cutout.filleted_slot_deferred
face	1032	sphere	deferred_residual_surface	reason.deferred_residual_surface	open_or_gapped_loop	u_periodic
face	1033	torus	deferred_residual_surface	reason.deferred_residual_surface	full_periodic_with_cap_boundaries	u_periodic;v_periodic
face	1034	torus	deferred_residual_surface	reason.deferred_residual_surface	full_periodic_with_cap_boundaries	u_periodic;v_periodic
face	1035	cylinder	deferred_residual_surface	reason.deferred_residual_surface	full_periodic_with_cap_boundaries	u_periodic;cutout.cylindrical_bore;cutout.multi_bore_cylinder_deferred;cutout.filleted_slot_deferred
face	1036	cone	deferred_residual_surface	reason.deferred_residual_surface	full_periodic_with_cap_boundaries	u_periodic
face	1037	cylinder	deferred_residual_surface	reason.deferred_residual_surface	full_periodic_with_cap_boundaries	u_periodic;cutout.cylindrical_bore;cutout.multi_bore_cylinder_deferred;cutout.filleted_slot_deferred
face	1038	plane	supported_analytic_template	strategy.surface.plane	multiple_disconnected_domains	reason.multidomain_decomposition_unproven;cutout.filleted_slot_deferred
face	1039	plane	supported_analytic_template	strategy.surface.plane	multiple_disconnected_domains	reason.multidomain_decomposition_unproven;cutout.filleted_slot_deferred
face	1040	cylinder	deferred_residual_surface	reason.deferred_residual_surface	full_periodic_with_cap_boundaries	u_periodic;cutout.multi_bore_cylinder_deferred;cutout.filleted_slot_deferred
face	1041	cylinder	deferred_residual_surface	reason.deferred_residual_surface	full_periodic_with_cap_boundaries	u_periodic;cutout.multi_bore_cylinder_deferred;cutout.filleted_slot_deferred
face	1042	bspline	deferred_residual_surface	reason.deferred_residual_surface	convex_simple_region	mapped.four_sided_candidate;freeform.uv_grid_candidate
face	1043	bspline	deferred_residual_surface	reason.deferred_residual_surface	convex_simple_region	mapped.four_sided_candidate;freeform.uv_grid_candidate
face	1044	bspline	deferred_residual_surface	reason.deferred_residual_surface	open_or_gapped_loop	v_periodic;mapped.non_four_sided_deferred;freeform.general_deferred
face	1045	cone	deferred_residual_surface	reason.deferred_residual_surface	full_periodic_with_cap_boundaries	u_periodic
face	1046	plane	supported_analytic_template	strategy.surface.plane	multiple_disconnected_domains	cutout.planar_perforated;reason.multidomain_decomposition_unproven;cutout.filleted_slot_deferred
face	1047	cylinder	deferred_residual_surface	reason.deferred_residual_surface	full_periodic_with_cap_boundaries	u_periodic;cutout.multi_bore_cylinder_deferred;cutout.filleted_slot_deferred
face	1048	sphere	deferred_residual_surface	reason.deferred_residual_surface	full_periodic_with_cap_boundaries	u_periodic
face	1049	plane	supported_analytic_template	strategy.surface.plane	multiple_disconnected_domains	cutout.planar_perforated;reason.multidomain_decomposition_unproven;cutout.filleted_slot_deferred
face	1050	torus	deferred_residual_surface	reason.deferred_residual_surface	full_periodic_with_cap_boundaries	u_periodic;v_periodic
face	1051	torus	deferred_residual_surface	reason.deferred_residual_surface	full_periodic_with_cap_boundaries	u_periodic;v_periodic
face	1052	plane	supported_analytic_template	strategy.surface.plane	multiple_disconnected_domains	cutout.planar_perforated;reason.multidomain_decomposition_unproven;cutout.filleted_slot_deferred
face	1053	cylinder	deferred_residual_surface	reason.deferred_residual_surface	full_periodic_with_cap_boundaries	u_periodic;cutout.cylindrical_bore;cutout.multi_bore_cylinder_deferred;cutout.filleted_slot_deferred
face	1054	cone	deferred_residual_surface	reason.deferred_residual_surface	full_periodic_with_cap_boundaries	u_periodic
face	1055	cylinder	deferred_residual_surface	reason.deferred_residual_surface	full_periodic_with_cap_boundaries	u_periodic;cutout.multi_bore_cylinder_deferred;cutout.filleted_slot_deferred
face	1056	plane	supported_analytic_template	strategy.surface.plane	multiple_disconnected_domains	cutout.planar_perforated;reason.multidomain_decomposition_unproven;cutout.filleted_slot_deferred
face	1057	cone	deferred_residual_surface	reason.deferred_residual_surface	full_periodic_with_cap_boundaries	u_periodic
face	1058	cylinder	deferred_residual_surface	reason.deferred_residual_surface	full_periodic_with_cap_boundaries	u_periodic;cutout.cylindrical_bore;cutout.multi_bore_cylinder_deferred;cutout.filleted_slot_deferred
face	1059	sphere	deferred_residual_surface	reason.deferred_residual_surface	open_or_gapped_loop	u_periodic
face	1060	torus	deferred_residual_surface	reason.deferred_residual_surface	full_periodic_with_cap_boundaries	u_periodic;v_periodic
face	1061	torus	deferred_residual_surface	reason.deferred_residual_surface	full_periodic_with_cap_boundaries	u_periodic;v_periodic
face	1062	cylinder	deferred_residual_surface	reason.deferred_residual_surface	full_periodic_with_cap_boundaries	u_periodic;cutout.cylindrical_bore;cutout.multi_bore_cylinder_deferred;cutout.filleted_slot_deferred
face	1063	cone	deferred_residual_surface	reason.deferred_residual_surface	full_periodic_with_cap_boundaries	u_periodic
face	1064	cylinder	deferred_residual_surface	reason.deferred_residual_surface	full_periodic_with_cap_boundaries	u_periodic;cutout.cylindrical_bore;cutout.multi_bore_cylinder_deferred;cutout.filleted_slot_deferred
face	1065	plane	supported_analytic_template	strategy.surface.plane	multiple_disconnected_domains	reason.multidomain_decomposition_unproven;cutout.filleted_slot_deferred
face	1066	plane	supported_analytic_template	strategy.surface.plane	multiple_disconnected_domains	reason.multidomain_decomposition_unproven;cutout.filleted_slot_deferred
face	1067	cylinder	deferred_residual_surface	reason.deferred_residual_surface	full_periodic_with_cap_boundaries	u_periodic;cutout.multi_bore_cylinder_deferred;cutout.filleted_slot_deferred
face	1068	cylinder	deferred_residual_surface	reason.deferred_residual_surface	full_periodic_with_cap_boundaries	u_periodic;cutout.multi_bore_cylinder_deferred;cutout.filleted_slot_deferred
face	1069	bspline	deferred_residual_surface	reason.deferred_residual_surface	convex_simple_region	mapped.four_sided_candidate;freeform.uv_grid_candidate
face	1070	bspline	deferred_residual_surface	reason.deferred_residual_surface	convex_simple_region	mapped.four_sided_candidate;freeform.uv_grid_candidate
face	1071	bspline	deferred_residual_surface	reason.deferred_residual_surface	open_or_gapped_loop	v_periodic;mapped.non_four_sided_deferred;freeform.general_deferred
face	1072	cone	deferred_residual_surface	reason.deferred_residual_surface	full_periodic_with_cap_boundaries	u_periodic
face	1073	plane	supported_analytic_template	strategy.surface.plane	multiple_disconnected_domains	cutout.planar_perforated;reason.multidomain_decomposition_unproven;cutout.filleted_slot_deferred
face	1074	cylinder	deferred_residual_surface	reason.deferred_residual_surface	full_periodic_with_cap_boundaries	u_periodic;cutout.multi_bore_cylinder_deferred;cutout.filleted_slot_deferred
face	1075	sphere	deferred_residual_surface	reason.deferred_residual_surface	full_periodic_with_cap_boundaries	u_periodic
face	1076	plane	supported_analytic_template	strategy.surface.plane	multiple_disconnected_domains	cutout.planar_perforated;reason.multidomain_decomposition_unproven;cutout.filleted_slot_deferred
face	1077	torus	deferred_residual_surface	reason.deferred_residual_surface	full_periodic_with_cap_boundaries	u_periodic;v_periodic
face	1078	torus	deferred_residual_surface	reason.deferred_residual_surface	full_periodic_with_cap_boundaries	u_periodic;v_periodic
face	1079	plane	supported_analytic_template	strategy.surface.plane	multiple_disconnected_domains	cutout.planar_perforated;reason.multidomain_decomposition_unproven;cutout.filleted_slot_deferred
face	1080	cylinder	deferred_residual_surface	reason.deferred_residual_surface	full_periodic_with_cap_boundaries	u_periodic;cutout.cylindrical_bore;cutout.multi_bore_cylinder_deferred;cutout.filleted_slot_deferred
face	1081	cone	deferred_residual_surface	reason.deferred_residual_surface	full_periodic_with_cap_boundaries	u_periodic
face	1082	cylinder	deferred_residual_surface	reason.deferred_residual_surface	full_periodic_with_cap_boundaries	u_periodic;cutout.multi_bore_cylinder_deferred;cutout.filleted_slot_deferred
face	1083	plane	supported_analytic_template	strategy.surface.plane	multiple_disconnected_domains	cutout.planar_perforated;reason.multidomain_decomposition_unproven;cutout.filleted_slot_deferred
face	1084	cone	deferred_residual_surface	reason.deferred_residual_surface	full_periodic_with_cap_boundaries	u_periodic
face	1085	cylinder	deferred_residual_surface	reason.deferred_residual_surface	full_periodic_with_cap_boundaries	u_periodic;cutout.cylindrical_bore;cutout.multi_bore_cylinder_deferred;cutout.filleted_slot_deferred
face	1086	sphere	deferred_residual_surface	reason.deferred_residual_surface	open_or_gapped_loop	u_periodic
face	1087	torus	deferred_residual_surface	reason.deferred_residual_surface	full_periodic_with_cap_boundaries	u_periodic;v_periodic
face	1088	torus	deferred_residual_surface	reason.deferred_residual_surface	full_periodic_with_cap_boundaries	u_periodic;v_periodic
face	1089	cylinder	deferred_residual_surface	reason.deferred_residual_surface	full_periodic_with_cap_boundaries	u_periodic;cutout.cylindrical_bore;cutout.multi_bore_cylinder_deferred;cutout.filleted_slot_deferred
face	1090	cone	deferred_residual_surface	reason.deferred_residual_surface	full_periodic_with_cap_boundaries	u_periodic
face	1091	cylinder	deferred_residual_surface	reason.deferred_residual_surface	full_periodic_with_cap_boundaries	u_periodic;cutout.cylindrical_bore;cutout.multi_bore_cylinder_deferred;cutout.filleted_slot_deferred
face	1092	plane	supported_analytic_template	strategy.surface.plane	multiple_disconnected_domains	reason.multidomain_decomposition_unproven;cutout.filleted_slot_deferred
face	1093	plane	supported_analytic_template	strategy.surface.plane	multiple_disconnected_domains	reason.multidomain_decomposition_unproven;cutout.filleted_slot_deferred
face	1094	cylinder	deferred_residual_surface	reason.deferred_residual_surface	full_periodic_with_cap_boundaries	u_periodic;cutout.multi_bore_cylinder_deferred;cutout.filleted_slot_deferred
face	1095	cylinder	deferred_residual_surface	reason.deferred_residual_surface	full_periodic_with_cap_boundaries	u_periodic;cutout.multi_bore_cylinder_deferred;cutout.filleted_slot_deferred
face	1096	bspline	deferred_residual_surface	reason.deferred_residual_surface	convex_simple_region	mapped.four_sided_candidate;freeform.uv_grid_candidate
face	1097	bspline	deferred_residual_surface	reason.deferred_residual_surface	convex_simple_region	mapped.four_sided_candidate;freeform.uv_grid_candidate
face	1098	bspline	deferred_residual_surface	reason.deferred_residual_surface	open_or_gapped_loop	v_periodic;mapped.non_four_sided_deferred;freeform.general_deferred
face	1099	cone	deferred_residual_surface	reason.deferred_residual_surface	full_periodic_with_cap_boundaries	u_periodic
face	1100	plane	supported_analytic_template	strategy.surface.plane	multiple_disconnected_domains	cutout.planar_perforated;reason.multidomain_decomposition_unproven;cutout.filleted_slot_deferred
face	1101	cylinder	deferred_residual_surface	reason.deferred_residual_surface	full_periodic_with_cap_boundaries	u_periodic;cutout.multi_bore_cylinder_deferred;cutout.filleted_slot_deferred
face	1102	sphere	deferred_residual_surface	reason.deferred_residual_surface	full_periodic_with_cap_boundaries	u_periodic
face	1103	plane	supported_analytic_template	strategy.surface.plane	multiple_disconnected_domains	cutout.planar_perforated;reason.multidomain_decomposition_unproven;cutout.filleted_slot_deferred
face	1104	torus	deferred_residual_surface	reason.deferred_residual_surface	full_periodic_with_cap_boundaries	u_periodic;v_periodic
face	1105	torus	deferred_residual_surface	reason.deferred_residual_surface	full_periodic_with_cap_boundaries	u_periodic;v_periodic
face	1106	plane	supported_analytic_template	strategy.surface.plane	multiple_disconnected_domains	cutout.planar_perforated;reason.multidomain_decomposition_unproven;cutout.filleted_slot_deferred
face	1107	cylinder	deferred_residual_surface	reason.deferred_residual_surface	full_periodic_with_cap_boundaries	u_periodic;cutout.cylindrical_bore;cutout.multi_bore_cylinder_deferred;cutout.filleted_slot_deferred
face	1108	cone	deferred_residual_surface	reason.deferred_residual_surface	full_periodic_with_cap_boundaries	u_periodic
face	1109	cylinder	deferred_residual_surface	reason.deferred_residual_surface	full_periodic_with_cap_boundaries	u_periodic;cutout.multi_bore_cylinder_deferred;cutout.filleted_slot_deferred
face	1110	plane	supported_analytic_template	strategy.surface.plane	multiple_disconnected_domains	cutout.planar_perforated;reason.multidomain_decomposition_unproven;cutout.filleted_slot_deferred
face	1111	cone	deferred_residual_surface	reason.deferred_residual_surface	full_periodic_with_cap_boundaries	u_periodic
face	1112	cylinder	deferred_residual_surface	reason.deferred_residual_surface	full_periodic_with_cap_boundaries	u_periodic;cutout.cylindrical_bore;cutout.multi_bore_cylinder_deferred;cutout.filleted_slot_deferred
face	1113	sphere	deferred_residual_surface	reason.deferred_residual_surface	open_or_gapped_loop	u_periodic
face	1114	torus	deferred_residual_surface	reason.deferred_residual_surface	full_periodic_with_cap_boundaries	u_periodic;v_periodic
face	1115	torus	deferred_residual_surface	reason.deferred_residual_surface	full_periodic_with_cap_boundaries	u_periodic;v_periodic
face	1116	cylinder	deferred_residual_surface	reason.deferred_residual_surface	full_periodic_with_cap_boundaries	u_periodic;cutout.cylindrical_bore;cutout.multi_bore_cylinder_deferred;cutout.filleted_slot_deferred
face	1117	cone	deferred_residual_surface	reason.deferred_residual_surface	full_periodic_with_cap_boundaries	u_periodic
face	1118	cylinder	deferred_residual_surface	reason.deferred_residual_surface	full_periodic_with_cap_boundaries	u_periodic;cutout.cylindrical_bore;cutout.multi_bore_cylinder_deferred;cutout.filleted_slot_deferred
face	1119	plane	supported_analytic_template	strategy.surface.plane	multiple_disconnected_domains	reason.multidomain_decomposition_unproven;cutout.filleted_slot_deferred
face	1120	plane	supported_analytic_template	strategy.surface.plane	multiple_disconnected_domains	reason.multidomain_decomposition_unproven;cutout.filleted_slot_deferred
face	1121	cylinder	deferred_residual_surface	reason.deferred_residual_surface	full_periodic_with_cap_boundaries	u_periodic;cutout.multi_bore_cylinder_deferred;cutout.filleted_slot_deferred
face	1122	cylinder	deferred_residual_surface	reason.deferred_residual_surface	full_periodic_with_cap_boundaries	u_periodic;cutout.multi_bore_cylinder_deferred;cutout.filleted_slot_deferred
face	1123	bspline	deferred_residual_surface	reason.deferred_residual_surface	convex_simple_region	mapped.four_sided_candidate;freeform.uv_grid_candidate
face	1124	bspline	deferred_residual_surface	reason.deferred_residual_surface	convex_simple_region	mapped.four_sided_candidate;freeform.uv_grid_candidate
face	1125	bspline	deferred_residual_surface	reason.deferred_residual_surface	open_or_gapped_loop	v_periodic;mapped.non_four_sided_deferred;freeform.general_deferred
face	1126	cone	deferred_residual_surface	reason.deferred_residual_surface	full_periodic_with_cap_boundaries	u_periodic
face	1127	plane	supported_analytic_template	strategy.surface.plane	multiple_disconnected_domains	cutout.planar_perforated;reason.multidomain_decomposition_unproven;cutout.filleted_slot_deferred
face	1128	cylinder	deferred_residual_surface	reason.deferred_residual_surface	full_periodic_with_cap_boundaries	u_periodic;cutout.multi_bore_cylinder_deferred;cutout.filleted_slot_deferred
face	1129	sphere	deferred_residual_surface	reason.deferred_residual_surface	full_periodic_with_cap_boundaries	u_periodic
face	1130	plane	supported_analytic_template	strategy.surface.plane	multiple_disconnected_domains	cutout.planar_perforated;reason.multidomain_decomposition_unproven;cutout.filleted_slot_deferred
face	1131	torus	deferred_residual_surface	reason.deferred_residual_surface	full_periodic_with_cap_boundaries	u_periodic;v_periodic
face	1132	torus	deferred_residual_surface	reason.deferred_residual_surface	full_periodic_with_cap_boundaries	u_periodic;v_periodic
face	1133	plane	supported_analytic_template	strategy.surface.plane	multiple_disconnected_domains	cutout.planar_perforated;reason.multidomain_decomposition_unproven;cutout.filleted_slot_deferred
face	1134	cylinder	deferred_residual_surface	reason.deferred_residual_surface	full_periodic_with_cap_boundaries	u_periodic;cutout.cylindrical_bore;cutout.multi_bore_cylinder_deferred;cutout.filleted_slot_deferred
face	1135	cone	deferred_residual_surface	reason.deferred_residual_surface	full_periodic_with_cap_boundaries	u_periodic
face	1136	cylinder	deferred_residual_surface	reason.deferred_residual_surface	full_periodic_with_cap_boundaries	u_periodic;cutout.multi_bore_cylinder_deferred;cutout.filleted_slot_deferred
face	1137	plane	supported_analytic_template	strategy.surface.plane	multiple_disconnected_domains	cutout.planar_perforated;reason.multidomain_decomposition_unproven;cutout.filleted_slot_deferred
face	1138	cone	deferred_residual_surface	reason.deferred_residual_surface	full_periodic_with_cap_boundaries	u_periodic
face	1139	cylinder	deferred_residual_surface	reason.deferred_residual_surface	full_periodic_with_cap_boundaries	u_periodic;cutout.cylindrical_bore;cutout.multi_bore_cylinder_deferred;cutout.filleted_slot_deferred
face	1140	sphere	deferred_residual_surface	reason.deferred_residual_surface	open_or_gapped_loop	u_periodic
face	1141	torus	deferred_residual_surface	reason.deferred_residual_surface	full_periodic_with_cap_boundaries	u_periodic;v_periodic
face	1142	torus	deferred_residual_surface	reason.deferred_residual_surface	full_periodic_with_cap_boundaries	u_periodic;v_periodic
face	1143	cylinder	deferred_residual_surface	reason.deferred_residual_surface	full_periodic_with_cap_boundaries	u_periodic;cutout.cylindrical_bore;cutout.multi_bore_cylinder_deferred;cutout.filleted_slot_deferred
face	1144	cone	deferred_residual_surface	reason.deferred_residual_surface	full_periodic_with_cap_boundaries	u_periodic
face	1145	cylinder	deferred_residual_surface	reason.deferred_residual_surface	full_periodic_with_cap_boundaries	u_periodic;cutout.cylindrical_bore;cutout.multi_bore_cylinder_deferred;cutout.filleted_slot_deferred
face	1146	plane	supported_analytic_template	strategy.surface.plane	multiple_disconnected_domains	reason.multidomain_decomposition_unproven;cutout.filleted_slot_deferred
face	1147	plane	supported_analytic_template	strategy.surface.plane	multiple_disconnected_domains	reason.multidomain_decomposition_unproven;cutout.filleted_slot_deferred
face	1148	cylinder	deferred_residual_surface	reason.deferred_residual_surface	full_periodic_with_cap_boundaries	u_periodic;cutout.multi_bore_cylinder_deferred;cutout.filleted_slot_deferred
face	1149	cylinder	deferred_residual_surface	reason.deferred_residual_surface	full_periodic_with_cap_boundaries	u_periodic;cutout.multi_bore_cylinder_deferred;cutout.filleted_slot_deferred
face	1150	bspline	deferred_residual_surface	reason.deferred_residual_surface	convex_simple_region	mapped.four_sided_candidate;freeform.uv_grid_candidate
face	1151	bspline	deferred_residual_surface	reason.deferred_residual_surface	convex_simple_region	mapped.four_sided_candidate;freeform.uv_grid_candidate
face	1152	bspline	deferred_residual_surface	reason.deferred_residual_surface	open_or_gapped_loop	v_periodic;mapped.non_four_sided_deferred;freeform.general_deferred
face	1153	cone	deferred_residual_surface	reason.deferred_residual_surface	full_periodic_with_cap_boundaries	u_periodic
face	1154	plane	supported_analytic_template	strategy.surface.plane	multiple_disconnected_domains	cutout.planar_perforated;reason.multidomain_decomposition_unproven;cutout.filleted_slot_deferred
face	1155	cylinder	deferred_residual_surface	reason.deferred_residual_surface	full_periodic_with_cap_boundaries	u_periodic;cutout.multi_bore_cylinder_deferred;cutout.filleted_slot_deferred
face	1156	sphere	deferred_residual_surface	reason.deferred_residual_surface	full_periodic_with_cap_boundaries	u_periodic
face	1157	plane	supported_analytic_template	strategy.surface.plane	multiple_disconnected_domains	cutout.planar_perforated;reason.multidomain_decomposition_unproven;cutout.filleted_slot_deferred
face	1158	torus	deferred_residual_surface	reason.deferred_residual_surface	full_periodic_with_cap_boundaries	u_periodic;v_periodic
face	1159	torus	deferred_residual_surface	reason.deferred_residual_surface	full_periodic_with_cap_boundaries	u_periodic;v_periodic
face	1160	plane	supported_analytic_template	strategy.surface.plane	multiple_disconnected_domains	cutout.planar_perforated;reason.multidomain_decomposition_unproven;cutout.filleted_slot_deferred
face	1161	cylinder	deferred_residual_surface	reason.deferred_residual_surface	full_periodic_with_cap_boundaries	u_periodic;cutout.cylindrical_bore;cutout.multi_bore_cylinder_deferred;cutout.filleted_slot_deferred
face	1162	cone	deferred_residual_surface	reason.deferred_residual_surface	full_periodic_with_cap_boundaries	u_periodic
face	1163	cylinder	deferred_residual_surface	reason.deferred_residual_surface	full_periodic_with_cap_boundaries	u_periodic;cutout.multi_bore_cylinder_deferred;cutout.filleted_slot_deferred
face	1164	plane	supported_analytic_template	strategy.surface.plane	multiple_disconnected_domains	cutout.planar_perforated;reason.multidomain_decomposition_unproven;cutout.filleted_slot_deferred
face	1165	cone	deferred_residual_surface	reason.deferred_residual_surface	full_periodic_with_cap_boundaries	u_periodic
face	1166	cylinder	deferred_residual_surface	reason.deferred_residual_surface	full_periodic_with_cap_boundaries	u_periodic;cutout.cylindrical_bore;cutout.multi_bore_cylinder_deferred;cutout.filleted_slot_deferred
face	1167	sphere	deferred_residual_surface	reason.deferred_residual_surface	open_or_gapped_loop	u_periodic
face	1168	torus	deferred_residual_surface	reason.deferred_residual_surface	full_periodic_with_cap_boundaries	u_periodic;v_periodic
face	1169	torus	deferred_residual_surface	reason.deferred_residual_surface	full_periodic_with_cap_boundaries	u_periodic;v_periodic
face	1170	cylinder	deferred_residual_surface	reason.deferred_residual_surface	full_periodic_with_cap_boundaries	u_periodic;cutout.cylindrical_bore;cutout.multi_bore_cylinder_deferred;cutout.filleted_slot_deferred
face	1171	cone	deferred_residual_surface	reason.deferred_residual_surface	full_periodic_with_cap_boundaries	u_periodic
face	1172	cylinder	deferred_residual_surface	reason.deferred_residual_surface	full_periodic_with_cap_boundaries	u_periodic;cutout.cylindrical_bore;cutout.multi_bore_cylinder_deferred;cutout.filleted_slot_deferred
face	1173	plane	supported_analytic_template	strategy.surface.plane	multiple_disconnected_domains	reason.multidomain_decomposition_unproven;cutout.filleted_slot_deferred
face	1174	plane	supported_analytic_template	strategy.surface.plane	multiple_disconnected_domains	reason.multidomain_decomposition_unproven;cutout.filleted_slot_deferred
face	1175	cylinder	deferred_residual_surface	reason.deferred_residual_surface	full_periodic_with_cap_boundaries	u_periodic;cutout.multi_bore_cylinder_deferred;cutout.filleted_slot_deferred
face	1176	cylinder	deferred_residual_surface	reason.deferred_residual_surface	full_periodic_with_cap_boundaries	u_periodic;cutout.multi_bore_cylinder_deferred;cutout.filleted_slot_deferred
face	1177	bspline	deferred_residual_surface	reason.deferred_residual_surface	convex_simple_region	mapped.four_sided_candidate;freeform.uv_grid_candidate
face	1178	bspline	deferred_residual_surface	reason.deferred_residual_surface	convex_simple_region	mapped.four_sided_candidate;freeform.uv_grid_candidate
face	1179	bspline	deferred_residual_surface	reason.deferred_residual_surface	open_or_gapped_loop	v_periodic;mapped.non_four_sided_deferred;freeform.general_deferred
face	1180	cone	deferred_residual_surface	reason.deferred_residual_surface	full_periodic_with_cap_boundaries	u_periodic
face	1181	plane	supported_analytic_template	strategy.surface.plane	multiple_disconnected_domains	cutout.planar_perforated;reason.multidomain_decomposition_unproven;cutout.filleted_slot_deferred
face	1182	cylinder	deferred_residual_surface	reason.deferred_residual_surface	full_periodic_with_cap_boundaries	u_periodic;cutout.multi_bore_cylinder_deferred;cutout.filleted_slot_deferred
face	1183	sphere	deferred_residual_surface	reason.deferred_residual_surface	full_periodic_with_cap_boundaries	u_periodic
face	1184	plane	supported_analytic_template	strategy.surface.plane	multiple_disconnected_domains	cutout.planar_perforated;reason.multidomain_decomposition_unproven;cutout.filleted_slot_deferred
face	1185	torus	deferred_residual_surface	reason.deferred_residual_surface	full_periodic_with_cap_boundaries	u_periodic;v_periodic
face	1186	torus	deferred_residual_surface	reason.deferred_residual_surface	full_periodic_with_cap_boundaries	u_periodic;v_periodic
face	1187	plane	supported_analytic_template	strategy.surface.plane	multiple_disconnected_domains	cutout.planar_perforated;reason.multidomain_decomposition_unproven;cutout.filleted_slot_deferred
face	1188	cylinder	deferred_residual_surface	reason.deferred_residual_surface	full_periodic_with_cap_boundaries	u_periodic;cutout.cylindrical_bore;cutout.multi_bore_cylinder_deferred;cutout.filleted_slot_deferred
face	1189	cone	deferred_residual_surface	reason.deferred_residual_surface	full_periodic_with_cap_boundaries	u_periodic
face	1190	cylinder	deferred_residual_surface	reason.deferred_residual_surface	full_periodic_with_cap_boundaries	u_periodic;cutout.multi_bore_cylinder_deferred;cutout.filleted_slot_deferred
face	1191	plane	supported_analytic_template	strategy.surface.plane	multiple_disconnected_domains	cutout.planar_perforated;reason.multidomain_decomposition_unproven;cutout.filleted_slot_deferred
face	1192	cone	deferred_residual_surface	reason.deferred_residual_surface	full_periodic_with_cap_boundaries	u_periodic
face	1193	cylinder	deferred_residual_surface	reason.deferred_residual_surface	full_periodic_with_cap_boundaries	u_periodic;cutout.cylindrical_bore;cutout.multi_bore_cylinder_deferred;cutout.filleted_slot_deferred
face	1194	sphere	deferred_residual_surface	reason.deferred_residual_surface	open_or_gapped_loop	u_periodic
face	1195	torus	deferred_residual_surface	reason.deferred_residual_surface	full_periodic_with_cap_boundaries	u_periodic;v_periodic
face	1196	torus	deferred_residual_surface	reason.deferred_residual_surface	full_periodic_with_cap_boundaries	u_periodic;v_periodic
face	1197	cylinder	deferred_residual_surface	reason.deferred_residual_surface	full_periodic_with_cap_boundaries	u_periodic;cutout.cylindrical_bore;cutout.multi_bore_cylinder_deferred;cutout.filleted_slot_deferred
face	1198	cone	deferred_residual_surface	reason.deferred_residual_surface	full_periodic_with_cap_boundaries	u_periodic
face	1199	cylinder	deferred_residual_surface	reason.deferred_residual_surface	full_periodic_with_cap_boundaries	u_periodic;cutout.cylindrical_bore;cutout.multi_bore_cylinder_deferred;cutout.filleted_slot_deferred
face	1200	plane	supported_analytic_template	strategy.surface.plane	multiple_disconnected_domains	reason.multidomain_decomposition_unproven;cutout.filleted_slot_deferred
face	1201	plane	supported_analytic_template	strategy.surface.plane	multiple_disconnected_domains	reason.multidomain_decomposition_unproven;cutout.filleted_slot_deferred
face	1202	cylinder	deferred_residual_surface	reason.deferred_residual_surface	full_periodic_with_cap_boundaries	u_periodic;cutout.multi_bore_cylinder_deferred;cutout.filleted_slot_deferred
face	1203	cylinder	deferred_residual_surface	reason.deferred_residual_surface	full_periodic_with_cap_boundaries	u_periodic;cutout.multi_bore_cylinder_deferred;cutout.filleted_slot_deferred
face	1204	bspline	deferred_residual_surface	reason.deferred_residual_surface	convex_simple_region	mapped.four_sided_candidate;freeform.uv_grid_candidate
face	1205	bspline	deferred_residual_surface	reason.deferred_residual_surface	convex_simple_region	mapped.four_sided_candidate;freeform.uv_grid_candidate
face	1206	bspline	deferred_residual_surface	reason.deferred_residual_surface	full_periodic_with_cap_boundaries	v_periodic;mapped.non_four_sided_deferred;freeform.general_deferred
face	1207	cone	deferred_residual_surface	reason.deferred_residual_surface	full_periodic_with_cap_boundaries	u_periodic
face	1208	plane	supported_analytic_template	strategy.surface.plane	multiple_disconnected_domains	cutout.planar_perforated;reason.multidomain_decomposition_unproven;cutout.filleted_slot_deferred
face	1209	cylinder	deferred_residual_surface	reason.deferred_residual_surface	full_periodic_with_cap_boundaries	u_periodic;cutout.multi_bore_cylinder_deferred;cutout.filleted_slot_deferred
face	1210	sphere	deferred_residual_surface	reason.deferred_residual_surface	full_periodic_with_cap_boundaries	u_periodic
face	1211	plane	supported_analytic_template	strategy.surface.plane	multiple_disconnected_domains	cutout.planar_perforated;reason.multidomain_decomposition_unproven;cutout.filleted_slot_deferred
face	1212	torus	deferred_residual_surface	reason.deferred_residual_surface	full_periodic_with_cap_boundaries	u_periodic;v_periodic
face	1213	torus	deferred_residual_surface	reason.deferred_residual_surface	full_periodic_with_cap_boundaries	u_periodic;v_periodic
face	1214	plane	supported_analytic_template	strategy.surface.plane	multiple_disconnected_domains	cutout.planar_perforated;reason.multidomain_decomposition_unproven;cutout.filleted_slot_deferred
face	1215	cylinder	deferred_residual_surface	reason.deferred_residual_surface	full_periodic_with_cap_boundaries	u_periodic;cutout.cylindrical_bore;cutout.multi_bore_cylinder_deferred;cutout.filleted_slot_deferred
face	1216	cone	deferred_residual_surface	reason.deferred_residual_surface	full_periodic_with_cap_boundaries	u_periodic
face	1217	cylinder	deferred_residual_surface	reason.deferred_residual_surface	full_periodic_with_cap_boundaries	u_periodic;cutout.multi_bore_cylinder_deferred;cutout.filleted_slot_deferred
face	1218	plane	supported_analytic_template	strategy.surface.plane	multiple_disconnected_domains	cutout.planar_perforated;reason.multidomain_decomposition_unproven;cutout.filleted_slot_deferred
face	1219	cone	deferred_residual_surface	reason.deferred_residual_surface	full_periodic_with_cap_boundaries	u_periodic
face	1220	cylinder	deferred_residual_surface	reason.deferred_residual_surface	full_periodic_with_cap_boundaries	u_periodic;cutout.cylindrical_bore;cutout.multi_bore_cylinder_deferred;cutout.filleted_slot_deferred
face	1221	sphere	deferred_residual_surface	reason.deferred_residual_surface	open_or_gapped_loop	u_periodic
face	1222	torus	deferred_residual_surface	reason.deferred_residual_surface	full_periodic_with_cap_boundaries	u_periodic;v_periodic
face	1223	torus	deferred_residual_surface	reason.deferred_residual_surface	full_periodic_with_cap_boundaries	u_periodic;v_periodic
face	1224	cylinder	deferred_residual_surface	reason.deferred_residual_surface	full_periodic_with_cap_boundaries	u_periodic;cutout.cylindrical_bore;cutout.multi_bore_cylinder_deferred;cutout.filleted_slot_deferred
face	1225	cone	deferred_residual_surface	reason.deferred_residual_surface	full_periodic_with_cap_boundaries	u_periodic
face	1226	cylinder	deferred_residual_surface	reason.deferred_residual_surface	full_periodic_with_cap_boundaries	u_periodic;cutout.cylindrical_bore;cutout.multi_bore_cylinder_deferred;cutout.filleted_slot_deferred
face	1227	plane	supported_analytic_template	strategy.surface.plane	multiple_disconnected_domains	reason.multidomain_decomposition_unproven;cutout.filleted_slot_deferred
face	1228	plane	supported_analytic_template	strategy.surface.plane	multiple_disconnected_domains	reason.multidomain_decomposition_unproven;cutout.filleted_slot_deferred
face	1229	cylinder	deferred_residual_surface	reason.deferred_residual_surface	full_periodic_with_cap_boundaries	u_periodic;cutout.multi_bore_cylinder_deferred;cutout.filleted_slot_deferred
face	1230	cylinder	deferred_residual_surface	reason.deferred_residual_surface	full_periodic_with_cap_boundaries	u_periodic;cutout.multi_bore_cylinder_deferred;cutout.filleted_slot_deferred
face	1231	bspline	deferred_residual_surface	reason.deferred_residual_surface	convex_simple_region	mapped.four_sided_candidate;freeform.uv_grid_candidate
face	1232	bspline	deferred_residual_surface	reason.deferred_residual_surface	convex_simple_region	mapped.four_sided_candidate;freeform.uv_grid_candidate
face	1233	bspline	deferred_residual_surface	reason.deferred_residual_surface	full_periodic_with_cap_boundaries	v_periodic;mapped.non_four_sided_deferred;freeform.general_deferred
face	1234	cone	deferred_residual_surface	reason.deferred_residual_surface	full_periodic_with_cap_boundaries	u_periodic
face	1235	plane	supported_analytic_template	strategy.surface.plane	multiple_disconnected_domains	cutout.planar_perforated;reason.multidomain_decomposition_unproven;cutout.filleted_slot_deferred
face	1236	cylinder	deferred_residual_surface	reason.deferred_residual_surface	full_periodic_with_cap_boundaries	u_periodic;cutout.multi_bore_cylinder_deferred;cutout.filleted_slot_deferred
face	1237	sphere	deferred_residual_surface	reason.deferred_residual_surface	full_periodic_with_cap_boundaries	u_periodic
face	1238	plane	supported_analytic_template	strategy.surface.plane	multiple_disconnected_domains	cutout.planar_perforated;reason.multidomain_decomposition_unproven;cutout.filleted_slot_deferred
face	1239	torus	deferred_residual_surface	reason.deferred_residual_surface	full_periodic_with_cap_boundaries	u_periodic;v_periodic
face	1240	torus	deferred_residual_surface	reason.deferred_residual_surface	full_periodic_with_cap_boundaries	u_periodic;v_periodic
face	1241	plane	supported_analytic_template	strategy.surface.plane	multiple_disconnected_domains	cutout.planar_perforated;reason.multidomain_decomposition_unproven;cutout.filleted_slot_deferred
face	1242	cylinder	deferred_residual_surface	reason.deferred_residual_surface	full_periodic_with_cap_boundaries	u_periodic;cutout.cylindrical_bore;cutout.multi_bore_cylinder_deferred;cutout.filleted_slot_deferred
face	1243	cone	deferred_residual_surface	reason.deferred_residual_surface	full_periodic_with_cap_boundaries	u_periodic
face	1244	cylinder	deferred_residual_surface	reason.deferred_residual_surface	full_periodic_with_cap_boundaries	u_periodic;cutout.multi_bore_cylinder_deferred;cutout.filleted_slot_deferred
face	1245	plane	supported_analytic_template	strategy.surface.plane	multiple_disconnected_domains	cutout.planar_perforated;reason.multidomain_decomposition_unproven;cutout.filleted_slot_deferred
face	1246	cone	deferred_residual_surface	reason.deferred_residual_surface	full_periodic_with_cap_boundaries	u_periodic
face	1247	cylinder	deferred_residual_surface	reason.deferred_residual_surface	full_periodic_with_cap_boundaries	u_periodic;cutout.cylindrical_bore;cutout.multi_bore_cylinder_deferred;cutout.filleted_slot_deferred
face	1248	sphere	deferred_residual_surface	reason.deferred_residual_surface	open_or_gapped_loop	u_periodic
face	1249	torus	deferred_residual_surface	reason.deferred_residual_surface	full_periodic_with_cap_boundaries	u_periodic;v_periodic
face	1250	torus	deferred_residual_surface	reason.deferred_residual_surface	full_periodic_with_cap_boundaries	u_periodic;v_periodic
face	1251	cylinder	deferred_residual_surface	reason.deferred_residual_surface	full_periodic_with_cap_boundaries	u_periodic;cutout.cylindrical_bore;cutout.multi_bore_cylinder_deferred;cutout.filleted_slot_deferred
face	1252	cone	deferred_residual_surface	reason.deferred_residual_surface	full_periodic_with_cap_boundaries	u_periodic
face	1253	cylinder	deferred_residual_surface	reason.deferred_residual_surface	full_periodic_with_cap_boundaries	u_periodic;cutout.cylindrical_bore;cutout.multi_bore_cylinder_deferred;cutout.filleted_slot_deferred
face	1254	plane	supported_analytic_template	strategy.surface.plane	multiple_disconnected_domains	reason.multidomain_decomposition_unproven;cutout.filleted_slot_deferred
face	1255	plane	supported_analytic_template	strategy.surface.plane	multiple_disconnected_domains	reason.multidomain_decomposition_unproven;cutout.filleted_slot_deferred
face	1256	cylinder	deferred_residual_surface	reason.deferred_residual_surface	full_periodic_with_cap_boundaries	u_periodic;cutout.multi_bore_cylinder_deferred;cutout.filleted_slot_deferred
face	1257	cylinder	deferred_residual_surface	reason.deferred_residual_surface	full_periodic_with_cap_boundaries	u_periodic;cutout.multi_bore_cylinder_deferred;cutout.filleted_slot_deferred
face	1258	bspline	deferred_residual_surface	reason.deferred_residual_surface	convex_simple_region	mapped.four_sided_candidate;freeform.uv_grid_candidate
face	1259	bspline	deferred_residual_surface	reason.deferred_residual_surface	convex_simple_region	mapped.four_sided_candidate;freeform.uv_grid_candidate
face	1260	bspline	deferred_residual_surface	reason.deferred_residual_surface	full_periodic_with_cap_boundaries	v_periodic;mapped.non_four_sided_deferred;freeform.general_deferred
face	1261	cone	deferred_residual_surface	reason.deferred_residual_surface	full_periodic_with_cap_boundaries	u_periodic
face	1262	plane	supported_analytic_template	strategy.surface.plane	multiple_disconnected_domains	cutout.planar_perforated;reason.multidomain_decomposition_unproven;cutout.filleted_slot_deferred
face	1263	cylinder	deferred_residual_surface	reason.deferred_residual_surface	full_periodic_with_cap_boundaries	u_periodic;cutout.multi_bore_cylinder_deferred;cutout.filleted_slot_deferred
face	1264	sphere	deferred_residual_surface	reason.deferred_residual_surface	full_periodic_with_cap_boundaries	u_periodic
face	1265	plane	supported_analytic_template	strategy.surface.plane	multiple_disconnected_domains	cutout.planar_perforated;reason.multidomain_decomposition_unproven;cutout.filleted_slot_deferred
face	1266	torus	deferred_residual_surface	reason.deferred_residual_surface	full_periodic_with_cap_boundaries	u_periodic;v_periodic
face	1267	torus	deferred_residual_surface	reason.deferred_residual_surface	full_periodic_with_cap_boundaries	u_periodic;v_periodic
face	1268	plane	supported_analytic_template	strategy.surface.plane	multiple_disconnected_domains	cutout.planar_perforated;reason.multidomain_decomposition_unproven;cutout.filleted_slot_deferred
face	1269	cylinder	deferred_residual_surface	reason.deferred_residual_surface	full_periodic_with_cap_boundaries	u_periodic;cutout.cylindrical_bore;cutout.multi_bore_cylinder_deferred;cutout.filleted_slot_deferred
face	1270	cone	deferred_residual_surface	reason.deferred_residual_surface	full_periodic_with_cap_boundaries	u_periodic
face	1271	cylinder	deferred_residual_surface	reason.deferred_residual_surface	full_periodic_with_cap_boundaries	u_periodic;cutout.multi_bore_cylinder_deferred;cutout.filleted_slot_deferred
face	1272	plane	supported_analytic_template	strategy.surface.plane	multiple_disconnected_domains	cutout.planar_perforated;reason.multidomain_decomposition_unproven;cutout.filleted_slot_deferred
face	1273	cone	deferred_residual_surface	reason.deferred_residual_surface	full_periodic_with_cap_boundaries	u_periodic
face	1274	cylinder	deferred_residual_surface	reason.deferred_residual_surface	full_periodic_with_cap_boundaries	u_periodic;cutout.cylindrical_bore;cutout.multi_bore_cylinder_deferred;cutout.filleted_slot_deferred
face	1275	sphere	deferred_residual_surface	reason.deferred_residual_surface	open_or_gapped_loop	u_periodic
face	1276	torus	deferred_residual_surface	reason.deferred_residual_surface	full_periodic_with_cap_boundaries	u_periodic;v_periodic
face	1277	torus	deferred_residual_surface	reason.deferred_residual_surface	full_periodic_with_cap_boundaries	u_periodic;v_periodic
face	1278	cylinder	deferred_residual_surface	reason.deferred_residual_surface	full_periodic_with_cap_boundaries	u_periodic;cutout.cylindrical_bore;cutout.multi_bore_cylinder_deferred;cutout.filleted_slot_deferred
face	1279	cone	deferred_residual_surface	reason.deferred_residual_surface	full_periodic_with_cap_boundaries	u_periodic
face	1280	cylinder	deferred_residual_surface	reason.deferred_residual_surface	full_periodic_with_cap_boundaries	u_periodic;cutout.cylindrical_bore;cutout.multi_bore_cylinder_deferred;cutout.filleted_slot_deferred
face	1281	plane	supported_analytic_template	strategy.surface.plane	multiple_disconnected_domains	reason.multidomain_decomposition_unproven;cutout.filleted_slot_deferred
face	1282	plane	supported_analytic_template	strategy.surface.plane	multiple_disconnected_domains	reason.multidomain_decomposition_unproven;cutout.filleted_slot_deferred
face	1283	cylinder	deferred_residual_surface	reason.deferred_residual_surface	full_periodic_with_cap_boundaries	u_periodic;cutout.multi_bore_cylinder_deferred;cutout.filleted_slot_deferred
face	1284	cylinder	deferred_residual_surface	reason.deferred_residual_surface	full_periodic_with_cap_boundaries	u_periodic;cutout.multi_bore_cylinder_deferred;cutout.filleted_slot_deferred
face	1285	bspline	deferred_residual_surface	reason.deferred_residual_surface	convex_simple_region	mapped.four_sided_candidate;freeform.uv_grid_candidate
face	1286	bspline	deferred_residual_surface	reason.deferred_residual_surface	convex_simple_region	mapped.four_sided_candidate;freeform.uv_grid_candidate
face	1287	bspline	deferred_residual_surface	reason.deferred_residual_surface	full_periodic_with_cap_boundaries	v_periodic;mapped.non_four_sided_deferred;freeform.general_deferred
face	1288	cone	deferred_residual_surface	reason.deferred_residual_surface	full_periodic_with_cap_boundaries	u_periodic
face	1289	plane	supported_analytic_template	strategy.surface.plane	multiple_disconnected_domains	cutout.planar_perforated;reason.multidomain_decomposition_unproven;cutout.filleted_slot_deferred
face	1290	cylinder	deferred_residual_surface	reason.deferred_residual_surface	full_periodic_with_cap_boundaries	u_periodic;cutout.multi_bore_cylinder_deferred;cutout.filleted_slot_deferred
face	1291	sphere	deferred_residual_surface	reason.deferred_residual_surface	full_periodic_with_cap_boundaries	u_periodic
face	1292	plane	supported_analytic_template	strategy.surface.plane	multiple_disconnected_domains	cutout.planar_perforated;reason.multidomain_decomposition_unproven;cutout.filleted_slot_deferred
face	1293	torus	deferred_residual_surface	reason.deferred_residual_surface	full_periodic_with_cap_boundaries	u_periodic;v_periodic
face	1294	torus	deferred_residual_surface	reason.deferred_residual_surface	full_periodic_with_cap_boundaries	u_periodic;v_periodic
face	1295	plane	supported_analytic_template	strategy.surface.plane	multiple_disconnected_domains	cutout.planar_perforated;reason.multidomain_decomposition_unproven;cutout.filleted_slot_deferred
face	1296	cylinder	deferred_residual_surface	reason.deferred_residual_surface	full_periodic_with_cap_boundaries	u_periodic;cutout.cylindrical_bore;cutout.multi_bore_cylinder_deferred;cutout.filleted_slot_deferred
face	1297	cone	deferred_residual_surface	reason.deferred_residual_surface	full_periodic_with_cap_boundaries	u_periodic
face	1298	cylinder	deferred_residual_surface	reason.deferred_residual_surface	full_periodic_with_cap_boundaries	u_periodic;cutout.multi_bore_cylinder_deferred;cutout.filleted_slot_deferred
face	1299	plane	supported_analytic_template	strategy.surface.plane	multiple_disconnected_domains	cutout.planar_perforated;reason.multidomain_decomposition_unproven;cutout.filleted_slot_deferred
face	1300	cone	deferred_residual_surface	reason.deferred_residual_surface	full_periodic_with_cap_boundaries	u_periodic
face	1301	cylinder	deferred_residual_surface	reason.deferred_residual_surface	full_periodic_with_cap_boundaries	u_periodic;cutout.cylindrical_bore;cutout.multi_bore_cylinder_deferred;cutout.filleted_slot_deferred
face	1302	sphere	deferred_residual_surface	reason.deferred_residual_surface	open_or_gapped_loop	u_periodic
face	1303	torus	deferred_residual_surface	reason.deferred_residual_surface	full_periodic_with_cap_boundaries	u_periodic;v_periodic
face	1304	torus	deferred_residual_surface	reason.deferred_residual_surface	full_periodic_with_cap_boundaries	u_periodic;v_periodic
face	1305	cylinder	deferred_residual_surface	reason.deferred_residual_surface	full_periodic_with_cap_boundaries	u_periodic;cutout.cylindrical_bore;cutout.multi_bore_cylinder_deferred;cutout.filleted_slot_deferred
face	1306	cone	deferred_residual_surface	reason.deferred_residual_surface	full_periodic_with_cap_boundaries	u_periodic
face	1307	cylinder	deferred_residual_surface	reason.deferred_residual_surface	full_periodic_with_cap_boundaries	u_periodic;cutout.cylindrical_bore;cutout.multi_bore_cylinder_deferred;cutout.filleted_slot_deferred
face	1308	plane	supported_analytic_template	strategy.surface.plane	multiple_disconnected_domains	reason.multidomain_decomposition_unproven;cutout.filleted_slot_deferred
face	1309	plane	supported_analytic_template	strategy.surface.plane	multiple_disconnected_domains	reason.multidomain_decomposition_unproven;cutout.filleted_slot_deferred
face	1310	cylinder	deferred_residual_surface	reason.deferred_residual_surface	full_periodic_with_cap_boundaries	u_periodic;cutout.multi_bore_cylinder_deferred;cutout.filleted_slot_deferred
face	1311	cylinder	deferred_residual_surface	reason.deferred_residual_surface	full_periodic_with_cap_boundaries	u_periodic;cutout.multi_bore_cylinder_deferred;cutout.filleted_slot_deferred
face	1312	bspline	deferred_residual_surface	reason.deferred_residual_surface	convex_simple_region	mapped.four_sided_candidate;freeform.uv_grid_candidate
face	1313	bspline	deferred_residual_surface	reason.deferred_residual_surface	convex_simple_region	mapped.four_sided_candidate;freeform.uv_grid_candidate
face	1314	bspline	deferred_residual_surface	reason.deferred_residual_surface	full_periodic_with_cap_boundaries	v_periodic;mapped.non_four_sided_deferred;freeform.general_deferred
face	1315	cone	deferred_residual_surface	reason.deferred_residual_surface	full_periodic_with_cap_boundaries	u_periodic
face	1316	plane	supported_analytic_template	strategy.surface.plane	multiple_disconnected_domains	cutout.planar_perforated;reason.multidomain_decomposition_unproven;cutout.filleted_slot_deferred
face	1317	cylinder	deferred_residual_surface	reason.deferred_residual_surface	full_periodic_with_cap_boundaries	u_periodic;cutout.multi_bore_cylinder_deferred;cutout.filleted_slot_deferred
face	1318	sphere	deferred_residual_surface	reason.deferred_residual_surface	full_periodic_with_cap_boundaries	u_periodic
face	1319	plane	supported_analytic_template	strategy.surface.plane	multiple_disconnected_domains	cutout.planar_perforated;reason.multidomain_decomposition_unproven;cutout.filleted_slot_deferred
face	1320	torus	deferred_residual_surface	reason.deferred_residual_surface	full_periodic_with_cap_boundaries	u_periodic;v_periodic
face	1321	torus	deferred_residual_surface	reason.deferred_residual_surface	full_periodic_with_cap_boundaries	u_periodic;v_periodic
face	1322	plane	supported_analytic_template	strategy.surface.plane	multiple_disconnected_domains	cutout.planar_perforated;reason.multidomain_decomposition_unproven;cutout.filleted_slot_deferred
face	1323	cylinder	deferred_residual_surface	reason.deferred_residual_surface	full_periodic_with_cap_boundaries	u_periodic;cutout.cylindrical_bore;cutout.multi_bore_cylinder_deferred;cutout.filleted_slot_deferred
face	1324	cone	deferred_residual_surface	reason.deferred_residual_surface	full_periodic_with_cap_boundaries	u_periodic
face	1325	cylinder	deferred_residual_surface	reason.deferred_residual_surface	full_periodic_with_cap_boundaries	u_periodic;cutout.multi_bore_cylinder_deferred;cutout.filleted_slot_deferred
face	1326	plane	supported_analytic_template	strategy.surface.plane	multiple_disconnected_domains	cutout.planar_perforated;reason.multidomain_decomposition_unproven;cutout.filleted_slot_deferred
face	1327	cone	deferred_residual_surface	reason.deferred_residual_surface	full_periodic_with_cap_boundaries	u_periodic
face	1328	cylinder	deferred_residual_surface	reason.deferred_residual_surface	full_periodic_with_cap_boundaries	u_periodic;cutout.cylindrical_bore;cutout.multi_bore_cylinder_deferred;cutout.filleted_slot_deferred
face	1329	sphere	deferred_residual_surface	reason.deferred_residual_surface	open_or_gapped_loop	u_periodic
face	1330	torus	deferred_residual_surface	reason.deferred_residual_surface	full_periodic_with_cap_boundaries	u_periodic;v_periodic
face	1331	torus	deferred_residual_surface	reason.deferred_residual_surface	full_periodic_with_cap_boundaries	u_periodic;v_periodic
face	1332	cylinder	deferred_residual_surface	reason.deferred_residual_surface	full_periodic_with_cap_boundaries	u_periodic;cutout.cylindrical_bore;cutout.multi_bore_cylinder_deferred;cutout.filleted_slot_deferred
face	1333	cone	deferred_residual_surface	reason.deferred_residual_surface	full_periodic_with_cap_boundaries	u_periodic
face	1334	cylinder	deferred_residual_surface	reason.deferred_residual_surface	full_periodic_with_cap_boundaries	u_periodic;cutout.cylindrical_bore;cutout.multi_bore_cylinder_deferred;cutout.filleted_slot_deferred
face	1335	plane	supported_analytic_template	strategy.surface.plane	multiple_disconnected_domains	reason.multidomain_decomposition_unproven;cutout.filleted_slot_deferred
face	1336	plane	supported_analytic_template	strategy.surface.plane	multiple_disconnected_domains	reason.multidomain_decomposition_unproven;cutout.filleted_slot_deferred
face	1337	cylinder	deferred_residual_surface	reason.deferred_residual_surface	full_periodic_with_cap_boundaries	u_periodic;cutout.multi_bore_cylinder_deferred;cutout.filleted_slot_deferred
face	1338	cylinder	deferred_residual_surface	reason.deferred_residual_surface	full_periodic_with_cap_boundaries	u_periodic;cutout.multi_bore_cylinder_deferred;cutout.filleted_slot_deferred
face	1339	bspline	deferred_residual_surface	reason.deferred_residual_surface	convex_simple_region	mapped.four_sided_candidate;freeform.uv_grid_candidate
face	1340	bspline	deferred_residual_surface	reason.deferred_residual_surface	convex_simple_region	mapped.four_sided_candidate;freeform.uv_grid_candidate
face	1341	bspline	deferred_residual_surface	reason.deferred_residual_surface	full_periodic_with_cap_boundaries	v_periodic;mapped.non_four_sided_deferred;freeform.general_deferred
face	1342	cone	deferred_residual_surface	reason.deferred_residual_surface	full_periodic_with_cap_boundaries	u_periodic
face	1343	plane	supported_analytic_template	strategy.surface.plane	multiple_disconnected_domains	cutout.planar_perforated;reason.multidomain_decomposition_unproven;cutout.filleted_slot_deferred
face	1344	cylinder	deferred_residual_surface	reason.deferred_residual_surface	full_periodic_with_cap_boundaries	u_periodic;cutout.multi_bore_cylinder_deferred;cutout.filleted_slot_deferred
face	1345	sphere	deferred_residual_surface	reason.deferred_residual_surface	full_periodic_with_cap_boundaries	u_periodic
face	1346	plane	supported_analytic_template	strategy.surface.plane	multiple_disconnected_domains	cutout.planar_perforated;reason.multidomain_decomposition_unproven;cutout.filleted_slot_deferred
face	1347	torus	deferred_residual_surface	reason.deferred_residual_surface	full_periodic_with_cap_boundaries	u_periodic;v_periodic
face	1348	torus	deferred_residual_surface	reason.deferred_residual_surface	full_periodic_with_cap_boundaries	u_periodic;v_periodic
face	1349	plane	supported_analytic_template	strategy.surface.plane	multiple_disconnected_domains	cutout.planar_perforated;reason.multidomain_decomposition_unproven;cutout.filleted_slot_deferred
face	1350	cylinder	deferred_residual_surface	reason.deferred_residual_surface	full_periodic_with_cap_boundaries	u_periodic;cutout.cylindrical_bore;cutout.multi_bore_cylinder_deferred;cutout.filleted_slot_deferred
face	1351	cone	deferred_residual_surface	reason.deferred_residual_surface	full_periodic_with_cap_boundaries	u_periodic
face	1352	cylinder	deferred_residual_surface	reason.deferred_residual_surface	full_periodic_with_cap_boundaries	u_periodic;cutout.multi_bore_cylinder_deferred;cutout.filleted_slot_deferred
face	1353	plane	supported_analytic_template	strategy.surface.plane	multiple_disconnected_domains	cutout.planar_perforated;reason.multidomain_decomposition_unproven;cutout.filleted_slot_deferred
face	1354	cone	deferred_residual_surface	reason.deferred_residual_surface	full_periodic_with_cap_boundaries	u_periodic
face	1355	cylinder	deferred_residual_surface	reason.deferred_residual_surface	full_periodic_with_cap_boundaries	u_periodic;cutout.cylindrical_bore;cutout.multi_bore_cylinder_deferred;cutout.filleted_slot_deferred
face	1356	sphere	deferred_residual_surface	reason.deferred_residual_surface	open_or_gapped_loop	u_periodic
face	1357	torus	deferred_residual_surface	reason.deferred_residual_surface	full_periodic_with_cap_boundaries	u_periodic;v_periodic
face	1358	torus	deferred_residual_surface	reason.deferred_residual_surface	full_periodic_with_cap_boundaries	u_periodic;v_periodic
face	1359	cylinder	deferred_residual_surface	reason.deferred_residual_surface	full_periodic_with_cap_boundaries	u_periodic;cutout.cylindrical_bore;cutout.multi_bore_cylinder_deferred;cutout.filleted_slot_deferred
face	1360	cone	deferred_residual_surface	reason.deferred_residual_surface	full_periodic_with_cap_boundaries	u_periodic
face	1361	cylinder	deferred_residual_surface	reason.deferred_residual_surface	full_periodic_with_cap_boundaries	u_periodic;cutout.cylindrical_bore;cutout.multi_bore_cylinder_deferred;cutout.filleted_slot_deferred
face	1362	plane	supported_analytic_template	strategy.surface.plane	multiple_disconnected_domains	reason.multidomain_decomposition_unproven;cutout.filleted_slot_deferred
face	1363	plane	supported_analytic_template	strategy.surface.plane	multiple_disconnected_domains	reason.multidomain_decomposition_unproven;cutout.filleted_slot_deferred
face	1364	cylinder	deferred_residual_surface	reason.deferred_residual_surface	full_periodic_with_cap_boundaries	u_periodic;cutout.multi_bore_cylinder_deferred;cutout.filleted_slot_deferred
face	1365	cylinder	deferred_residual_surface	reason.deferred_residual_surface	full_periodic_with_cap_boundaries	u_periodic;cutout.multi_bore_cylinder_deferred;cutout.filleted_slot_deferred
face	1366	bspline	deferred_residual_surface	reason.deferred_residual_surface	convex_simple_region	mapped.four_sided_candidate;freeform.uv_grid_candidate
face	1367	bspline	deferred_residual_surface	reason.deferred_residual_surface	convex_simple_region	mapped.four_sided_candidate;freeform.uv_grid_candidate
face	1368	bspline	deferred_residual_surface	reason.deferred_residual_surface	full_periodic_with_cap_boundaries	v_periodic;mapped.non_four_sided_deferred;freeform.general_deferred
face	1369	cone	deferred_residual_surface	reason.deferred_residual_surface	full_periodic_with_cap_boundaries	u_periodic
face	1370	plane	supported_analytic_template	strategy.surface.plane	multiple_disconnected_domains	cutout.planar_perforated;reason.multidomain_decomposition_unproven;cutout.filleted_slot_deferred
face	1371	cylinder	deferred_residual_surface	reason.deferred_residual_surface	full_periodic_with_cap_boundaries	u_periodic;cutout.multi_bore_cylinder_deferred;cutout.filleted_slot_deferred
face	1372	sphere	deferred_residual_surface	reason.deferred_residual_surface	full_periodic_with_cap_boundaries	u_periodic
face	1373	plane	supported_analytic_template	strategy.surface.plane	multiple_disconnected_domains	cutout.planar_perforated;reason.multidomain_decomposition_unproven;cutout.filleted_slot_deferred
face	1374	torus	deferred_residual_surface	reason.deferred_residual_surface	full_periodic_with_cap_boundaries	u_periodic;v_periodic
face	1375	torus	deferred_residual_surface	reason.deferred_residual_surface	full_periodic_with_cap_boundaries	u_periodic;v_periodic
face	1376	plane	supported_analytic_template	strategy.surface.plane	multiple_disconnected_domains	cutout.planar_perforated;reason.multidomain_decomposition_unproven;cutout.filleted_slot_deferred
face	1377	cylinder	deferred_residual_surface	reason.deferred_residual_surface	full_periodic_with_cap_boundaries	u_periodic;cutout.cylindrical_bore;cutout.multi_bore_cylinder_deferred;cutout.filleted_slot_deferred
face	1378	cone	deferred_residual_surface	reason.deferred_residual_surface	full_periodic_with_cap_boundaries	u_periodic
face	1379	cylinder	deferred_residual_surface	reason.deferred_residual_surface	full_periodic_with_cap_boundaries	u_periodic;cutout.multi_bore_cylinder_deferred;cutout.filleted_slot_deferred
face	1380	plane	supported_analytic_template	strategy.surface.plane	multiple_disconnected_domains	cutout.planar_perforated;reason.multidomain_decomposition_unproven;cutout.filleted_slot_deferred
face	1381	cone	deferred_residual_surface	reason.deferred_residual_surface	full_periodic_with_cap_boundaries	u_periodic
face	1382	cylinder	deferred_residual_surface	reason.deferred_residual_surface	full_periodic_with_cap_boundaries	u_periodic;cutout.cylindrical_bore;cutout.multi_bore_cylinder_deferred;cutout.filleted_slot_deferred
face	1383	sphere	deferred_residual_surface	reason.deferred_residual_surface	open_or_gapped_loop	u_periodic
face	1384	torus	deferred_residual_surface	reason.deferred_residual_surface	full_periodic_with_cap_boundaries	u_periodic;v_periodic
face	1385	torus	deferred_residual_surface	reason.deferred_residual_surface	full_periodic_with_cap_boundaries	u_periodic;v_periodic
face	1386	cylinder	deferred_residual_surface	reason.deferred_residual_surface	full_periodic_with_cap_boundaries	u_periodic;cutout.cylindrical_bore;cutout.multi_bore_cylinder_deferred;cutout.filleted_slot_deferred
face	1387	cone	deferred_residual_surface	reason.deferred_residual_surface	full_periodic_with_cap_boundaries	u_periodic
face	1388	cylinder	deferred_residual_surface	reason.deferred_residual_surface	full_periodic_with_cap_boundaries	u_periodic;cutout.cylindrical_bore;cutout.multi_bore_cylinder_deferred;cutout.filleted_slot_deferred
face	1389	plane	supported_analytic_template	strategy.surface.plane	multiple_disconnected_domains	reason.multidomain_decomposition_unproven;cutout.filleted_slot_deferred
face	1390	plane	supported_analytic_template	strategy.surface.plane	multiple_disconnected_domains	reason.multidomain_decomposition_unproven;cutout.filleted_slot_deferred
face	1391	cylinder	deferred_residual_surface	reason.deferred_residual_surface	full_periodic_with_cap_boundaries	u_periodic;cutout.multi_bore_cylinder_deferred;cutout.filleted_slot_deferred
face	1392	cylinder	deferred_residual_surface	reason.deferred_residual_surface	full_periodic_with_cap_boundaries	u_periodic;cutout.multi_bore_cylinder_deferred;cutout.filleted_slot_deferred
face	1393	bspline	deferred_residual_surface	reason.deferred_residual_surface	convex_simple_region	mapped.four_sided_candidate;freeform.uv_grid_candidate
face	1394	bspline	deferred_residual_surface	reason.deferred_residual_surface	convex_simple_region	mapped.four_sided_candidate;freeform.uv_grid_candidate
face	1395	bspline	deferred_residual_surface	reason.deferred_residual_surface	full_periodic_with_cap_boundaries	v_periodic;mapped.non_four_sided_deferred;freeform.general_deferred
face	1396	cone	deferred_residual_surface	reason.deferred_residual_surface	full_periodic_with_cap_boundaries	u_periodic
face	1397	plane	supported_analytic_template	strategy.surface.plane	multiple_disconnected_domains	cutout.planar_perforated;reason.multidomain_decomposition_unproven;cutout.filleted_slot_deferred
face	1398	cylinder	deferred_residual_surface	reason.deferred_residual_surface	full_periodic_with_cap_boundaries	u_periodic;cutout.multi_bore_cylinder_deferred;cutout.filleted_slot_deferred
face	1399	sphere	deferred_residual_surface	reason.deferred_residual_surface	full_periodic_with_cap_boundaries	u_periodic
face	1400	plane	supported_analytic_template	strategy.surface.plane	multiple_disconnected_domains	cutout.planar_perforated;reason.multidomain_decomposition_unproven;cutout.filleted_slot_deferred
face	1401	torus	deferred_residual_surface	reason.deferred_residual_surface	full_periodic_with_cap_boundaries	u_periodic;v_periodic
face	1402	torus	deferred_residual_surface	reason.deferred_residual_surface	full_periodic_with_cap_boundaries	u_periodic;v_periodic
face	1403	plane	supported_analytic_template	strategy.surface.plane	multiple_disconnected_domains	cutout.planar_perforated;reason.multidomain_decomposition_unproven;cutout.filleted_slot_deferred
face	1404	cylinder	deferred_residual_surface	reason.deferred_residual_surface	full_periodic_with_cap_boundaries	u_periodic;cutout.cylindrical_bore;cutout.multi_bore_cylinder_deferred;cutout.filleted_slot_deferred
face	1405	cone	deferred_residual_surface	reason.deferred_residual_surface	full_periodic_with_cap_boundaries	u_periodic
face	1406	cylinder	deferred_residual_surface	reason.deferred_residual_surface	full_periodic_with_cap_boundaries	u_periodic;cutout.multi_bore_cylinder_deferred;cutout.filleted_slot_deferred
face	1407	plane	supported_analytic_template	strategy.surface.plane	multiple_disconnected_domains	cutout.planar_perforated;reason.multidomain_decomposition_unproven;cutout.filleted_slot_deferred
face	1408	cone	deferred_residual_surface	reason.deferred_residual_surface	full_periodic_with_cap_boundaries	u_periodic
face	1409	cylinder	deferred_residual_surface	reason.deferred_residual_surface	full_periodic_with_cap_boundaries	u_periodic;cutout.cylindrical_bore;cutout.multi_bore_cylinder_deferred;cutout.filleted_slot_deferred
face	1410	sphere	deferred_residual_surface	reason.deferred_residual_surface	open_or_gapped_loop	u_periodic
face	1411	torus	deferred_residual_surface	reason.deferred_residual_surface	full_periodic_with_cap_boundaries	u_periodic;v_periodic
face	1412	torus	deferred_residual_surface	reason.deferred_residual_surface	full_periodic_with_cap_boundaries	u_periodic;v_periodic
face	1413	cylinder	deferred_residual_surface	reason.deferred_residual_surface	full_periodic_with_cap_boundaries	u_periodic;cutout.cylindrical_bore;cutout.multi_bore_cylinder_deferred;cutout.filleted_slot_deferred
face	1414	cone	deferred_residual_surface	reason.deferred_residual_surface	full_periodic_with_cap_boundaries	u_periodic
face	1415	cylinder	deferred_residual_surface	reason.deferred_residual_surface	full_periodic_with_cap_boundaries	u_periodic;cutout.cylindrical_bore;cutout.multi_bore_cylinder_deferred;cutout.filleted_slot_deferred
face	1416	plane	supported_analytic_template	strategy.surface.plane	multiple_disconnected_domains	reason.multidomain_decomposition_unproven;cutout.filleted_slot_deferred
face	1417	plane	supported_analytic_template	strategy.surface.plane	multiple_disconnected_domains	reason.multidomain_decomposition_unproven;cutout.filleted_slot_deferred
face	1418	cylinder	deferred_residual_surface	reason.deferred_residual_surface	full_periodic_with_cap_boundaries	u_periodic;cutout.multi_bore_cylinder_deferred;cutout.filleted_slot_deferred
face	1419	cylinder	deferred_residual_surface	reason.deferred_residual_surface	full_periodic_with_cap_boundaries	u_periodic;cutout.multi_bore_cylinder_deferred;cutout.filleted_slot_deferred
face	1420	bspline	deferred_residual_surface	reason.deferred_residual_surface	convex_simple_region	mapped.four_sided_candidate;freeform.uv_grid_candidate
face	1421	bspline	deferred_residual_surface	reason.deferred_residual_surface	convex_simple_region	mapped.four_sided_candidate;freeform.uv_grid_candidate
face	1422	bspline	deferred_residual_surface	reason.deferred_residual_surface	full_periodic_with_cap_boundaries	v_periodic;mapped.non_four_sided_deferred;freeform.general_deferred
face	1423	cone	deferred_residual_surface	reason.deferred_residual_surface	full_periodic_with_cap_boundaries	u_periodic
face	1424	plane	supported_analytic_template	strategy.surface.plane	multiple_disconnected_domains	cutout.planar_perforated;reason.multidomain_decomposition_unproven;cutout.filleted_slot_deferred
face	1425	cylinder	deferred_residual_surface	reason.deferred_residual_surface	full_periodic_with_cap_boundaries	u_periodic;cutout.multi_bore_cylinder_deferred;cutout.filleted_slot_deferred
face	1426	sphere	deferred_residual_surface	reason.deferred_residual_surface	full_periodic_with_cap_boundaries	u_periodic
face	1427	plane	supported_analytic_template	strategy.surface.plane	multiple_disconnected_domains	cutout.planar_perforated;reason.multidomain_decomposition_unproven;cutout.filleted_slot_deferred
face	1428	torus	deferred_residual_surface	reason.deferred_residual_surface	full_periodic_with_cap_boundaries	u_periodic;v_periodic
face	1429	torus	deferred_residual_surface	reason.deferred_residual_surface	full_periodic_with_cap_boundaries	u_periodic;v_periodic
face	1430	plane	supported_analytic_template	strategy.surface.plane	multiple_disconnected_domains	cutout.planar_perforated;reason.multidomain_decomposition_unproven;cutout.filleted_slot_deferred
face	1431	cylinder	deferred_residual_surface	reason.deferred_residual_surface	full_periodic_with_cap_boundaries	u_periodic;cutout.cylindrical_bore;cutout.multi_bore_cylinder_deferred;cutout.filleted_slot_deferred
face	1432	cone	deferred_residual_surface	reason.deferred_residual_surface	full_periodic_with_cap_boundaries	u_periodic
face	1433	cylinder	deferred_residual_surface	reason.deferred_residual_surface	full_periodic_with_cap_boundaries	u_periodic;cutout.multi_bore_cylinder_deferred;cutout.filleted_slot_deferred
face	1434	plane	supported_analytic_template	strategy.surface.plane	multiple_disconnected_domains	cutout.planar_perforated;reason.multidomain_decomposition_unproven;cutout.filleted_slot_deferred
face	1435	cone	deferred_residual_surface	reason.deferred_residual_surface	full_periodic_with_cap_boundaries	u_periodic
face	1436	cylinder	deferred_residual_surface	reason.deferred_residual_surface	full_periodic_with_cap_boundaries	u_periodic;cutout.cylindrical_bore;cutout.multi_bore_cylinder_deferred;cutout.filleted_slot_deferred
face	1437	sphere	deferred_residual_surface	reason.deferred_residual_surface	open_or_gapped_loop	u_periodic
face	1438	torus	deferred_residual_surface	reason.deferred_residual_surface	full_periodic_with_cap_boundaries	u_periodic;v_periodic
face	1439	torus	deferred_residual_surface	reason.deferred_residual_surface	full_periodic_with_cap_boundaries	u_periodic;v_periodic
face	1440	cylinder	deferred_residual_surface	reason.deferred_residual_surface	full_periodic_with_cap_boundaries	u_periodic;cutout.cylindrical_bore;cutout.multi_bore_cylinder_deferred;cutout.filleted_slot_deferred
face	1441	cone	deferred_residual_surface	reason.deferred_residual_surface	full_periodic_with_cap_boundaries	u_periodic
face	1442	cylinder	deferred_residual_surface	reason.deferred_residual_surface	full_periodic_with_cap_boundaries	u_periodic;cutout.cylindrical_bore;cutout.multi_bore_cylinder_deferred;cutout.filleted_slot_deferred
face	1443	plane	supported_analytic_template	strategy.surface.plane	multiple_disconnected_domains	reason.multidomain_decomposition_unproven;cutout.filleted_slot_deferred
face	1444	plane	supported_analytic_template	strategy.surface.plane	multiple_disconnected_domains	reason.multidomain_decomposition_unproven;cutout.filleted_slot_deferred
face	1445	cylinder	deferred_residual_surface	reason.deferred_residual_surface	full_periodic_with_cap_boundaries	u_periodic;cutout.multi_bore_cylinder_deferred;cutout.filleted_slot_deferred
face	1446	cylinder	deferred_residual_surface	reason.deferred_residual_surface	full_periodic_with_cap_boundaries	u_periodic;cutout.multi_bore_cylinder_deferred;cutout.filleted_slot_deferred
face	1447	bspline	deferred_residual_surface	reason.deferred_residual_surface	convex_simple_region	mapped.four_sided_candidate;freeform.uv_grid_candidate
face	1448	bspline	deferred_residual_surface	reason.deferred_residual_surface	convex_simple_region	mapped.four_sided_candidate;freeform.uv_grid_candidate
face	1449	bspline	deferred_residual_surface	reason.deferred_residual_surface	full_periodic_with_cap_boundaries	v_periodic;mapped.non_four_sided_deferred;freeform.general_deferred
face	1450	cone	deferred_residual_surface	reason.deferred_residual_surface	full_periodic_with_cap_boundaries	u_periodic
face	1451	plane	supported_analytic_template	strategy.surface.plane	multiple_disconnected_domains	cutout.planar_perforated;reason.multidomain_decomposition_unproven;cutout.filleted_slot_deferred
face	1452	cylinder	deferred_residual_surface	reason.deferred_residual_surface	full_periodic_with_cap_boundaries	u_periodic;cutout.multi_bore_cylinder_deferred;cutout.filleted_slot_deferred
face	1453	sphere	deferred_residual_surface	reason.deferred_residual_surface	full_periodic_with_cap_boundaries	u_periodic
face	1454	plane	supported_analytic_template	strategy.surface.plane	multiple_disconnected_domains	cutout.planar_perforated;reason.multidomain_decomposition_unproven;cutout.filleted_slot_deferred
face	1455	torus	deferred_residual_surface	reason.deferred_residual_surface	full_periodic_with_cap_boundaries	u_periodic;v_periodic
face	1456	torus	deferred_residual_surface	reason.deferred_residual_surface	full_periodic_with_cap_boundaries	u_periodic;v_periodic
face	1457	plane	supported_analytic_template	strategy.surface.plane	multiple_disconnected_domains	cutout.planar_perforated;reason.multidomain_decomposition_unproven;cutout.filleted_slot_deferred
face	1458	cylinder	deferred_residual_surface	reason.deferred_residual_surface	full_periodic_with_cap_boundaries	u_periodic;cutout.cylindrical_bore;cutout.multi_bore_cylinder_deferred;cutout.filleted_slot_deferred
face	1459	cone	deferred_residual_surface	reason.deferred_residual_surface	full_periodic_with_cap_boundaries	u_periodic
face	1460	cylinder	deferred_residual_surface	reason.deferred_residual_surface	full_periodic_with_cap_boundaries	u_periodic;cutout.multi_bore_cylinder_deferred;cutout.filleted_slot_deferred
face	1461	plane	supported_analytic_template	strategy.surface.plane	multiple_disconnected_domains	cutout.planar_perforated;reason.multidomain_decomposition_unproven;cutout.filleted_slot_deferred
face	1462	cone	deferred_residual_surface	reason.deferred_residual_surface	full_periodic_with_cap_boundaries	u_periodic
face	1463	cylinder	deferred_residual_surface	reason.deferred_residual_surface	full_periodic_with_cap_boundaries	u_periodic;cutout.cylindrical_bore;cutout.multi_bore_cylinder_deferred;cutout.filleted_slot_deferred
face	1464	sphere	deferred_residual_surface	reason.deferred_residual_surface	open_or_gapped_loop	u_periodic
face	1465	torus	deferred_residual_surface	reason.deferred_residual_surface	full_periodic_with_cap_boundaries	u_periodic;v_periodic
face	1466	torus	deferred_residual_surface	reason.deferred_residual_surface	full_periodic_with_cap_boundaries	u_periodic;v_periodic
face	1467	cylinder	deferred_residual_surface	reason.deferred_residual_surface	full_periodic_with_cap_boundaries	u_periodic;cutout.cylindrical_bore;cutout.multi_bore_cylinder_deferred;cutout.filleted_slot_deferred
face	1468	cone	deferred_residual_surface	reason.deferred_residual_surface	full_periodic_with_cap_boundaries	u_periodic
face	1469	cylinder	deferred_residual_surface	reason.deferred_residual_surface	full_periodic_with_cap_boundaries	u_periodic;cutout.cylindrical_bore;cutout.multi_bore_cylinder_deferred;cutout.filleted_slot_deferred
face	1470	plane	supported_analytic_template	strategy.surface.plane	multiple_disconnected_domains	reason.multidomain_decomposition_unproven;cutout.filleted_slot_deferred
face	1471	plane	supported_analytic_template	strategy.surface.plane	multiple_disconnected_domains	reason.multidomain_decomposition_unproven;cutout.filleted_slot_deferred
face	1472	cylinder	deferred_residual_surface	reason.deferred_residual_surface	full_periodic_with_cap_boundaries	u_periodic;cutout.multi_bore_cylinder_deferred;cutout.filleted_slot_deferred
face	1473	cylinder	deferred_residual_surface	reason.deferred_residual_surface	full_periodic_with_cap_boundaries	u_periodic;cutout.multi_bore_cylinder_deferred;cutout.filleted_slot_deferred
face	1474	bspline	deferred_residual_surface	reason.deferred_residual_surface	convex_simple_region	mapped.four_sided_candidate;freeform.uv_grid_candidate
face	1475	bspline	deferred_residual_surface	reason.deferred_residual_surface	convex_simple_region	mapped.four_sided_candidate;freeform.uv_grid_candidate
face	1476	bspline	deferred_residual_surface	reason.deferred_residual_surface	full_periodic_with_cap_boundaries	v_periodic;mapped.non_four_sided_deferred;freeform.general_deferred
face	1477	cone	deferred_residual_surface	reason.deferred_residual_surface	full_periodic_with_cap_boundaries	u_periodic
face	1478	plane	supported_analytic_template	strategy.surface.plane	multiple_disconnected_domains	cutout.planar_perforated;reason.multidomain_decomposition_unproven;cutout.filleted_slot_deferred
face	1479	cylinder	deferred_residual_surface	reason.deferred_residual_surface	full_periodic_with_cap_boundaries	u_periodic;cutout.multi_bore_cylinder_deferred;cutout.filleted_slot_deferred
face	1480	sphere	deferred_residual_surface	reason.deferred_residual_surface	full_periodic_with_cap_boundaries	u_periodic
face	1481	plane	supported_analytic_template	strategy.surface.plane	multiple_disconnected_domains	cutout.planar_perforated;reason.multidomain_decomposition_unproven;cutout.filleted_slot_deferred
face	1482	torus	deferred_residual_surface	reason.deferred_residual_surface	full_periodic_with_cap_boundaries	u_periodic;v_periodic
face	1483	torus	deferred_residual_surface	reason.deferred_residual_surface	full_periodic_with_cap_boundaries	u_periodic;v_periodic
face	1484	plane	supported_analytic_template	strategy.surface.plane	multiple_disconnected_domains	cutout.planar_perforated;reason.multidomain_decomposition_unproven;cutout.filleted_slot_deferred
face	1485	cylinder	deferred_residual_surface	reason.deferred_residual_surface	full_periodic_with_cap_boundaries	u_periodic;cutout.cylindrical_bore;cutout.multi_bore_cylinder_deferred;cutout.filleted_slot_deferred
face	1486	cone	deferred_residual_surface	reason.deferred_residual_surface	full_periodic_with_cap_boundaries	u_periodic
face	1487	cylinder	deferred_residual_surface	reason.deferred_residual_surface	full_periodic_with_cap_boundaries	u_periodic;cutout.multi_bore_cylinder_deferred;cutout.filleted_slot_deferred
face	1488	plane	supported_analytic_template	strategy.surface.plane	multiple_disconnected_domains	cutout.planar_perforated;reason.multidomain_decomposition_unproven;cutout.filleted_slot_deferred
face	1489	cone	deferred_residual_surface	reason.deferred_residual_surface	full_periodic_with_cap_boundaries	u_periodic
face	1490	cylinder	deferred_residual_surface	reason.deferred_residual_surface	full_periodic_with_cap_boundaries	u_periodic;cutout.cylindrical_bore;cutout.multi_bore_cylinder_deferred;cutout.filleted_slot_deferred
face	1491	sphere	deferred_residual_surface	reason.deferred_residual_surface	open_or_gapped_loop	u_periodic
face	1492	torus	deferred_residual_surface	reason.deferred_residual_surface	full_periodic_with_cap_boundaries	u_periodic;v_periodic
face	1493	torus	deferred_residual_surface	reason.deferred_residual_surface	full_periodic_with_cap_boundaries	u_periodic;v_periodic
face	1494	cylinder	deferred_residual_surface	reason.deferred_residual_surface	full_periodic_with_cap_boundaries	u_periodic;cutout.cylindrical_bore;cutout.multi_bore_cylinder_deferred;cutout.filleted_slot_deferred
face	1495	cone	deferred_residual_surface	reason.deferred_residual_surface	full_periodic_with_cap_boundaries	u_periodic
face	1496	cylinder	deferred_residual_surface	reason.deferred_residual_surface	full_periodic_with_cap_boundaries	u_periodic;cutout.cylindrical_bore;cutout.multi_bore_cylinder_deferred;cutout.filleted_slot_deferred
face	1497	plane	supported_analytic_template	strategy.surface.plane	multiple_disconnected_domains	reason.multidomain_decomposition_unproven;cutout.filleted_slot_deferred
face	1498	plane	supported_analytic_template	strategy.surface.plane	multiple_disconnected_domains	reason.multidomain_decomposition_unproven;cutout.filleted_slot_deferred
face	1499	cylinder	deferred_residual_surface	reason.deferred_residual_surface	full_periodic_with_cap_boundaries	u_periodic;cutout.multi_bore_cylinder_deferred;cutout.filleted_slot_deferred
face	1500	cylinder	deferred_residual_surface	reason.deferred_residual_surface	full_periodic_with_cap_boundaries	u_periodic;cutout.multi_bore_cylinder_deferred;cutout.filleted_slot_deferred
face	1501	bspline	deferred_residual_surface	reason.deferred_residual_surface	convex_simple_region	mapped.four_sided_candidate;freeform.uv_grid_candidate
face	1502	bspline	deferred_residual_surface	reason.deferred_residual_surface	convex_simple_region	mapped.four_sided_candidate;freeform.uv_grid_candidate
face	1503	bspline	deferred_residual_surface	reason.deferred_residual_surface	full_periodic_with_cap_boundaries	v_periodic;mapped.non_four_sided_deferred;freeform.general_deferred
face	1504	cone	deferred_residual_surface	reason.deferred_residual_surface	full_periodic_with_cap_boundaries	u_periodic
face	1505	plane	supported_analytic_template	strategy.surface.plane	multiple_disconnected_domains	cutout.planar_perforated;reason.multidomain_decomposition_unproven;cutout.filleted_slot_deferred
face	1506	cylinder	deferred_residual_surface	reason.deferred_residual_surface	full_periodic_with_cap_boundaries	u_periodic;cutout.multi_bore_cylinder_deferred;cutout.filleted_slot_deferred
face	1507	sphere	deferred_residual_surface	reason.deferred_residual_surface	full_periodic_with_cap_boundaries	u_periodic
face	1508	plane	supported_analytic_template	strategy.surface.plane	multiple_disconnected_domains	cutout.planar_perforated;reason.multidomain_decomposition_unproven;cutout.filleted_slot_deferred
face	1509	torus	deferred_residual_surface	reason.deferred_residual_surface	full_periodic_with_cap_boundaries	u_periodic;v_periodic
face	1510	torus	deferred_residual_surface	reason.deferred_residual_surface	full_periodic_with_cap_boundaries	u_periodic;v_periodic
face	1511	plane	supported_analytic_template	strategy.surface.plane	multiple_disconnected_domains	cutout.planar_perforated;reason.multidomain_decomposition_unproven;cutout.filleted_slot_deferred
face	1512	cylinder	deferred_residual_surface	reason.deferred_residual_surface	full_periodic_with_cap_boundaries	u_periodic;cutout.cylindrical_bore;cutout.multi_bore_cylinder_deferred;cutout.filleted_slot_deferred
face	1513	cone	deferred_residual_surface	reason.deferred_residual_surface	full_periodic_with_cap_boundaries	u_periodic
face	1514	cylinder	deferred_residual_surface	reason.deferred_residual_surface	full_periodic_with_cap_boundaries	u_periodic;cutout.multi_bore_cylinder_deferred;cutout.filleted_slot_deferred
face	1515	plane	supported_analytic_template	strategy.surface.plane	multiple_disconnected_domains	cutout.planar_perforated;reason.multidomain_decomposition_unproven;cutout.filleted_slot_deferred
face	1516	cone	deferred_residual_surface	reason.deferred_residual_surface	full_periodic_with_cap_boundaries	u_periodic
face	1517	cylinder	deferred_residual_surface	reason.deferred_residual_surface	full_periodic_with_cap_boundaries	u_periodic;cutout.cylindrical_bore;cutout.multi_bore_cylinder_deferred;cutout.filleted_slot_deferred
face	1518	sphere	deferred_residual_surface	reason.deferred_residual_surface	open_or_gapped_loop	u_periodic
face	1519	torus	deferred_residual_surface	reason.deferred_residual_surface	full_periodic_with_cap_boundaries	u_periodic;v_periodic
face	1520	torus	deferred_residual_surface	reason.deferred_residual_surface	full_periodic_with_cap_boundaries	u_periodic;v_periodic
face	1521	cylinder	deferred_residual_surface	reason.deferred_residual_surface	full_periodic_with_cap_boundaries	u_periodic;cutout.cylindrical_bore;cutout.multi_bore_cylinder_deferred;cutout.filleted_slot_deferred
face	1522	cone	deferred_residual_surface	reason.deferred_residual_surface	full_periodic_with_cap_boundaries	u_periodic
face	1523	cylinder	deferred_residual_surface	reason.deferred_residual_surface	full_periodic_with_cap_boundaries	u_periodic;cutout.cylindrical_bore;cutout.multi_bore_cylinder_deferred;cutout.filleted_slot_deferred
face	1524	plane	supported_analytic_template	strategy.surface.plane	multiple_disconnected_domains	reason.multidomain_decomposition_unproven;cutout.filleted_slot_deferred
face	1525	plane	supported_analytic_template	strategy.surface.plane	multiple_disconnected_domains	reason.multidomain_decomposition_unproven;cutout.filleted_slot_deferred
face	1526	cylinder	deferred_residual_surface	reason.deferred_residual_surface	full_periodic_with_cap_boundaries	u_periodic;cutout.multi_bore_cylinder_deferred;cutout.filleted_slot_deferred
face	1527	cylinder	deferred_residual_surface	reason.deferred_residual_surface	full_periodic_with_cap_boundaries	u_periodic;cutout.multi_bore_cylinder_deferred;cutout.filleted_slot_deferred
face	1528	bspline	deferred_residual_surface	reason.deferred_residual_surface	convex_simple_region	mapped.four_sided_candidate;freeform.uv_grid_candidate
face	1529	bspline	deferred_residual_surface	reason.deferred_residual_surface	convex_simple_region	mapped.four_sided_candidate;freeform.uv_grid_candidate
face	1530	bspline	deferred_residual_surface	reason.deferred_residual_surface	full_periodic_with_cap_boundaries	v_periodic;mapped.non_four_sided_deferred;freeform.general_deferred
face	1531	cone	deferred_residual_surface	reason.deferred_residual_surface	full_periodic_with_cap_boundaries	u_periodic
face	1532	plane	supported_analytic_template	strategy.surface.plane	multiple_disconnected_domains	cutout.planar_perforated;reason.multidomain_decomposition_unproven;cutout.filleted_slot_deferred
face	1533	cylinder	deferred_residual_surface	reason.deferred_residual_surface	full_periodic_with_cap_boundaries	u_periodic;cutout.multi_bore_cylinder_deferred;cutout.filleted_slot_deferred
face	1534	sphere	deferred_residual_surface	reason.deferred_residual_surface	full_periodic_with_cap_boundaries	u_periodic
face	1535	plane	supported_analytic_template	strategy.surface.plane	multiple_disconnected_domains	cutout.planar_perforated;reason.multidomain_decomposition_unproven;cutout.filleted_slot_deferred
face	1536	torus	deferred_residual_surface	reason.deferred_residual_surface	full_periodic_with_cap_boundaries	u_periodic;v_periodic
face	1537	torus	deferred_residual_surface	reason.deferred_residual_surface	full_periodic_with_cap_boundaries	u_periodic;v_periodic
face	1538	plane	supported_analytic_template	strategy.surface.plane	multiple_disconnected_domains	cutout.planar_perforated;reason.multidomain_decomposition_unproven;cutout.filleted_slot_deferred
face	1539	cylinder	deferred_residual_surface	reason.deferred_residual_surface	full_periodic_with_cap_boundaries	u_periodic;cutout.cylindrical_bore;cutout.multi_bore_cylinder_deferred;cutout.filleted_slot_deferred
face	1540	cone	deferred_residual_surface	reason.deferred_residual_surface	full_periodic_with_cap_boundaries	u_periodic
face	1541	cylinder	deferred_residual_surface	reason.deferred_residual_surface	full_periodic_with_cap_boundaries	u_periodic;cutout.multi_bore_cylinder_deferred;cutout.filleted_slot_deferred
face	1542	plane	supported_analytic_template	strategy.surface.plane	multiple_disconnected_domains	cutout.planar_perforated;reason.multidomain_decomposition_unproven;cutout.filleted_slot_deferred
face	1543	cone	deferred_residual_surface	reason.deferred_residual_surface	full_periodic_with_cap_boundaries	u_periodic
face	1544	cylinder	deferred_residual_surface	reason.deferred_residual_surface	full_periodic_with_cap_boundaries	u_periodic;cutout.cylindrical_bore;cutout.multi_bore_cylinder_deferred;cutout.filleted_slot_deferred
face	1545	sphere	deferred_residual_surface	reason.deferred_residual_surface	open_or_gapped_loop	u_periodic
face	1546	torus	deferred_residual_surface	reason.deferred_residual_surface	full_periodic_with_cap_boundaries	u_periodic;v_periodic
face	1547	torus	deferred_residual_surface	reason.deferred_residual_surface	full_periodic_with_cap_boundaries	u_periodic;v_periodic
face	1548	cylinder	deferred_residual_surface	reason.deferred_residual_surface	full_periodic_with_cap_boundaries	u_periodic;cutout.cylindrical_bore;cutout.multi_bore_cylinder_deferred;cutout.filleted_slot_deferred
face	1549	cone	deferred_residual_surface	reason.deferred_residual_surface	full_periodic_with_cap_boundaries	u_periodic
face	1550	cylinder	deferred_residual_surface	reason.deferred_residual_surface	full_periodic_with_cap_boundaries	u_periodic;cutout.cylindrical_bore;cutout.multi_bore_cylinder_deferred;cutout.filleted_slot_deferred
face	1551	plane	supported_analytic_template	strategy.surface.plane	multiple_disconnected_domains	reason.multidomain_decomposition_unproven;cutout.filleted_slot_deferred
face	1552	plane	supported_analytic_template	strategy.surface.plane	multiple_disconnected_domains	reason.multidomain_decomposition_unproven;cutout.filleted_slot_deferred
face	1553	cylinder	deferred_residual_surface	reason.deferred_residual_surface	full_periodic_with_cap_boundaries	u_periodic;cutout.multi_bore_cylinder_deferred;cutout.filleted_slot_deferred
face	1554	cylinder	deferred_residual_surface	reason.deferred_residual_surface	full_periodic_with_cap_boundaries	u_periodic;cutout.multi_bore_cylinder_deferred;cutout.filleted_slot_deferred
face	1555	offset	deferred_residual_surface	reason.deferred_residual_surface	convex_simple_region	
face	1556	cone	deferred_residual_surface	reason.deferred_residual_surface	full_periodic_with_cap_boundaries	u_periodic
face	1557	plane	supported_analytic_template	strategy.surface.plane	multiple_disconnected_domains	cutout.planar_perforated;reason.multidomain_decomposition_unproven;cutout.filleted_slot_deferred
face	1558	cylinder	deferred_residual_surface	reason.deferred_residual_surface	full_periodic_with_cap_boundaries	u_periodic;cutout.multi_bore_cylinder_deferred;cutout.filleted_slot_deferred
face	1559	sphere	deferred_residual_surface	reason.deferred_residual_surface	full_periodic_with_cap_boundaries	u_periodic
face	1560	plane	supported_analytic_template	strategy.surface.plane	multiple_disconnected_domains	cutout.planar_perforated;reason.multidomain_decomposition_unproven;cutout.filleted_slot_deferred
face	1561	torus	deferred_residual_surface	reason.deferred_residual_surface	full_periodic_with_cap_boundaries	u_periodic;v_periodic
face	1562	torus	deferred_residual_surface	reason.deferred_residual_surface	full_periodic_with_cap_boundaries	u_periodic;v_periodic
face	1563	plane	supported_analytic_template	strategy.surface.plane	multiple_disconnected_domains	cutout.planar_perforated;reason.multidomain_decomposition_unproven;cutout.filleted_slot_deferred
face	1564	cylinder	deferred_residual_surface	reason.deferred_residual_surface	full_periodic_with_cap_boundaries	u_periodic;cutout.cylindrical_bore;cutout.multi_bore_cylinder_deferred;cutout.filleted_slot_deferred
face	1565	cone	deferred_residual_surface	reason.deferred_residual_surface	full_periodic_with_cap_boundaries	u_periodic
face	1566	cylinder	deferred_residual_surface	reason.deferred_residual_surface	full_periodic_with_cap_boundaries	u_periodic;cutout.multi_bore_cylinder_deferred;cutout.filleted_slot_deferred
face	1567	plane	supported_analytic_template	strategy.surface.plane	multiple_disconnected_domains	cutout.planar_perforated;reason.multidomain_decomposition_unproven;cutout.filleted_slot_deferred
face	1568	cone	deferred_residual_surface	reason.deferred_residual_surface	full_periodic_with_cap_boundaries	u_periodic
face	1569	cylinder	deferred_residual_surface	reason.deferred_residual_surface	full_periodic_with_cap_boundaries	u_periodic;cutout.cylindrical_bore;cutout.multi_bore_cylinder_deferred;cutout.filleted_slot_deferred
face	1570	sphere	deferred_residual_surface	reason.deferred_residual_surface	open_or_gapped_loop	u_periodic
face	1571	torus	deferred_residual_surface	reason.deferred_residual_surface	full_periodic_with_cap_boundaries	u_periodic;v_periodic
face	1572	torus	deferred_residual_surface	reason.deferred_residual_surface	full_periodic_with_cap_boundaries	u_periodic;v_periodic
face	1573	cylinder	deferred_residual_surface	reason.deferred_residual_surface	full_periodic_with_cap_boundaries	u_periodic;cutout.cylindrical_bore;cutout.multi_bore_cylinder_deferred;cutout.filleted_slot_deferred
face	1574	cone	deferred_residual_surface	reason.deferred_residual_surface	full_periodic_with_cap_boundaries	u_periodic
face	1575	cylinder	deferred_residual_surface	reason.deferred_residual_surface	full_periodic_with_cap_boundaries	u_periodic;cutout.cylindrical_bore;cutout.multi_bore_cylinder_deferred;cutout.filleted_slot_deferred
face	1576	plane	supported_analytic_template	strategy.surface.plane	multiple_disconnected_domains	reason.multidomain_decomposition_unproven;cutout.filleted_slot_deferred
face	1577	plane	supported_analytic_template	strategy.surface.plane	multiple_disconnected_domains	reason.multidomain_decomposition_unproven;cutout.filleted_slot_deferred
face	1578	cylinder	deferred_residual_surface	reason.deferred_residual_surface	full_periodic_with_cap_boundaries	u_periodic;cutout.multi_bore_cylinder_deferred;cutout.filleted_slot_deferred
face	1579	cylinder	deferred_residual_surface	reason.deferred_residual_surface	full_periodic_with_cap_boundaries	u_periodic;cutout.multi_bore_cylinder_deferred;cutout.filleted_slot_deferred
face	1580	plane	supported_analytic_template	strategy.surface.plane	convex_simple_region	cutout.filleted_slot_deferred
face	1581	cone	deferred_residual_surface	reason.deferred_residual_surface	full_periodic_with_cap_boundaries	u_periodic
face	1582	cylinder	deferred_residual_surface	reason.deferred_residual_surface	full_periodic_with_cap_boundaries	u_periodic;cutout.cylindrical_bore;cutout.multi_bore_cylinder_deferred;cutout.filleted_slot_deferred
face	1583	bspline	deferred_residual_surface	reason.deferred_residual_surface	open_or_gapped_loop	v_periodic;mapped.four_sided_candidate;freeform.general_deferred
face	1584	plane	supported_analytic_template	strategy.surface.plane	annulus	cutout.planar_perforated;cutout.filleted_slot_deferred
face	1585	plane	supported_analytic_template	strategy.surface.plane	multiple_disconnected_domains	cutout.planar_perforated;reason.multidomain_decomposition_unproven;cutout.filleted_slot_deferred
face	1586	plane	supported_analytic_template	strategy.surface.plane	multiple_disconnected_domains	reason.multidomain_decomposition_unproven;cutout.filleted_slot_deferred
face	1587	cylinder	deferred_residual_surface	reason.deferred_residual_surface	full_periodic_with_cap_boundaries	u_periodic;cutout.cylindrical_bore;cutout.multi_bore_cylinder_deferred;cutout.filleted_slot_deferred
face	1588	sphere	deferred_residual_surface	reason.deferred_residual_surface	open_or_gapped_loop	u_periodic
face	1589	bspline	deferred_residual_surface	reason.deferred_residual_surface	convex_simple_region	mapped.non_four_sided_deferred;freeform.uv_grid_candidate
face	1590	bspline	deferred_residual_surface	reason.deferred_residual_surface	convex_simple_region	mapped.four_sided_candidate;freeform.uv_grid_candidate
face	1591	bspline	deferred_residual_surface	reason.deferred_residual_surface	convex_simple_region	mapped.four_sided_candidate;freeform.uv_grid_candidate
face	1592	plane	supported_analytic_template	strategy.surface.plane	convex_simple_region	cutout.filleted_slot_deferred
face	1593	bspline	deferred_residual_surface	reason.deferred_residual_surface	convex_simple_region	mapped.four_sided_candidate;freeform.uv_grid_candidate
face	1594	bspline	deferred_residual_surface	reason.deferred_residual_surface	convex_simple_region	mapped.four_sided_candidate;freeform.uv_grid_candidate
face	1595	bspline	deferred_residual_surface	reason.deferred_residual_surface	convex_simple_region	mapped.non_four_sided_deferred;freeform.uv_grid_candidate
face	1596	plane	supported_analytic_template	strategy.surface.plane	multiple_disconnected_domains	cutout.planar_perforated;reason.multidomain_decomposition_unproven;cutout.filleted_slot_deferred
face	1597	plane	supported_analytic_template	strategy.surface.plane	multiple_disconnected_domains	reason.multidomain_decomposition_unproven;cutout.filleted_slot_deferred
face	1598	cylinder	deferred_residual_surface	reason.deferred_residual_surface	full_periodic_with_cap_boundaries	u_periodic;cutout.cylindrical_bore;cutout.multi_bore_cylinder_deferred;cutout.filleted_slot_deferred
face	1599	sphere	deferred_residual_surface	reason.deferred_residual_surface	open_or_gapped_loop	u_periodic
face	1600	cylinder	deferred_residual_surface	reason.deferred_residual_surface	full_periodic_with_cap_boundaries	u_periodic;cutout.cylindrical_bore;cutout.multi_bore_cylinder_deferred;cutout.filleted_slot_deferred
face	1601	bspline	deferred_residual_surface	reason.deferred_residual_surface	convex_simple_region	mapped.four_sided_candidate;freeform.uv_grid_candidate
face	1602	cylinder	deferred_residual_surface	reason.deferred_residual_surface	full_periodic_with_cap_boundaries	u_periodic;cutout.cylindrical_bore;cutout.multi_bore_cylinder_deferred;cutout.filleted_slot_deferred
face	1603	cylinder	deferred_residual_surface	reason.deferred_residual_surface	full_periodic_with_cap_boundaries	u_periodic;cutout.cylindrical_bore;cutout.multi_bore_cylinder_deferred;cutout.filleted_slot_deferred
face	1604	plane	supported_analytic_template	strategy.surface.plane	multiple_disconnected_domains	reason.multidomain_decomposition_unproven;cutout.filleted_slot_deferred
face	1605	plane	supported_analytic_template	strategy.surface.plane	multiple_disconnected_domains	reason.multidomain_decomposition_unproven;cutout.filleted_slot_deferred
face	1606	plane	supported_analytic_template	strategy.surface.plane	multiple_disconnected_domains	reason.multidomain_decomposition_unproven;cutout.filleted_slot_deferred
face	1607	cylinder	deferred_residual_surface	reason.deferred_residual_surface	full_periodic_with_cap_boundaries	u_periodic;cutout.cylindrical_bore;cutout.multi_bore_cylinder_deferred;cutout.filleted_slot_deferred
face	1608	cylinder	deferred_residual_surface	reason.deferred_residual_surface	full_periodic_with_cap_boundaries	u_periodic;cutout.cylindrical_bore;cutout.multi_bore_cylinder_deferred;cutout.filleted_slot_deferred
face	1609	bspline	deferred_residual_surface	reason.deferred_residual_surface	convex_simple_region	mapped.four_sided_candidate;freeform.uv_grid_candidate
face	1610	bspline	deferred_residual_surface	reason.deferred_residual_surface	convex_simple_region	mapped.four_sided_candidate;freeform.uv_grid_candidate
face	1611	cylinder	deferred_residual_surface	reason.deferred_residual_surface	full_periodic_with_cap_boundaries	u_periodic;cutout.cylindrical_bore;cutout.multi_bore_cylinder_deferred;cutout.filleted_slot_deferred
face	1612	cylinder	deferred_residual_surface	reason.deferred_residual_surface	full_periodic_with_cap_boundaries	u_periodic;cutout.cylindrical_bore;cutout.multi_bore_cylinder_deferred;cutout.filleted_slot_deferred
face	1613	bspline	deferred_residual_surface	reason.deferred_residual_surface	annulus	mapped.non_four_sided_deferred;freeform.uv_grid_candidate
face	1614	bspline	deferred_residual_surface	reason.deferred_residual_surface	annulus	mapped.non_four_sided_deferred;freeform.uv_grid_candidate
face	1615	plane	supported_analytic_template	strategy.surface.plane	concave_simple_region	cutout.filleted_slot_deferred
face	1616	plane	supported_analytic_template	strategy.surface.plane	convex_simple_region	cutout.filleted_slot_deferred
face	1617	plane	supported_analytic_template	strategy.surface.plane	multiple_disconnected_domains	reason.multidomain_decomposition_unproven;cutout.filleted_slot_deferred
face	1618	plane	supported_analytic_template	strategy.surface.plane	convex_simple_region	cutout.filleted_slot_deferred
face	1619	plane	supported_analytic_template	strategy.surface.plane	concave_simple_region	cutout.filleted_slot_deferred
face	1620	cylinder	deferred_residual_surface	reason.deferred_residual_surface	full_periodic_with_cap_boundaries	u_periodic;cutout.cylindrical_bore;cutout.multi_bore_cylinder_deferred;cutout.filleted_slot_deferred
face	1621	plane	supported_analytic_template	strategy.surface.plane	multiple_disconnected_domains	reason.multidomain_decomposition_unproven;cutout.filleted_slot_deferred
face	1622	cylinder	deferred_residual_surface	reason.deferred_residual_surface	full_periodic_with_cap_boundaries	u_periodic;cutout.cylindrical_bore;cutout.multi_bore_cylinder_deferred;cutout.filleted_slot_deferred
face	1623	plane	supported_analytic_template	strategy.surface.plane	convex_simple_region	cutout.filleted_slot_deferred
face	1624	cylinder	deferred_residual_surface	reason.deferred_residual_surface	full_periodic_with_cap_boundaries	u_periodic;cutout.cylindrical_bore;cutout.multi_bore_cylinder_deferred;cutout.filleted_slot_deferred
face	1625	plane	supported_analytic_template	strategy.surface.plane	concave_simple_region	cutout.filleted_slot_deferred
face	1626	plane	supported_analytic_template	strategy.surface.plane	concave_simple_region	cutout.filleted_slot_deferred
face	1627	plane	supported_analytic_template	strategy.surface.plane	convex_simple_region	cutout.filleted_slot_deferred
face	1628	plane	supported_analytic_template	strategy.surface.plane	convex_simple_region	cutout.filleted_slot_deferred
face	1629	plane	supported_analytic_template	strategy.surface.plane	convex_simple_region	cutout.filleted_slot_deferred
face	1630	plane	supported_analytic_template	strategy.surface.plane	convex_simple_region	cutout.filleted_slot_deferred
face	1631	plane	supported_analytic_template	strategy.surface.plane	convex_simple_region	cutout.filleted_slot_deferred
face	1632	cylinder	deferred_residual_surface	reason.deferred_residual_surface	full_periodic_with_cap_boundaries	u_periodic;cutout.cylindrical_bore;cutout.multi_bore_cylinder_deferred;cutout.filleted_slot_deferred
face	1633	plane	supported_analytic_template	strategy.surface.plane	convex_simple_region	cutout.filleted_slot_deferred
face	1634	cylinder	deferred_residual_surface	reason.deferred_residual_surface	full_periodic_with_cap_boundaries	u_periodic;cutout.cylindrical_bore;cutout.multi_bore_cylinder_deferred;cutout.filleted_slot_deferred
face	1635	plane	supported_analytic_template	strategy.surface.plane	concave_simple_region	cutout.filleted_slot_deferred
face	1636	plane	supported_analytic_template	strategy.surface.plane	concave_simple_region	cutout.filleted_slot_deferred
face	1637	plane	supported_analytic_template	strategy.surface.plane	convex_simple_region	cutout.filleted_slot_deferred
face	1638	plane	supported_analytic_template	strategy.surface.plane	concave_simple_region	cutout.filleted_slot_deferred
face	1639	plane	supported_analytic_template	strategy.surface.plane	multiple_disconnected_domains	reason.multidomain_decomposition_unproven;cutout.filleted_slot_deferred
face	1640	plane	supported_analytic_template	strategy.surface.plane	convex_simple_region	cutout.filleted_slot_deferred
face	1641	plane	supported_analytic_template	strategy.surface.plane	convex_simple_region	cutout.filleted_slot_deferred
face	1642	plane	supported_analytic_template	strategy.surface.plane	convex_simple_region	cutout.filleted_slot_deferred
face	1643	plane	supported_analytic_template	strategy.surface.plane	multiple_disconnected_domains	reason.multidomain_decomposition_unproven;cutout.filleted_slot_deferred
face	1644	cylinder	deferred_residual_surface	reason.deferred_residual_surface	full_periodic_with_cap_boundaries	u_periodic;cutout.cylindrical_bore;cutout.multi_bore_cylinder_deferred;cutout.filleted_slot_deferred
face	1645	cylinder	deferred_residual_surface	reason.deferred_residual_surface	full_periodic_with_cap_boundaries	u_periodic;cutout.cylindrical_bore;cutout.multi_bore_cylinder_deferred;cutout.filleted_slot_deferred
face	1646	cylinder	deferred_residual_surface	reason.deferred_residual_surface	full_periodic_with_cap_boundaries	u_periodic;cutout.cylindrical_bore;cutout.multi_bore_cylinder_deferred;cutout.filleted_slot_deferred
face	1647	cylinder	deferred_residual_surface	reason.deferred_residual_surface	full_periodic_with_cap_boundaries	u_periodic;cutout.cylindrical_bore;cutout.multi_bore_cylinder_deferred;cutout.filleted_slot_deferred
face	1648	cylinder	deferred_residual_surface	reason.deferred_residual_surface	full_periodic_with_cap_boundaries	u_periodic;cutout.cylindrical_bore;cutout.multi_bore_cylinder_deferred;cutout.filleted_slot_deferred
face	1649	cylinder	deferred_residual_surface	reason.deferred_residual_surface	full_periodic_with_cap_boundaries	u_periodic;cutout.cylindrical_bore;cutout.multi_bore_cylinder_deferred;cutout.filleted_slot_deferred
face	1650	cylinder	deferred_residual_surface	reason.deferred_residual_surface	full_periodic_with_cap_boundaries	u_periodic;cutout.multi_bore_cylinder_deferred;cutout.filleted_slot_deferred
face	1651	cylinder	deferred_residual_surface	reason.deferred_residual_surface	full_periodic_with_cap_boundaries	u_periodic;cutout.cylindrical_bore;cutout.multi_bore_cylinder_deferred;cutout.filleted_slot_deferred
face	1652	cylinder	deferred_residual_surface	reason.deferred_residual_surface	full_periodic_with_cap_boundaries	u_periodic;cutout.multi_bore_cylinder_deferred;cutout.filleted_slot_deferred
face	1653	cylinder	deferred_residual_surface	reason.deferred_residual_surface	full_periodic_with_cap_boundaries	u_periodic;cutout.cylindrical_bore;cutout.multi_bore_cylinder_deferred;cutout.filleted_slot_deferred
face	1654	plane	supported_analytic_template	strategy.surface.plane	self_intersecting_or_invalid	cutout.filleted_slot_deferred
face	1655	plane	supported_analytic_template	strategy.surface.plane	convex_simple_region	cutout.filleted_slot_deferred
face	1656	plane	supported_analytic_template	strategy.surface.plane	convex_simple_region	cutout.filleted_slot_deferred
face	1657	bspline	deferred_residual_surface	reason.deferred_residual_surface	convex_simple_region	mapped.four_sided_candidate;freeform.uv_grid_candidate
face	1658	plane	supported_analytic_template	strategy.surface.plane	self_intersecting_or_invalid	cutout.filleted_slot_deferred
face	1659	plane	supported_analytic_template	strategy.surface.plane	convex_simple_region	cutout.filleted_slot_deferred
face	1660	plane	supported_analytic_template	strategy.surface.plane	convex_simple_region	cutout.filleted_slot_deferred
face	1661	bspline	deferred_residual_surface	reason.deferred_residual_surface	convex_simple_region	mapped.four_sided_candidate;freeform.uv_grid_candidate
face	1662	bspline	deferred_residual_surface	reason.deferred_residual_surface	convex_simple_region	mapped.four_sided_candidate;freeform.uv_grid_candidate
face	1663	plane	supported_analytic_template	strategy.surface.plane	convex_simple_region	cutout.filleted_slot_deferred
face	1664	plane	supported_analytic_template	strategy.surface.plane	convex_simple_region	cutout.filleted_slot_deferred
face	1665	plane	supported_analytic_template	strategy.surface.plane	self_intersecting_or_invalid	cutout.filleted_slot_deferred
face	1666	bspline	deferred_residual_surface	reason.deferred_residual_surface	convex_simple_region	mapped.four_sided_candidate;freeform.uv_grid_candidate
face	1667	cylinder	deferred_residual_surface	reason.deferred_residual_surface	full_periodic_with_cap_boundaries	u_periodic;cutout.cylindrical_bore;cutout.multi_bore_cylinder_deferred;cutout.filleted_slot_deferred
face	1668	cylinder	deferred_residual_surface	reason.deferred_residual_surface	full_periodic_with_cap_boundaries	u_periodic;cutout.cylindrical_bore;cutout.multi_bore_cylinder_deferred;cutout.filleted_slot_deferred
face	1669	cylinder	deferred_residual_surface	reason.deferred_residual_surface	full_periodic_with_cap_boundaries	u_periodic;cutout.cylindrical_bore;cutout.multi_bore_cylinder_deferred;cutout.filleted_slot_deferred
face	1670	cylinder	deferred_residual_surface	reason.deferred_residual_surface	full_periodic_with_cap_boundaries	u_periodic;cutout.cylindrical_bore;cutout.multi_bore_cylinder_deferred;cutout.filleted_slot_deferred
face	1671	plane	supported_analytic_template	strategy.surface.plane	multiple_disconnected_domains	reason.multidomain_decomposition_unproven;cutout.filleted_slot_deferred
face	1672	cylinder	deferred_residual_surface	reason.deferred_residual_surface	full_periodic_with_cap_boundaries	u_periodic;cutout.cylindrical_bore;cutout.multi_bore_cylinder_deferred;cutout.filleted_slot_deferred
face	1673	cylinder	deferred_residual_surface	reason.deferred_residual_surface	full_periodic_with_cap_boundaries	u_periodic;cutout.cylindrical_bore;cutout.multi_bore_cylinder_deferred;cutout.filleted_slot_deferred
face	1674	plane	supported_analytic_template	strategy.surface.plane	multiple_disconnected_domains	reason.multidomain_decomposition_unproven;cutout.filleted_slot_deferred
face	1675	plane	supported_analytic_template	strategy.surface.plane	multiple_disconnected_domains	reason.multidomain_decomposition_unproven;cutout.filleted_slot_deferred
face	1676	cylinder	deferred_residual_surface	reason.deferred_residual_surface	full_periodic_with_cap_boundaries	u_periodic;cutout.cylindrical_bore;cutout.multi_bore_cylinder_deferred;cutout.filleted_slot_deferred
face	1677	cylinder	deferred_residual_surface	reason.deferred_residual_surface	full_periodic_with_cap_boundaries	u_periodic;cutout.cylindrical_bore;cutout.multi_bore_cylinder_deferred;cutout.filleted_slot_deferred
face	1678	plane	supported_analytic_template	strategy.surface.plane	multiple_disconnected_domains	reason.multidomain_decomposition_unproven;cutout.filleted_slot_deferred
face	1679	bspline	deferred_residual_surface	reason.deferred_residual_surface	convex_simple_region	mapped.four_sided_candidate;freeform.uv_grid_candidate
face	1680	bspline	deferred_residual_surface	reason.deferred_residual_surface	convex_simple_region	mapped.four_sided_candidate;freeform.uv_grid_candidate
face	1681	bspline	deferred_residual_surface	reason.deferred_residual_surface	convex_simple_region	mapped.four_sided_candidate;freeform.uv_grid_candidate
face	1682	bspline	deferred_residual_surface	reason.deferred_residual_surface	convex_simple_region	mapped.four_sided_candidate;freeform.uv_grid_candidate
face	1683	bspline	deferred_residual_surface	reason.deferred_residual_surface	convex_simple_region	mapped.four_sided_candidate;freeform.uv_grid_candidate
face	1684	bspline	deferred_residual_surface	reason.deferred_residual_surface	convex_simple_region	mapped.four_sided_candidate;freeform.uv_grid_candidate
face	1685	plane	supported_analytic_template	strategy.surface.plane	self_intersecting_or_invalid	cutout.filleted_slot_deferred
face	1686	bspline	deferred_residual_surface	reason.deferred_residual_surface	convex_simple_region	mapped.four_sided_candidate;freeform.uv_grid_candidate
face	1687	bspline	deferred_residual_surface	reason.deferred_residual_surface	convex_simple_region	mapped.four_sided_candidate;freeform.uv_grid_candidate
face	1688	plane	supported_analytic_template	strategy.surface.plane	self_intersecting_or_invalid	cutout.filleted_slot_deferred
face	1689	bspline	deferred_residual_surface	reason.deferred_residual_surface	convex_simple_region	mapped.four_sided_candidate;freeform.uv_grid_candidate
face	1690	bspline	deferred_residual_surface	reason.deferred_residual_surface	convex_simple_region	mapped.four_sided_candidate;freeform.uv_grid_candidate
face	1691	bspline	deferred_residual_surface	reason.deferred_residual_surface	convex_simple_region	mapped.four_sided_candidate;freeform.uv_grid_candidate
face	1692	bspline	deferred_residual_surface	reason.deferred_residual_surface	convex_simple_region	mapped.four_sided_candidate;freeform.uv_grid_candidate
face	1693	bspline	deferred_residual_surface	reason.deferred_residual_surface	convex_simple_region	mapped.four_sided_candidate;freeform.uv_grid_candidate
face	1694	bspline	deferred_residual_surface	reason.deferred_residual_surface	convex_simple_region	mapped.four_sided_candidate;freeform.uv_grid_candidate
face	1695	bspline	deferred_residual_surface	reason.deferred_residual_surface	convex_simple_region	mapped.four_sided_candidate;freeform.uv_grid_candidate
face	1696	bspline	deferred_residual_surface	reason.deferred_residual_surface	convex_simple_region	mapped.four_sided_candidate;freeform.uv_grid_candidate
face	1697	bspline	deferred_residual_surface	reason.deferred_residual_surface	convex_simple_region	mapped.four_sided_candidate;freeform.uv_grid_candidate
face	1698	bspline	deferred_residual_surface	reason.deferred_residual_surface	convex_simple_region	mapped.four_sided_candidate;freeform.uv_grid_candidate
face	1699	bspline	deferred_residual_surface	reason.deferred_residual_surface	convex_simple_region	mapped.four_sided_candidate;freeform.uv_grid_candidate
face	1700	plane	supported_analytic_template	strategy.surface.plane	self_intersecting_or_invalid	cutout.filleted_slot_deferred
face	1701	bspline	deferred_residual_surface	reason.deferred_residual_surface	convex_simple_region	mapped.four_sided_candidate;freeform.uv_grid_candidate
face	1702	bspline	deferred_residual_surface	reason.deferred_residual_surface	convex_simple_region	mapped.four_sided_candidate;freeform.uv_grid_candidate
face	1703	bspline	deferred_residual_surface	reason.deferred_residual_surface	convex_simple_region	mapped.four_sided_candidate;freeform.uv_grid_candidate
face	1704	bspline	deferred_residual_surface	reason.deferred_residual_surface	convex_simple_region	mapped.four_sided_candidate;freeform.uv_grid_candidate
face	1705	plane	supported_analytic_template	strategy.surface.plane	self_intersecting_or_invalid	cutout.filleted_slot_deferred
face	1706	bspline	deferred_residual_surface	reason.deferred_residual_surface	convex_simple_region	mapped.four_sided_candidate;freeform.uv_grid_candidate
face	1707	bspline	deferred_residual_surface	reason.deferred_residual_surface	convex_simple_region	mapped.four_sided_candidate;freeform.uv_grid_candidate
face	1708	bspline	deferred_residual_surface	reason.deferred_residual_surface	convex_simple_region	mapped.four_sided_candidate;freeform.uv_grid_candidate
face	1709	bspline	deferred_residual_surface	reason.deferred_residual_surface	convex_simple_region	mapped.four_sided_candidate;freeform.uv_grid_candidate
face	1710	bspline	deferred_residual_surface	reason.deferred_residual_surface	convex_simple_region	mapped.four_sided_candidate;freeform.uv_grid_candidate
face	1711	plane	supported_analytic_template	strategy.surface.plane	multiple_disconnected_domains	reason.multidomain_decomposition_unproven;cutout.filleted_slot_deferred
face	1712	plane	supported_analytic_template	strategy.surface.plane	multiple_disconnected_domains	reason.multidomain_decomposition_unproven;cutout.filleted_slot_deferred
face	1713	plane	supported_analytic_template	strategy.surface.plane	concave_simple_region	cutout.filleted_slot_deferred
face	1714	plane	supported_analytic_template	strategy.surface.plane	concave_simple_region	cutout.filleted_slot_deferred
face	1715	plane	supported_analytic_template	strategy.surface.plane	multiply_perforated_disk	cutout.planar_perforated;cutout.filleted_slot_deferred
face	1716	plane	supported_analytic_template	strategy.surface.plane	concave_simple_region	cutout.filleted_slot_deferred
face	1717	plane	supported_analytic_template	strategy.surface.plane	concave_simple_region	cutout.filleted_slot_deferred
face	1718	plane	supported_analytic_template	strategy.surface.plane	multiple_disconnected_domains	reason.multidomain_decomposition_unproven;cutout.filleted_slot_deferred
face	1719	plane	supported_analytic_template	strategy.surface.plane	convex_simple_region	cutout.filleted_slot_deferred
face	1720	plane	supported_analytic_template	strategy.surface.plane	concave_simple_region	cutout.filleted_slot_deferred
face	1721	cylinder	deferred_residual_surface	reason.deferred_residual_surface	full_periodic_with_cap_boundaries	u_periodic;cutout.cylindrical_bore;cutout.multi_bore_cylinder_deferred;cutout.filleted_slot_deferred
face	1722	cylinder	deferred_residual_surface	reason.deferred_residual_surface	full_periodic_with_cap_boundaries	u_periodic;cutout.cylindrical_bore;cutout.multi_bore_cylinder_deferred;cutout.filleted_slot_deferred
face	1723	bspline	deferred_residual_surface	reason.deferred_residual_surface	convex_simple_region	mapped.four_sided_candidate;freeform.uv_grid_candidate
face	1724	bspline	deferred_residual_surface	reason.deferred_residual_surface	convex_simple_region	mapped.four_sided_candidate;freeform.uv_grid_candidate
face	1725	bspline	deferred_residual_surface	reason.deferred_residual_surface	convex_simple_region	mapped.four_sided_candidate;freeform.uv_grid_candidate
face	1726	bspline	deferred_residual_surface	reason.deferred_residual_surface	convex_simple_region	mapped.four_sided_candidate;freeform.uv_grid_candidate
face	1727	bspline	deferred_residual_surface	reason.deferred_residual_surface	convex_simple_region	mapped.four_sided_candidate;freeform.uv_grid_candidate
face	1728	bspline	deferred_residual_surface	reason.deferred_residual_surface	convex_simple_region	mapped.four_sided_candidate;freeform.uv_grid_candidate
face	1729	bspline	deferred_residual_surface	reason.deferred_residual_surface	convex_simple_region	mapped.four_sided_candidate;freeform.uv_grid_candidate
face	1730	bspline	deferred_residual_surface	reason.deferred_residual_surface	convex_simple_region	mapped.four_sided_candidate;freeform.uv_grid_candidate
face	1731	bspline	deferred_residual_surface	reason.deferred_residual_surface	convex_simple_region	mapped.four_sided_candidate;freeform.uv_grid_candidate
face	1732	bspline	deferred_residual_surface	reason.deferred_residual_surface	convex_simple_region	mapped.four_sided_candidate;freeform.uv_grid_candidate
face	1733	bspline	deferred_residual_surface	reason.deferred_residual_surface	convex_simple_region	mapped.four_sided_candidate;freeform.uv_grid_candidate
face	1734	bspline	deferred_residual_surface	reason.deferred_residual_surface	convex_simple_region	mapped.four_sided_candidate;freeform.uv_grid_candidate
face	1735	bspline	deferred_residual_surface	reason.deferred_residual_surface	convex_simple_region	mapped.four_sided_candidate;freeform.uv_grid_candidate
face	1736	bspline	deferred_residual_surface	reason.deferred_residual_surface	convex_simple_region	mapped.four_sided_candidate;freeform.uv_grid_candidate
face	1737	bspline	deferred_residual_surface	reason.deferred_residual_surface	convex_simple_region	mapped.four_sided_candidate;freeform.uv_grid_candidate
face	1738	bspline	deferred_residual_surface	reason.deferred_residual_surface	convex_simple_region	mapped.four_sided_candidate;freeform.uv_grid_candidate
face	1739	bspline	deferred_residual_surface	reason.deferred_residual_surface	convex_simple_region	mapped.four_sided_candidate;freeform.uv_grid_candidate
face	1740	bspline	deferred_residual_surface	reason.deferred_residual_surface	convex_simple_region	mapped.four_sided_candidate;freeform.uv_grid_candidate
face	1741	plane	supported_analytic_template	strategy.surface.plane	convex_simple_region	cutout.filleted_slot_deferred
face	1742	bspline	deferred_residual_surface	reason.deferred_residual_surface	convex_simple_region	mapped.four_sided_candidate;freeform.uv_grid_candidate
face	1743	plane	supported_analytic_template	strategy.surface.plane	convex_simple_region	cutout.filleted_slot_deferred
face	1744	plane	supported_analytic_template	strategy.surface.plane	convex_simple_region	cutout.filleted_slot_deferred
face	1745	bspline	deferred_residual_surface	reason.deferred_residual_surface	convex_simple_region	mapped.four_sided_candidate;freeform.uv_grid_candidate
face	1746	plane	supported_analytic_template	strategy.surface.plane	convex_simple_region	cutout.filleted_slot_deferred
face	1747	plane	supported_analytic_template	strategy.surface.plane	convex_simple_region	cutout.filleted_slot_deferred
face	1748	bspline	deferred_residual_surface	reason.deferred_residual_surface	convex_simple_region	mapped.four_sided_candidate;freeform.uv_grid_candidate
face	1749	bspline	deferred_residual_surface	reason.deferred_residual_surface	convex_simple_region	mapped.four_sided_candidate;freeform.uv_grid_candidate
face	1750	plane	supported_analytic_template	strategy.surface.plane	convex_simple_region	cutout.filleted_slot_deferred
face	1751	plane	supported_analytic_template	strategy.surface.plane	multiple_disconnected_domains	reason.multidomain_decomposition_unproven;cutout.filleted_slot_deferred
face	1752	bspline	deferred_residual_surface	reason.deferred_residual_surface	convex_simple_region	mapped.four_sided_candidate;freeform.uv_grid_candidate
face	1753	cylinder	deferred_residual_surface	reason.deferred_residual_surface	full_periodic_with_cap_boundaries	u_periodic;cutout.cylindrical_bore;cutout.multi_bore_cylinder_deferred;cutout.filleted_slot_deferred
face	1754	cylinder	deferred_residual_surface	reason.deferred_residual_surface	full_periodic_with_cap_boundaries	u_periodic;cutout.cylindrical_bore;cutout.multi_bore_cylinder_deferred;cutout.filleted_slot_deferred
face	1755	bspline	deferred_residual_surface	reason.deferred_residual_surface	convex_simple_region	mapped.four_sided_candidate;freeform.uv_grid_candidate
face	1756	cylinder	deferred_residual_surface	reason.deferred_residual_surface	full_periodic_with_cap_boundaries	u_periodic;cutout.cylindrical_bore;cutout.multi_bore_cylinder_deferred;cutout.filleted_slot_deferred
face	1757	cylinder	deferred_residual_surface	reason.deferred_residual_surface	full_periodic_with_cap_boundaries	u_periodic;cutout.cylindrical_bore;cutout.multi_bore_cylinder_deferred;cutout.filleted_slot_deferred
face	1758	plane	supported_analytic_template	strategy.surface.plane	annulus	cutout.planar_perforated;cutout.filleted_slot_deferred
face	1759	bspline	deferred_residual_surface	reason.deferred_residual_surface	convex_simple_region	mapped.non_four_sided_deferred;freeform.uv_grid_candidate
face	1760	plane	supported_analytic_template	strategy.surface.plane	self_intersecting_or_invalid	cutout.filleted_slot_deferred
face	1761	bspline	deferred_residual_surface	reason.deferred_residual_surface	convex_simple_region	mapped.four_sided_candidate;freeform.uv_grid_candidate
face	1762	bspline	deferred_residual_surface	reason.deferred_residual_surface	convex_simple_region	mapped.four_sided_candidate;freeform.uv_grid_candidate
face	1763	bspline	deferred_residual_surface	reason.deferred_residual_surface	annulus	mapped.non_four_sided_deferred;freeform.uv_grid_candidate
face	1764	bspline	deferred_residual_surface	reason.deferred_residual_surface	annulus	mapped.non_four_sided_deferred;freeform.uv_grid_candidate
face	1765	cylinder	deferred_residual_surface	reason.deferred_residual_surface	full_periodic_with_cap_boundaries	u_periodic;cutout.cylindrical_bore;cutout.multi_bore_cylinder_deferred;cutout.filleted_slot_deferred
face	1766	bspline	deferred_residual_surface	reason.deferred_residual_surface	convex_simple_region	mapped.non_four_sided_deferred;freeform.uv_grid_candidate
face	1767	bspline	deferred_residual_surface	reason.deferred_residual_surface	convex_simple_region	mapped.non_four_sided_deferred;freeform.uv_grid_candidate
face	1768	bspline	deferred_residual_surface	reason.deferred_residual_surface	convex_simple_region	mapped.non_four_sided_deferred;freeform.uv_grid_candidate
face	1769	bspline	deferred_residual_surface	reason.deferred_residual_surface	convex_simple_region	mapped.non_four_sided_deferred;freeform.uv_grid_candidate
face	1770	offset	deferred_residual_surface	reason.deferred_residual_surface	convex_simple_region	
face	1771	bspline	deferred_residual_surface	reason.deferred_residual_surface	convex_simple_region	mapped.non_four_sided_deferred;freeform.uv_grid_candidate
face	1772	bspline	deferred_residual_surface	reason.deferred_residual_surface	convex_simple_region	mapped.non_four_sided_deferred;freeform.uv_grid_candidate
face	1773	bspline	deferred_residual_surface	reason.deferred_residual_surface	convex_simple_region	mapped.four_sided_candidate;freeform.uv_grid_candidate
face	1774	bspline	deferred_residual_surface	reason.deferred_residual_surface	convex_simple_region	mapped.non_four_sided_deferred;freeform.uv_grid_candidate
face	1775	bspline	deferred_residual_surface	reason.deferred_residual_surface	convex_simple_region	mapped.non_four_sided_deferred;freeform.uv_grid_candidate
face	1776	bspline	deferred_residual_surface	reason.deferred_residual_surface	convex_simple_region	mapped.non_four_sided_deferred;freeform.uv_grid_candidate
face	1777	bspline	deferred_residual_surface	reason.deferred_residual_surface	convex_simple_region	mapped.four_sided_candidate;freeform.uv_grid_candidate
face	1778	bspline	deferred_residual_surface	reason.deferred_residual_surface	convex_simple_region	mapped.four_sided_candidate;freeform.uv_grid_candidate
face	1779	bspline	deferred_residual_surface	reason.deferred_residual_surface	convex_simple_region	mapped.non_four_sided_deferred;freeform.uv_grid_candidate
face	1780	bspline	deferred_residual_surface	reason.deferred_residual_surface	convex_simple_region	mapped.non_four_sided_deferred;freeform.uv_grid_candidate
face	1781	bspline	deferred_residual_surface	reason.deferred_residual_surface	convex_simple_region	mapped.non_four_sided_deferred;freeform.uv_grid_candidate
face	1782	bspline	deferred_residual_surface	reason.deferred_residual_surface	convex_simple_region	mapped.four_sided_candidate;freeform.uv_grid_candidate
face	1783	bspline	deferred_residual_surface	reason.deferred_residual_surface	convex_simple_region	mapped.four_sided_candidate;freeform.uv_grid_candidate
face	1784	cylinder	deferred_residual_surface	reason.deferred_residual_surface	full_periodic_with_cap_boundaries	u_periodic;cutout.cylindrical_bore;cutout.multi_bore_cylinder_deferred;cutout.filleted_slot_deferred
face	1785	plane	supported_analytic_template	strategy.surface.plane	convex_simple_region	cutout.filleted_slot_deferred
face	1786	bspline	deferred_residual_surface	reason.deferred_residual_surface	convex_simple_region	mapped.four_sided_candidate;freeform.uv_grid_candidate
face	1787	cylinder	deferred_residual_surface	reason.deferred_residual_surface	full_periodic_with_cap_boundaries	u_periodic;cutout.cylindrical_bore;cutout.multi_bore_cylinder_deferred;cutout.filleted_slot_deferred
face	1788	bspline	deferred_residual_surface	reason.deferred_residual_surface	convex_simple_region	mapped.non_four_sided_deferred;freeform.uv_grid_candidate
face	1789	plane	supported_analytic_template	strategy.surface.plane	convex_simple_region	cutout.filleted_slot_deferred
face	1790	cylinder	deferred_residual_surface	reason.deferred_residual_surface	full_periodic_with_cap_boundaries	u_periodic;cutout.cylindrical_bore;cutout.multi_bore_cylinder_deferred;cutout.filleted_slot_deferred
face	1791	plane	supported_analytic_template	strategy.surface.plane	convex_simple_region	cutout.filleted_slot_deferred
face	1792	cylinder	deferred_residual_surface	reason.deferred_residual_surface	full_periodic_with_cap_boundaries	u_periodic;cutout.cylindrical_bore;cutout.multi_bore_cylinder_deferred;cutout.filleted_slot_deferred
face	1793	plane	supported_analytic_template	strategy.surface.plane	self_intersecting_or_invalid	cutout.filleted_slot_deferred
face	1794	bspline	deferred_residual_surface	reason.deferred_residual_surface	convex_simple_region	mapped.four_sided_candidate;freeform.uv_grid_candidate
face	1795	plane	supported_analytic_template	strategy.surface.plane	concave_simple_region	cutout.filleted_slot_deferred
face	1796	bspline	deferred_residual_surface	reason.deferred_residual_surface	convex_simple_region	mapped.non_four_sided_deferred;freeform.uv_grid_candidate
face	1797	cylinder	deferred_residual_surface	reason.deferred_residual_surface	full_periodic_with_cap_boundaries	u_periodic;cutout.cylindrical_bore;cutout.multi_bore_cylinder_deferred;cutout.filleted_slot_deferred
face	1798	plane	supported_analytic_template	strategy.surface.plane	multiple_disconnected_domains	reason.multidomain_decomposition_unproven;cutout.filleted_slot_deferred
face	1799	bspline	deferred_residual_surface	reason.deferred_residual_surface	convex_simple_region	mapped.non_four_sided_deferred;freeform.uv_grid_candidate
face	1800	bspline	deferred_residual_surface	reason.deferred_residual_surface	convex_simple_region	mapped.non_four_sided_deferred;freeform.uv_grid_candidate
face	1801	bspline	deferred_residual_surface	reason.deferred_residual_surface	convex_simple_region	mapped.non_four_sided_deferred;freeform.uv_grid_candidate
face	1802	bspline	deferred_residual_surface	reason.deferred_residual_surface	convex_simple_region	mapped.non_four_sided_deferred;freeform.uv_grid_candidate
face	1803	bspline	deferred_residual_surface	reason.deferred_residual_surface	convex_simple_region	mapped.four_sided_candidate;freeform.uv_grid_candidate
face	1804	bspline	deferred_residual_surface	reason.deferred_residual_surface	convex_simple_region	mapped.non_four_sided_deferred;freeform.uv_grid_candidate
face	1805	bspline	deferred_residual_surface	reason.deferred_residual_surface	convex_simple_region	mapped.four_sided_candidate;freeform.uv_grid_candidate
face	1806	plane	supported_analytic_template	strategy.surface.plane	multiple_disconnected_domains	reason.multidomain_decomposition_unproven;cutout.filleted_slot_deferred
face	1807	cylinder	deferred_residual_surface	reason.deferred_residual_surface	full_periodic_with_cap_boundaries	u_periodic;cutout.cylindrical_bore;cutout.multi_bore_cylinder_deferred;cutout.filleted_slot_deferred
face	1808	plane	supported_analytic_template	strategy.surface.plane	multiple_disconnected_domains	cutout.planar_perforated;reason.multidomain_decomposition_unproven;cutout.filleted_slot_deferred
face	1809	cone	deferred_residual_surface	reason.deferred_residual_surface	full_periodic_with_cap_boundaries	u_periodic
face	1810	cylinder	deferred_residual_surface	reason.deferred_residual_surface	full_periodic_with_cap_boundaries	u_periodic;cutout.cylindrical_bore;cutout.multi_bore_cylinder_deferred;cutout.filleted_slot_deferred
face	1811	bspline	deferred_residual_surface	reason.deferred_residual_surface	annulus	mapped.non_four_sided_deferred;freeform.uv_grid_candidate
face	1812	cylinder	deferred_residual_surface	reason.deferred_residual_surface	full_periodic_with_cap_boundaries	u_periodic;cutout.cylindrical_bore;cutout.multi_bore_cylinder_deferred;cutout.filleted_slot_deferred
face	1813	plane	supported_analytic_template	strategy.surface.plane	simple_disk	cutout.filleted_slot_deferred
face	1814	cylinder	deferred_residual_surface	reason.deferred_residual_surface	full_periodic_with_cap_boundaries	u_periodic;cutout.cylindrical_bore;cutout.multi_bore_cylinder_deferred;cutout.filleted_slot_deferred
face	1815	plane	supported_analytic_template	strategy.surface.plane	convex_simple_region	cutout.filleted_slot_deferred
face	1816	plane	supported_analytic_template	strategy.surface.plane	convex_simple_region	cutout.filleted_slot_deferred
face	1817	plane	supported_analytic_template	strategy.surface.plane	convex_simple_region	cutout.filleted_slot_deferred
face	1818	plane	supported_analytic_template	strategy.surface.plane	annulus	cutout.planar_perforated;cutout.filleted_slot_deferred
face	1819	cylinder	deferred_residual_surface	reason.deferred_residual_surface	full_periodic_with_cap_boundaries	u_periodic;cutout.cylindrical_bore;cutout.multi_bore_cylinder_deferred;cutout.filleted_slot_deferred
face	1820	plane	supported_analytic_template	strategy.surface.plane	multiple_disconnected_domains	cutout.planar_perforated;reason.multidomain_decomposition_unproven;cutout.filleted_slot_deferred
face	1821	plane	supported_analytic_template	strategy.surface.plane	convex_simple_region	cutout.filleted_slot_deferred
face	1822	bspline	deferred_residual_surface	reason.deferred_residual_surface	convex_simple_region	mapped.non_four_sided_deferred;freeform.uv_grid_candidate
face	1823	bspline	deferred_residual_surface	reason.deferred_residual_surface	convex_simple_region	mapped.four_sided_candidate;freeform.uv_grid_candidate
face	1824	bspline	deferred_residual_surface	reason.deferred_residual_surface	convex_simple_region	mapped.four_sided_candidate;freeform.uv_grid_candidate
face	1825	plane	supported_analytic_template	strategy.surface.plane	multiple_disconnected_domains	reason.multidomain_decomposition_unproven;cutout.filleted_slot_deferred
face	1826	plane	supported_analytic_template	strategy.surface.plane	convex_simple_region	cutout.filleted_slot_deferred
face	1827	bspline	deferred_residual_surface	reason.deferred_residual_surface	convex_simple_region	mapped.non_four_sided_deferred;freeform.uv_grid_candidate
face	1828	bspline	deferred_residual_surface	reason.deferred_residual_surface	convex_simple_region	mapped.non_four_sided_deferred;freeform.uv_grid_candidate
face	1829	bspline	deferred_residual_surface	reason.deferred_residual_surface	convex_simple_region	mapped.non_four_sided_deferred;freeform.uv_grid_candidate
face	1830	bspline	deferred_residual_surface	reason.deferred_residual_surface	convex_simple_region	mapped.four_sided_candidate;freeform.uv_grid_candidate
face	1831	bspline	deferred_residual_surface	reason.deferred_residual_surface	convex_simple_region	mapped.four_sided_candidate;freeform.uv_grid_candidate
face	1832	plane	supported_analytic_template	strategy.surface.plane	multiple_disconnected_domains	reason.multidomain_decomposition_unproven;cutout.filleted_slot_deferred
face	1833	plane	supported_analytic_template	strategy.surface.plane	convex_simple_region	cutout.filleted_slot_deferred
face	1834	cylinder	deferred_residual_surface	reason.deferred_residual_surface	full_periodic_with_cap_boundaries	u_periodic;cutout.cylindrical_bore;cutout.multi_bore_cylinder_deferred;cutout.filleted_slot_deferred
face	1835	plane	supported_analytic_template	strategy.surface.plane	convex_simple_region	cutout.filleted_slot_deferred
face	1836	cylinder	deferred_residual_surface	reason.deferred_residual_surface	full_periodic_with_cap_boundaries	u_periodic;cutout.cylindrical_bore;cutout.multi_bore_cylinder_deferred;cutout.filleted_slot_deferred
face	1837	plane	supported_analytic_template	strategy.surface.plane	concave_simple_region	cutout.filleted_slot_deferred
face	1838	bspline	deferred_residual_surface	reason.deferred_residual_surface	convex_simple_region	mapped.non_four_sided_deferred;freeform.uv_grid_candidate
face	1839	bspline	deferred_residual_surface	reason.deferred_residual_surface	convex_simple_region	mapped.four_sided_candidate;freeform.uv_grid_candidate
face	1840	bspline	deferred_residual_surface	reason.deferred_residual_surface	convex_simple_region	mapped.four_sided_candidate;freeform.uv_grid_candidate
face	1841	cylinder	deferred_residual_surface	reason.deferred_residual_surface	full_periodic_with_cap_boundaries	u_periodic;cutout.cylindrical_bore;cutout.multi_bore_cylinder_deferred;cutout.filleted_slot_deferred
face	1842	bspline	deferred_residual_surface	reason.deferred_residual_surface	convex_simple_region	mapped.non_four_sided_deferred;freeform.uv_grid_candidate
face	1843	bspline	deferred_residual_surface	reason.deferred_residual_surface	convex_simple_region	mapped.non_four_sided_deferred;freeform.uv_grid_candidate
face	1844	bspline	deferred_residual_surface	reason.deferred_residual_surface	convex_simple_region	mapped.non_four_sided_deferred;freeform.uv_grid_candidate
face	1845	bspline	deferred_residual_surface	reason.deferred_residual_surface	convex_simple_region	mapped.non_four_sided_deferred;freeform.uv_grid_candidate
face	1846	offset	deferred_residual_surface	reason.deferred_residual_surface	convex_simple_region	
face	1847	bspline	deferred_residual_surface	reason.deferred_residual_surface	convex_simple_region	mapped.non_four_sided_deferred;freeform.uv_grid_candidate
face	1848	bspline	deferred_residual_surface	reason.deferred_residual_surface	convex_simple_region	mapped.non_four_sided_deferred;freeform.uv_grid_candidate
face	1849	bspline	deferred_residual_surface	reason.deferred_residual_surface	convex_simple_region	mapped.four_sided_candidate;freeform.uv_grid_candidate
face	1850	bspline	deferred_residual_surface	reason.deferred_residual_surface	convex_simple_region	mapped.non_four_sided_deferred;freeform.uv_grid_candidate
face	1851	bspline	deferred_residual_surface	reason.deferred_residual_surface	convex_simple_region	mapped.non_four_sided_deferred;freeform.uv_grid_candidate
face	1852	bspline	deferred_residual_surface	reason.deferred_residual_surface	convex_simple_region	mapped.non_four_sided_deferred;freeform.uv_grid_candidate
face	1853	bspline	deferred_residual_surface	reason.deferred_residual_surface	convex_simple_region	mapped.four_sided_candidate;freeform.uv_grid_candidate
face	1854	bspline	deferred_residual_surface	reason.deferred_residual_surface	convex_simple_region	mapped.four_sided_candidate;freeform.uv_grid_candidate
face	1855	bspline	deferred_residual_surface	reason.deferred_residual_surface	convex_simple_region	mapped.non_four_sided_deferred;freeform.uv_grid_candidate
face	1856	bspline	deferred_residual_surface	reason.deferred_residual_surface	convex_simple_region	mapped.non_four_sided_deferred;freeform.uv_grid_candidate
face	1857	bspline	deferred_residual_surface	reason.deferred_residual_surface	convex_simple_region	mapped.non_four_sided_deferred;freeform.uv_grid_candidate
face	1858	bspline	deferred_residual_surface	reason.deferred_residual_surface	convex_simple_region	mapped.four_sided_candidate;freeform.uv_grid_candidate
face	1859	bspline	deferred_residual_surface	reason.deferred_residual_surface	convex_simple_region	mapped.four_sided_candidate;freeform.uv_grid_candidate
face	1860	cylinder	deferred_residual_surface	reason.deferred_residual_surface	full_periodic_with_cap_boundaries	u_periodic;cutout.cylindrical_bore;cutout.multi_bore_cylinder_deferred;cutout.filleted_slot_deferred
face	1861	plane	supported_analytic_template	strategy.surface.plane	convex_simple_region	cutout.filleted_slot_deferred
face	1862	bspline	deferred_residual_surface	reason.deferred_residual_surface	convex_simple_region	mapped.four_sided_candidate;freeform.uv_grid_candidate
face	1863	cylinder	deferred_residual_surface	reason.deferred_residual_surface	full_periodic_with_cap_boundaries	u_periodic;cutout.cylindrical_bore;cutout.multi_bore_cylinder_deferred;cutout.filleted_slot_deferred
face	1864	bspline	deferred_residual_surface	reason.deferred_residual_surface	convex_simple_region	mapped.non_four_sided_deferred;freeform.uv_grid_candidate
face	1865	plane	supported_analytic_template	strategy.surface.plane	convex_simple_region	cutout.filleted_slot_deferred
face	1866	cylinder	deferred_residual_surface	reason.deferred_residual_surface	full_periodic_with_cap_boundaries	u_periodic;cutout.cylindrical_bore;cutout.multi_bore_cylinder_deferred;cutout.filleted_slot_deferred
face	1867	plane	supported_analytic_template	strategy.surface.plane	convex_simple_region	cutout.filleted_slot_deferred
face	1868	cylinder	deferred_residual_surface	reason.deferred_residual_surface	full_periodic_with_cap_boundaries	u_periodic;cutout.cylindrical_bore;cutout.multi_bore_cylinder_deferred;cutout.filleted_slot_deferred
face	1869	plane	supported_analytic_template	strategy.surface.plane	self_intersecting_or_invalid	cutout.filleted_slot_deferred
face	1870	bspline	deferred_residual_surface	reason.deferred_residual_surface	convex_simple_region	mapped.four_sided_candidate;freeform.uv_grid_candidate
face	1871	plane	supported_analytic_template	strategy.surface.plane	concave_simple_region	cutout.filleted_slot_deferred
face	1872	bspline	deferred_residual_surface	reason.deferred_residual_surface	convex_simple_region	mapped.non_four_sided_deferred;freeform.uv_grid_candidate
face	1873	cylinder	deferred_residual_surface	reason.deferred_residual_surface	full_periodic_with_cap_boundaries	u_periodic;cutout.cylindrical_bore;cutout.multi_bore_cylinder_deferred;cutout.filleted_slot_deferred
face	1874	plane	supported_analytic_template	strategy.surface.plane	multiple_disconnected_domains	reason.multidomain_decomposition_unproven;cutout.filleted_slot_deferred
face	1875	bspline	deferred_residual_surface	reason.deferred_residual_surface	convex_simple_region	mapped.non_four_sided_deferred;freeform.uv_grid_candidate
face	1876	bspline	deferred_residual_surface	reason.deferred_residual_surface	convex_simple_region	mapped.non_four_sided_deferred;freeform.uv_grid_candidate
face	1877	bspline	deferred_residual_surface	reason.deferred_residual_surface	convex_simple_region	mapped.non_four_sided_deferred;freeform.uv_grid_candidate
face	1878	bspline	deferred_residual_surface	reason.deferred_residual_surface	convex_simple_region	mapped.non_four_sided_deferred;freeform.uv_grid_candidate
face	1879	bspline	deferred_residual_surface	reason.deferred_residual_surface	convex_simple_region	mapped.four_sided_candidate;freeform.uv_grid_candidate
face	1880	bspline	deferred_residual_surface	reason.deferred_residual_surface	convex_simple_region	mapped.non_four_sided_deferred;freeform.uv_grid_candidate
face	1881	bspline	deferred_residual_surface	reason.deferred_residual_surface	convex_simple_region	mapped.four_sided_candidate;freeform.uv_grid_candidate
face	1882	plane	supported_analytic_template	strategy.surface.plane	multiple_disconnected_domains	reason.multidomain_decomposition_unproven;cutout.filleted_slot_deferred
face	1883	cylinder	deferred_residual_surface	reason.deferred_residual_surface	full_periodic_with_cap_boundaries	u_periodic;cutout.cylindrical_bore;cutout.multi_bore_cylinder_deferred;cutout.filleted_slot_deferred
face	1884	plane	supported_analytic_template	strategy.surface.plane	multiple_disconnected_domains	cutout.planar_perforated;reason.multidomain_decomposition_unproven;cutout.filleted_slot_deferred
face	1885	cone	deferred_residual_surface	reason.deferred_residual_surface	full_periodic_with_cap_boundaries	u_periodic
face	1886	cylinder	deferred_residual_surface	reason.deferred_residual_surface	full_periodic_with_cap_boundaries	u_periodic;cutout.cylindrical_bore;cutout.multi_bore_cylinder_deferred;cutout.filleted_slot_deferred
face	1887	bspline	deferred_residual_surface	reason.deferred_residual_surface	convex_simple_region	mapped.four_sided_candidate;freeform.uv_grid_candidate
face	1888	bspline	deferred_residual_surface	reason.deferred_residual_surface	convex_simple_region	mapped.four_sided_candidate;freeform.uv_grid_candidate
face	1889	cylinder	deferred_residual_surface	reason.deferred_residual_surface	full_periodic_with_cap_boundaries	u_periodic;cutout.cylindrical_bore;cutout.multi_bore_cylinder_deferred;cutout.filleted_slot_deferred
face	1890	bspline	deferred_residual_surface	reason.deferred_residual_surface	convex_simple_region	mapped.four_sided_candidate;freeform.uv_grid_candidate
face	1891	cylinder	deferred_residual_surface	reason.deferred_residual_surface	full_periodic_with_cap_boundaries	u_periodic;cutout.cylindrical_bore;cutout.multi_bore_cylinder_deferred;cutout.filleted_slot_deferred
face	1892	plane	supported_analytic_template	strategy.surface.plane	multiple_disconnected_domains	reason.multidomain_decomposition_unproven;cutout.filleted_slot_deferred
face	1893	cylinder	deferred_residual_surface	reason.deferred_residual_surface	full_periodic_with_cap_boundaries	u_periodic;cutout.cylindrical_bore;cutout.multi_bore_cylinder_deferred;cutout.filleted_slot_deferred
face	1894	bspline	deferred_residual_surface	reason.deferred_residual_surface	convex_simple_region	mapped.four_sided_candidate;freeform.uv_grid_candidate
face	1895	cylinder	deferred_residual_surface	reason.deferred_residual_surface	full_periodic_with_cap_boundaries	u_periodic;cutout.cylindrical_bore;cutout.multi_bore_cylinder_deferred;cutout.filleted_slot_deferred
face	1896	cylinder	deferred_residual_surface	reason.deferred_residual_surface	full_periodic_with_cap_boundaries	u_periodic;cutout.cylindrical_bore;cutout.multi_bore_cylinder_deferred;cutout.filleted_slot_deferred
face	1897	cylinder	deferred_residual_surface	reason.deferred_residual_surface	full_periodic_with_cap_boundaries	u_periodic;cutout.cylindrical_bore;cutout.multi_bore_cylinder_deferred;cutout.filleted_slot_deferred
face	1898	cylinder	deferred_residual_surface	reason.deferred_residual_surface	full_periodic_with_cap_boundaries	u_periodic;cutout.cylindrical_bore;cutout.multi_bore_cylinder_deferred;cutout.filleted_slot_deferred
face	1899	cylinder	deferred_residual_surface	reason.deferred_residual_surface	full_periodic_with_cap_boundaries	u_periodic;cutout.cylindrical_bore;cutout.multi_bore_cylinder_deferred;cutout.filleted_slot_deferred
face	1900	cylinder	deferred_residual_surface	reason.deferred_residual_surface	full_periodic_with_cap_boundaries	u_periodic;cutout.cylindrical_bore;cutout.multi_bore_cylinder_deferred;cutout.filleted_slot_deferred
face	1901	plane	supported_analytic_template	strategy.surface.plane	convex_simple_region	cutout.filleted_slot_deferred
face	1902	plane	supported_analytic_template	strategy.surface.plane	convex_simple_region	cutout.filleted_slot_deferred
face	1903	cylinder	deferred_residual_surface	reason.deferred_residual_surface	full_periodic_with_cap_boundaries	u_periodic;cutout.cylindrical_bore;cutout.multi_bore_cylinder_deferred;cutout.filleted_slot_deferred
face	1904	cylinder	deferred_residual_surface	reason.deferred_residual_surface	full_periodic_with_cap_boundaries	u_periodic;cutout.cylindrical_bore;cutout.multi_bore_cylinder_deferred;cutout.filleted_slot_deferred
face	1905	cylinder	deferred_residual_surface	reason.deferred_residual_surface	full_periodic_with_cap_boundaries	u_periodic;cutout.cylindrical_bore;cutout.multi_bore_cylinder_deferred;cutout.filleted_slot_deferred
face	1906	cylinder	deferred_residual_surface	reason.deferred_residual_surface	full_periodic_with_cap_boundaries	u_periodic;cutout.cylindrical_bore;cutout.multi_bore_cylinder_deferred;cutout.filleted_slot_deferred
face	1907	plane	supported_analytic_template	strategy.surface.plane	convex_simple_region	cutout.filleted_slot_deferred
face	1908	plane	supported_analytic_template	strategy.surface.plane	convex_simple_region	cutout.filleted_slot_deferred
face	1909	plane	supported_analytic_template	strategy.surface.plane	annulus	cutout.planar_perforated;cutout.filleted_slot_deferred
face	1910	bspline	deferred_residual_surface	reason.deferred_residual_surface	convex_simple_region	mapped.four_sided_candidate;freeform.uv_grid_candidate
face	1911	cone	deferred_residual_surface	reason.deferred_residual_surface	full_periodic_with_cap_boundaries	u_periodic
face	1912	cone	deferred_residual_surface	reason.deferred_residual_surface	full_periodic_with_cap_boundaries	u_periodic
face	1913	plane	supported_analytic_template	strategy.surface.plane	convex_simple_region	cutout.filleted_slot_deferred
face	1914	cone	deferred_residual_surface	reason.deferred_residual_surface	full_periodic_with_cap_boundaries	u_periodic
face	1915	cone	deferred_residual_surface	reason.deferred_residual_surface	full_periodic_with_cap_boundaries	u_periodic
face	1916	cone	deferred_residual_surface	reason.deferred_residual_surface	full_periodic_with_cap_boundaries	u_periodic
face	1917	bspline	deferred_residual_surface	reason.deferred_residual_surface	convex_simple_region	mapped.four_sided_candidate;freeform.uv_grid_candidate
face	1918	cone	deferred_residual_surface	reason.deferred_residual_surface	full_periodic_with_cap_boundaries	u_periodic
face	1919	plane	supported_analytic_template	strategy.surface.plane	convex_simple_region	cutout.filleted_slot_deferred
face	1920	plane	supported_analytic_template	strategy.surface.plane	convex_simple_region	cutout.filleted_slot_deferred
face	1921	plane	supported_analytic_template	strategy.surface.plane	annulus	cutout.planar_perforated;cutout.filleted_slot_deferred
face	1922	bspline	deferred_residual_surface	reason.deferred_residual_surface	convex_simple_region	mapped.four_sided_candidate;freeform.uv_grid_candidate
face	1923	cone	deferred_residual_surface	reason.deferred_residual_surface	full_periodic_with_cap_boundaries	u_periodic
face	1924	cone	deferred_residual_surface	reason.deferred_residual_surface	full_periodic_with_cap_boundaries	u_periodic
face	1925	plane	supported_analytic_template	strategy.surface.plane	convex_simple_region	cutout.filleted_slot_deferred
face	1926	cone	deferred_residual_surface	reason.deferred_residual_surface	full_periodic_with_cap_boundaries	u_periodic
face	1927	cone	deferred_residual_surface	reason.deferred_residual_surface	full_periodic_with_cap_boundaries	u_periodic
face	1928	cone	deferred_residual_surface	reason.deferred_residual_surface	full_periodic_with_cap_boundaries	u_periodic
face	1929	bspline	deferred_residual_surface	reason.deferred_residual_surface	convex_simple_region	mapped.four_sided_candidate;freeform.uv_grid_candidate
face	1930	cone	deferred_residual_surface	reason.deferred_residual_surface	full_periodic_with_cap_boundaries	u_periodic
face	1931	plane	supported_analytic_template	strategy.surface.plane	convex_simple_region	cutout.filleted_slot_deferred
face	1932	extrusion	deferred_residual_surface	reason.deferred_residual_surface	convex_simple_region	mapped.four_sided_candidate
face	1933	plane	supported_analytic_template	strategy.surface.plane	convex_simple_region	cutout.filleted_slot_deferred
face	1934	plane	supported_analytic_template	strategy.surface.plane	multiple_disconnected_domains	reason.multidomain_decomposition_unproven;cutout.filleted_slot_deferred
face	1935	plane	supported_analytic_template	strategy.surface.plane	multiple_disconnected_domains	reason.multidomain_decomposition_unproven;cutout.filleted_slot_deferred
face	1936	plane	supported_analytic_template	strategy.surface.plane	multiple_disconnected_domains	reason.multidomain_decomposition_unproven;cutout.filleted_slot_deferred
face	1937	cylinder	deferred_residual_surface	reason.deferred_residual_surface	full_periodic_with_cap_boundaries	u_periodic;cutout.cylindrical_bore;cutout.multi_bore_cylinder_deferred;cutout.filleted_slot_deferred
face	1938	plane	supported_analytic_template	strategy.surface.plane	concave_simple_region	cutout.filleted_slot_deferred
face	1939	plane	supported_analytic_template	strategy.surface.plane	multiple_disconnected_domains	reason.multidomain_decomposition_unproven;cutout.filleted_slot_deferred
face	1940	cylinder	deferred_residual_surface	reason.deferred_residual_surface	full_periodic_with_cap_boundaries	u_periodic;cutout.cylindrical_bore;cutout.multi_bore_cylinder_deferred;cutout.filleted_slot_deferred
face	1941	plane	supported_analytic_template	strategy.surface.plane	multiple_disconnected_domains	reason.multidomain_decomposition_unproven;cutout.filleted_slot_deferred
face	1942	plane	supported_analytic_template	strategy.surface.plane	convex_simple_region	cutout.filleted_slot_deferred
face	1943	plane	supported_analytic_template	strategy.surface.plane	multiple_disconnected_domains	reason.multidomain_decomposition_unproven;cutout.filleted_slot_deferred
face	1944	plane	supported_analytic_template	strategy.surface.plane	concave_simple_region	cutout.filleted_slot_deferred
face	1945	cylinder	deferred_residual_surface	reason.deferred_residual_surface	full_periodic_with_cap_boundaries	u_periodic;cutout.cylindrical_bore;cutout.multi_bore_cylinder_deferred;cutout.filleted_slot_deferred
face	1946	plane	supported_analytic_template	strategy.surface.plane	multiple_disconnected_domains	reason.multidomain_decomposition_unproven;cutout.filleted_slot_deferred
face	1947	cylinder	deferred_residual_surface	reason.deferred_residual_surface	full_periodic_with_cap_boundaries	u_periodic;cutout.cylindrical_bore;cutout.multi_bore_cylinder_deferred;cutout.filleted_slot_deferred
face	1948	plane	supported_analytic_template	strategy.surface.plane	multiple_disconnected_domains	reason.multidomain_decomposition_unproven;cutout.filleted_slot_deferred
face	1949	plane	supported_analytic_template	strategy.surface.plane	convex_simple_region	cutout.filleted_slot_deferred
face	1950	plane	supported_analytic_template	strategy.surface.plane	multiple_disconnected_domains	reason.multidomain_decomposition_unproven;cutout.filleted_slot_deferred
face	1951	plane	supported_analytic_template	strategy.surface.plane	multiple_disconnected_domains	reason.multidomain_decomposition_unproven;cutout.filleted_slot_deferred
face	1952	plane	supported_analytic_template	strategy.surface.plane	multiple_disconnected_domains	cutout.planar_perforated;reason.multidomain_decomposition_unproven;cutout.filleted_slot_deferred
face	1953	plane	supported_analytic_template	strategy.surface.plane	multiple_disconnected_domains	reason.multidomain_decomposition_unproven;cutout.filleted_slot_deferred
face	1954	cylinder	deferred_residual_surface	reason.deferred_residual_surface	full_periodic_with_cap_boundaries	u_periodic;cutout.cylindrical_bore;cutout.multi_bore_cylinder_deferred;cutout.filleted_slot_deferred
face	1955	cylinder	deferred_residual_surface	reason.deferred_residual_surface	full_periodic_with_cap_boundaries	u_periodic;cutout.cylindrical_bore;cutout.multi_bore_cylinder_deferred;cutout.filleted_slot_deferred
face	1956	plane	supported_analytic_template	strategy.surface.plane	multiple_disconnected_domains	cutout.planar_perforated;reason.multidomain_decomposition_unproven;cutout.filleted_slot_deferred
face	1957	plane	supported_analytic_template	strategy.surface.plane	multiple_disconnected_domains	reason.multidomain_decomposition_unproven;cutout.filleted_slot_deferred
face	1958	plane	supported_analytic_template	strategy.surface.plane	multiple_disconnected_domains	reason.multidomain_decomposition_unproven;cutout.filleted_slot_deferred
face	1959	plane	supported_analytic_template	strategy.surface.plane	multiple_disconnected_domains	reason.multidomain_decomposition_unproven;cutout.filleted_slot_deferred
face	1960	plane	supported_analytic_template	strategy.surface.plane	convex_simple_region	cutout.filleted_slot_deferred
face	1961	plane	supported_analytic_template	strategy.surface.plane	convex_simple_region	cutout.filleted_slot_deferred
face	1962	bspline	deferred_residual_surface	reason.deferred_residual_surface	convex_simple_region	mapped.non_four_sided_deferred;freeform.uv_grid_candidate
face	1963	plane	supported_analytic_template	strategy.surface.plane	concave_simple_region	cutout.filleted_slot_deferred
face	1964	offset	deferred_residual_surface	reason.deferred_residual_surface	convex_simple_region	
face	1965	plane	supported_analytic_template	strategy.surface.plane	multiple_disconnected_domains	cutout.planar_perforated;reason.multidomain_decomposition_unproven;cutout.filleted_slot_deferred
face	1966	cylinder	deferred_residual_surface	reason.deferred_residual_surface	full_periodic_with_cap_boundaries	u_periodic;cutout.multi_bore_cylinder_deferred;cutout.filleted_slot_deferred
face	1967	plane	supported_analytic_template	strategy.surface.plane	convex_simple_region	cutout.filleted_slot_deferred
face	1968	bspline	deferred_residual_surface	reason.deferred_residual_surface	convex_simple_region	mapped.non_four_sided_deferred;freeform.uv_grid_candidate
face	1969	plane	supported_analytic_template	strategy.surface.plane	concave_simple_region	cutout.filleted_slot_deferred
face	1970	cylinder	deferred_residual_surface	reason.deferred_residual_surface	full_periodic_with_cap_boundaries	u_periodic;cutout.cylindrical_bore;cutout.multi_bore_cylinder_deferred;cutout.filleted_slot_deferred
face	1971	plane	supported_analytic_template	strategy.surface.plane	convex_simple_region	cutout.filleted_slot_deferred
face	1972	bspline	deferred_residual_surface	reason.deferred_residual_surface	convex_simple_region	mapped.non_four_sided_deferred;freeform.uv_grid_candidate
face	1973	bspline	deferred_residual_surface	reason.deferred_residual_surface	convex_simple_region	mapped.non_four_sided_deferred;freeform.uv_grid_candidate
face	1974	plane	supported_analytic_template	strategy.surface.plane	multiple_disconnected_domains	reason.multidomain_decomposition_unproven;cutout.filleted_slot_deferred
face	1975	plane	supported_analytic_template	strategy.surface.plane	multiple_disconnected_domains	reason.multidomain_decomposition_unproven;cutout.filleted_slot_deferred
face	1976	bspline	deferred_residual_surface	reason.deferred_residual_surface	convex_simple_region	mapped.non_four_sided_deferred;freeform.uv_grid_candidate
face	1977	bspline	deferred_residual_surface	reason.deferred_residual_surface	convex_simple_region	mapped.four_sided_candidate;freeform.uv_grid_candidate
face	1978	bspline	deferred_residual_surface	reason.deferred_residual_surface	convex_simple_region	mapped.four_sided_candidate;freeform.uv_grid_candidate
face	1979	plane	supported_analytic_template	strategy.surface.plane	concave_simple_region	cutout.filleted_slot_deferred
face	1980	plane	supported_analytic_template	strategy.surface.plane	self_intersecting_or_invalid	cutout.filleted_slot_deferred
face	1981	bspline	deferred_residual_surface	reason.deferred_residual_surface	convex_simple_region	mapped.non_four_sided_deferred;freeform.uv_grid_candidate
face	1982	plane	supported_analytic_template	strategy.surface.plane	self_intersecting_or_invalid	cutout.filleted_slot_deferred
face	1983	bspline	deferred_residual_surface	reason.deferred_residual_surface	convex_simple_region	mapped.non_four_sided_deferred;freeform.uv_grid_candidate
face	1984	bspline	deferred_residual_surface	reason.deferred_residual_surface	convex_simple_region	mapped.four_sided_candidate;freeform.uv_grid_candidate
face	1985	bspline	deferred_residual_surface	reason.deferred_residual_surface	convex_simple_region	mapped.four_sided_candidate;freeform.uv_grid_candidate
face	1986	bspline	deferred_residual_surface	reason.deferred_residual_surface	convex_simple_region	mapped.four_sided_candidate;freeform.uv_grid_candidate
face	1987	bspline	deferred_residual_surface	reason.deferred_residual_surface	convex_simple_region	mapped.four_sided_candidate;freeform.uv_grid_candidate
face	1988	plane	supported_analytic_template	strategy.surface.plane	multiple_disconnected_domains	reason.multidomain_decomposition_unproven;cutout.filleted_slot_deferred
face	1989	cylinder	deferred_residual_surface	reason.deferred_residual_surface	full_periodic_with_cap_boundaries	u_periodic;cutout.cylindrical_bore;cutout.multi_bore_cylinder_deferred;cutout.filleted_slot_deferred
face	1990	plane	supported_analytic_template	strategy.surface.plane	multiple_disconnected_domains	reason.multidomain_decomposition_unproven;cutout.filleted_slot_deferred
face	1991	plane	supported_analytic_template	strategy.surface.plane	multiple_disconnected_domains	reason.multidomain_decomposition_unproven;cutout.filleted_slot_deferred
face	1992	plane	supported_analytic_template	strategy.surface.plane	multiple_disconnected_domains	reason.multidomain_decomposition_unproven;cutout.filleted_slot_deferred
face	1993	plane	supported_analytic_template	strategy.surface.plane	multiple_disconnected_domains	reason.multidomain_decomposition_unproven;cutout.filleted_slot_deferred
face	1994	plane	supported_analytic_template	strategy.surface.plane	multiple_disconnected_domains	reason.multidomain_decomposition_unproven;cutout.filleted_slot_deferred
face	1995	plane	supported_analytic_template	strategy.surface.plane	multiple_disconnected_domains	reason.multidomain_decomposition_unproven;cutout.filleted_slot_deferred
face	1996	plane	supported_analytic_template	strategy.surface.plane	multiple_disconnected_domains	reason.multidomain_decomposition_unproven;cutout.filleted_slot_deferred
face	1997	plane	supported_analytic_template	strategy.surface.plane	multiple_disconnected_domains	reason.multidomain_decomposition_unproven;cutout.filleted_slot_deferred
face	1998	plane	supported_analytic_template	strategy.surface.plane	multiple_disconnected_domains	reason.multidomain_decomposition_unproven;cutout.filleted_slot_deferred
face	1999	plane	supported_analytic_template	strategy.surface.plane	multiple_disconnected_domains	reason.multidomain_decomposition_unproven;cutout.filleted_slot_deferred
face	2000	plane	supported_analytic_template	strategy.surface.plane	multiple_disconnected_domains	reason.multidomain_decomposition_unproven;cutout.filleted_slot_deferred
face	2001	plane	supported_analytic_template	strategy.surface.plane	multiple_disconnected_domains	reason.multidomain_decomposition_unproven;cutout.filleted_slot_deferred
face	2002	plane	supported_analytic_template	strategy.surface.plane	multiple_disconnected_domains	reason.multidomain_decomposition_unproven;cutout.filleted_slot_deferred
face	2003	plane	supported_analytic_template	strategy.surface.plane	multiple_disconnected_domains	reason.multidomain_decomposition_unproven;cutout.filleted_slot_deferred
face	2004	plane	supported_analytic_template	strategy.surface.plane	multiple_disconnected_domains	reason.multidomain_decomposition_unproven;cutout.filleted_slot_deferred
face	2005	plane	supported_analytic_template	strategy.surface.plane	multiple_disconnected_domains	reason.multidomain_decomposition_unproven;cutout.filleted_slot_deferred
face	2006	plane	supported_analytic_template	strategy.surface.plane	multiple_disconnected_domains	reason.multidomain_decomposition_unproven;cutout.filleted_slot_deferred
face	2007	plane	supported_analytic_template	strategy.surface.plane	multiple_disconnected_domains	reason.multidomain_decomposition_unproven;cutout.filleted_slot_deferred
face	2008	cylinder	deferred_residual_surface	reason.deferred_residual_surface	full_periodic_with_cap_boundaries	u_periodic;cutout.cylindrical_bore;cutout.multi_bore_cylinder_deferred;cutout.filleted_slot_deferred
face	2009	plane	supported_analytic_template	strategy.surface.plane	multiple_disconnected_domains	reason.multidomain_decomposition_unproven;cutout.filleted_slot_deferred
face	2010	plane	supported_analytic_template	strategy.surface.plane	multiple_disconnected_domains	reason.multidomain_decomposition_unproven;cutout.filleted_slot_deferred
face	2011	plane	supported_analytic_template	strategy.surface.plane	multiple_disconnected_domains	reason.multidomain_decomposition_unproven;cutout.filleted_slot_deferred
face	2012	cylinder	deferred_residual_surface	reason.deferred_residual_surface	full_periodic_with_cap_boundaries	u_periodic;cutout.cylindrical_bore;cutout.multi_bore_cylinder_deferred;cutout.filleted_slot_deferred
face	2013	plane	supported_analytic_template	strategy.surface.plane	multiple_disconnected_domains	reason.multidomain_decomposition_unproven;cutout.filleted_slot_deferred
face	2014	plane	supported_analytic_template	strategy.surface.plane	multiple_disconnected_domains	reason.multidomain_decomposition_unproven;cutout.filleted_slot_deferred
face	2015	plane	supported_analytic_template	strategy.surface.plane	multiple_disconnected_domains	reason.multidomain_decomposition_unproven;cutout.filleted_slot_deferred
face	2016	cylinder	deferred_residual_surface	reason.deferred_residual_surface	full_periodic_with_cap_boundaries	u_periodic;cutout.cylindrical_bore;cutout.multi_bore_cylinder_deferred;cutout.filleted_slot_deferred
face	2017	plane	supported_analytic_template	strategy.surface.plane	multiple_disconnected_domains	reason.multidomain_decomposition_unproven;cutout.filleted_slot_deferred
face	2018	plane	supported_analytic_template	strategy.surface.plane	multiple_disconnected_domains	reason.multidomain_decomposition_unproven;cutout.filleted_slot_deferred
face	2019	plane	supported_analytic_template	strategy.surface.plane	multiple_disconnected_domains	reason.multidomain_decomposition_unproven;cutout.filleted_slot_deferred
face	2020	cylinder	deferred_residual_surface	reason.deferred_residual_surface	full_periodic_with_cap_boundaries	u_periodic;cutout.cylindrical_bore;cutout.multi_bore_cylinder_deferred;cutout.filleted_slot_deferred
face	2021	plane	supported_analytic_template	strategy.surface.plane	multiple_disconnected_domains	reason.multidomain_decomposition_unproven;cutout.filleted_slot_deferred
face	2022	plane	supported_analytic_template	strategy.surface.plane	multiple_disconnected_domains	reason.multidomain_decomposition_unproven;cutout.filleted_slot_deferred
face	2023	plane	supported_analytic_template	strategy.surface.plane	multiple_disconnected_domains	reason.multidomain_decomposition_unproven;cutout.filleted_slot_deferred
face	2024	cylinder	deferred_residual_surface	reason.deferred_residual_surface	full_periodic_with_cap_boundaries	u_periodic;cutout.cylindrical_bore;cutout.multi_bore_cylinder_deferred;cutout.filleted_slot_deferred
face	2025	plane	supported_analytic_template	strategy.surface.plane	multiple_disconnected_domains	reason.multidomain_decomposition_unproven;cutout.filleted_slot_deferred
face	2026	plane	supported_analytic_template	strategy.surface.plane	multiple_disconnected_domains	reason.multidomain_decomposition_unproven;cutout.filleted_slot_deferred
face	2027	plane	supported_analytic_template	strategy.surface.plane	multiple_disconnected_domains	reason.multidomain_decomposition_unproven;cutout.filleted_slot_deferred
face	2028	plane	supported_analytic_template	strategy.surface.plane	multiple_disconnected_domains	reason.multidomain_decomposition_unproven;cutout.filleted_slot_deferred
face	2029	cylinder	deferred_residual_surface	reason.deferred_residual_surface	full_periodic_with_cap_boundaries	u_periodic;cutout.cylindrical_bore;cutout.multi_bore_cylinder_deferred;cutout.filleted_slot_deferred
face	2030	plane	supported_analytic_template	strategy.surface.plane	multiple_disconnected_domains	reason.multidomain_decomposition_unproven;cutout.filleted_slot_deferred
face	2031	plane	supported_analytic_template	strategy.surface.plane	multiple_disconnected_domains	reason.multidomain_decomposition_unproven;cutout.filleted_slot_deferred
face	2032	plane	supported_analytic_template	strategy.surface.plane	multiple_disconnected_domains	reason.multidomain_decomposition_unproven;cutout.filleted_slot_deferred
face	2033	plane	supported_analytic_template	strategy.surface.plane	multiple_disconnected_domains	reason.multidomain_decomposition_unproven;cutout.filleted_slot_deferred
face	2034	plane	supported_analytic_template	strategy.surface.plane	multiple_disconnected_domains	reason.multidomain_decomposition_unproven;cutout.filleted_slot_deferred
face	2035	plane	supported_analytic_template	strategy.surface.plane	multiple_disconnected_domains	reason.multidomain_decomposition_unproven;cutout.filleted_slot_deferred
face	2036	cylinder	deferred_residual_surface	reason.deferred_residual_surface	full_periodic_with_cap_boundaries	u_periodic;cutout.cylindrical_bore;cutout.multi_bore_cylinder_deferred;cutout.filleted_slot_deferred
face	2037	plane	supported_analytic_template	strategy.surface.plane	multiple_disconnected_domains	reason.multidomain_decomposition_unproven;cutout.filleted_slot_deferred
face	2038	plane	supported_analytic_template	strategy.surface.plane	multiple_disconnected_domains	reason.multidomain_decomposition_unproven;cutout.filleted_slot_deferred
face	2039	plane	supported_analytic_template	strategy.surface.plane	multiple_disconnected_domains	reason.multidomain_decomposition_unproven;cutout.filleted_slot_deferred
face	2040	cylinder	deferred_residual_surface	reason.deferred_residual_surface	full_periodic_with_cap_boundaries	u_periodic;cutout.cylindrical_bore;cutout.multi_bore_cylinder_deferred;cutout.filleted_slot_deferred
face	2041	plane	supported_analytic_template	strategy.surface.plane	multiple_disconnected_domains	reason.multidomain_decomposition_unproven;cutout.filleted_slot_deferred
face	2042	plane	supported_analytic_template	strategy.surface.plane	multiple_disconnected_domains	reason.multidomain_decomposition_unproven;cutout.filleted_slot_deferred
face	2043	plane	supported_analytic_template	strategy.surface.plane	multiple_disconnected_domains	reason.multidomain_decomposition_unproven;cutout.filleted_slot_deferred
face	2044	cylinder	deferred_residual_surface	reason.deferred_residual_surface	full_periodic_with_cap_boundaries	u_periodic;cutout.cylindrical_bore;cutout.multi_bore_cylinder_deferred;cutout.filleted_slot_deferred
face	2045	plane	supported_analytic_template	strategy.surface.plane	multiple_disconnected_domains	reason.multidomain_decomposition_unproven;cutout.filleted_slot_deferred
face	2046	plane	supported_analytic_template	strategy.surface.plane	multiple_disconnected_domains	reason.multidomain_decomposition_unproven;cutout.filleted_slot_deferred
face	2047	plane	supported_analytic_template	strategy.surface.plane	multiple_disconnected_domains	reason.multidomain_decomposition_unproven;cutout.filleted_slot_deferred
face	2048	cylinder	deferred_residual_surface	reason.deferred_residual_surface	full_periodic_with_cap_boundaries	u_periodic;cutout.cylindrical_bore;cutout.multi_bore_cylinder_deferred;cutout.filleted_slot_deferred
face	2049	plane	supported_analytic_template	strategy.surface.plane	multiple_disconnected_domains	reason.multidomain_decomposition_unproven;cutout.filleted_slot_deferred
face	2050	plane	supported_analytic_template	strategy.surface.plane	multiple_disconnected_domains	reason.multidomain_decomposition_unproven;cutout.filleted_slot_deferred
face	2051	plane	supported_analytic_template	strategy.surface.plane	multiple_disconnected_domains	reason.multidomain_decomposition_unproven;cutout.filleted_slot_deferred
face	2052	cylinder	deferred_residual_surface	reason.deferred_residual_surface	full_periodic_with_cap_boundaries	u_periodic;cutout.cylindrical_bore;cutout.multi_bore_cylinder_deferred;cutout.filleted_slot_deferred
face	2053	plane	supported_analytic_template	strategy.surface.plane	multiple_disconnected_domains	reason.multidomain_decomposition_unproven;cutout.filleted_slot_deferred
face	2054	plane	supported_analytic_template	strategy.surface.plane	multiple_disconnected_domains	reason.multidomain_decomposition_unproven;cutout.filleted_slot_deferred
face	2055	plane	supported_analytic_template	strategy.surface.plane	multiple_disconnected_domains	reason.multidomain_decomposition_unproven;cutout.filleted_slot_deferred
face	2056	plane	supported_analytic_template	strategy.surface.plane	multiple_disconnected_domains	reason.multidomain_decomposition_unproven;cutout.filleted_slot_deferred
face	2057	cylinder	deferred_residual_surface	reason.deferred_residual_surface	full_periodic_with_cap_boundaries	u_periodic;cutout.cylindrical_bore;cutout.multi_bore_cylinder_deferred;cutout.filleted_slot_deferred
face	2058	plane	supported_analytic_template	strategy.surface.plane	multiple_disconnected_domains	reason.multidomain_decomposition_unproven;cutout.filleted_slot_deferred
face	2059	plane	supported_analytic_template	strategy.surface.plane	multiple_disconnected_domains	reason.multidomain_decomposition_unproven;cutout.filleted_slot_deferred
face	2060	plane	supported_analytic_template	strategy.surface.plane	multiple_disconnected_domains	reason.multidomain_decomposition_unproven;cutout.filleted_slot_deferred
face	2061	plane	supported_analytic_template	strategy.surface.plane	multiple_disconnected_domains	reason.multidomain_decomposition_unproven;cutout.filleted_slot_deferred
face	2062	plane	supported_analytic_template	strategy.surface.plane	multiple_disconnected_domains	reason.multidomain_decomposition_unproven;cutout.filleted_slot_deferred
face	2063	plane	supported_analytic_template	strategy.surface.plane	multiple_disconnected_domains	reason.multidomain_decomposition_unproven;cutout.filleted_slot_deferred
face	2064	plane	supported_analytic_template	strategy.surface.plane	multiple_disconnected_domains	reason.multidomain_decomposition_unproven;cutout.filleted_slot_deferred
face	2065	plane	supported_analytic_template	strategy.surface.plane	multiple_disconnected_domains	reason.multidomain_decomposition_unproven;cutout.filleted_slot_deferred
face	2066	plane	supported_analytic_template	strategy.surface.plane	multiple_disconnected_domains	reason.multidomain_decomposition_unproven;cutout.filleted_slot_deferred
face	2067	plane	supported_analytic_template	strategy.surface.plane	multiple_disconnected_domains	reason.multidomain_decomposition_unproven;cutout.filleted_slot_deferred
face	2068	plane	supported_analytic_template	strategy.surface.plane	multiple_disconnected_domains	reason.multidomain_decomposition_unproven;cutout.filleted_slot_deferred
face	2069	plane	supported_analytic_template	strategy.surface.plane	multiple_disconnected_domains	reason.multidomain_decomposition_unproven;cutout.filleted_slot_deferred
face	2070	plane	supported_analytic_template	strategy.surface.plane	multiple_disconnected_domains	reason.multidomain_decomposition_unproven;cutout.filleted_slot_deferred
face	2071	plane	supported_analytic_template	strategy.surface.plane	multiple_disconnected_domains	reason.multidomain_decomposition_unproven;cutout.filleted_slot_deferred
face	2072	plane	supported_analytic_template	strategy.surface.plane	multiple_disconnected_domains	reason.multidomain_decomposition_unproven;cutout.filleted_slot_deferred
face	2073	plane	supported_analytic_template	strategy.surface.plane	multiple_disconnected_domains	reason.multidomain_decomposition_unproven;cutout.filleted_slot_deferred
face	2074	cylinder	deferred_residual_surface	reason.deferred_residual_surface	full_periodic_with_cap_boundaries	u_periodic;cutout.cylindrical_bore;cutout.multi_bore_cylinder_deferred;cutout.filleted_slot_deferred
face	2075	plane	supported_analytic_template	strategy.surface.plane	multiple_disconnected_domains	reason.multidomain_decomposition_unproven;cutout.filleted_slot_deferred
face	2076	plane	supported_analytic_template	strategy.surface.plane	multiple_disconnected_domains	reason.multidomain_decomposition_unproven;cutout.filleted_slot_deferred
face	2077	plane	supported_analytic_template	strategy.surface.plane	multiple_disconnected_domains	reason.multidomain_decomposition_unproven;cutout.filleted_slot_deferred
face	2078	plane	supported_analytic_template	strategy.surface.plane	simple_disk	cutout.filleted_slot_deferred
face	2079	cylinder	deferred_residual_surface	reason.deferred_residual_surface	full_periodic_with_cap_boundaries	u_periodic;cutout.cylindrical_bore;cutout.multi_bore_cylinder_deferred;cutout.filleted_slot_deferred
face	2080	plane	supported_analytic_template	strategy.surface.plane	simple_disk	cutout.filleted_slot_deferred
face	2081	cylinder	deferred_residual_surface	reason.deferred_residual_surface	full_periodic_with_cap_boundaries	u_periodic;cutout.cylindrical_bore;cutout.multi_bore_cylinder_deferred;cutout.filleted_slot_deferred
face	2082	torus	deferred_residual_surface	reason.deferred_residual_surface	full_periodic_with_cap_boundaries	u_periodic;v_periodic
face	2083	cylinder	deferred_residual_surface	reason.deferred_residual_surface	full_periodic_with_cap_boundaries	u_periodic;cutout.cylindrical_bore;cutout.multi_bore_cylinder_deferred;cutout.filleted_slot_deferred
face	2084	torus	deferred_residual_surface	reason.deferred_residual_surface	full_periodic_with_cap_boundaries	u_periodic;v_periodic
face	2085	cylinder	deferred_residual_surface	reason.deferred_residual_surface	full_periodic_with_cap_boundaries	u_periodic;cutout.cylindrical_bore;cutout.multi_bore_cylinder_deferred;cutout.filleted_slot_deferred
face	2086	torus	deferred_residual_surface	reason.deferred_residual_surface	full_periodic_with_cap_boundaries	u_periodic;v_periodic
face	2087	cylinder	deferred_residual_surface	reason.deferred_residual_surface	full_periodic_with_cap_boundaries	u_periodic;cutout.cylindrical_bore;cutout.multi_bore_cylinder_deferred;cutout.filleted_slot_deferred
face	2088	torus	deferred_residual_surface	reason.deferred_residual_surface	full_periodic_with_cap_boundaries	u_periodic;v_periodic
face	2089	cylinder	deferred_residual_surface	reason.deferred_residual_surface	full_periodic_with_cap_boundaries	u_periodic;cutout.cylindrical_bore;cutout.multi_bore_cylinder_deferred;cutout.filleted_slot_deferred
face	2090	plane	supported_analytic_template	strategy.surface.plane	multiple_disconnected_domains	reason.multidomain_decomposition_unproven;cutout.filleted_slot_deferred
face	2091	cylinder	deferred_residual_surface	reason.deferred_residual_surface	full_periodic_with_cap_boundaries	u_periodic;cutout.cylindrical_bore;cutout.multi_bore_cylinder_deferred;cutout.filleted_slot_deferred
face	2092	plane	supported_analytic_template	strategy.surface.plane	multiple_disconnected_domains	reason.multidomain_decomposition_unproven;cutout.filleted_slot_deferred
face	2093	cylinder	deferred_residual_surface	reason.deferred_residual_surface	full_periodic_with_cap_boundaries	u_periodic;cutout.cylindrical_bore;cutout.multi_bore_cylinder_deferred;cutout.filleted_slot_deferred
face	2094	cylinder	deferred_residual_surface	reason.deferred_residual_surface	full_periodic_with_cap_boundaries	u_periodic;cutout.cylindrical_bore;cutout.multi_bore_cylinder_deferred;cutout.filleted_slot_deferred
face	2095	torus	deferred_residual_surface	reason.deferred_residual_surface	full_periodic_with_cap_boundaries	u_periodic;v_periodic
face	2096	cylinder	deferred_residual_surface	reason.deferred_residual_surface	full_periodic_with_cap_boundaries	u_periodic;cutout.cylindrical_bore;cutout.multi_bore_cylinder_deferred;cutout.filleted_slot_deferred
face	2097	torus	deferred_residual_surface	reason.deferred_residual_surface	full_periodic_with_cap_boundaries	u_periodic;v_periodic
face	2098	cylinder	deferred_residual_surface	reason.deferred_residual_surface	full_periodic_with_cap_boundaries	u_periodic;cutout.cylindrical_bore;cutout.multi_bore_cylinder_deferred;cutout.filleted_slot_deferred
face	2099	torus	deferred_residual_surface	reason.deferred_residual_surface	full_periodic_with_cap_boundaries	u_periodic;v_periodic
face	2100	cylinder	deferred_residual_surface	reason.deferred_residual_surface	full_periodic_with_cap_boundaries	u_periodic;cutout.cylindrical_bore;cutout.multi_bore_cylinder_deferred;cutout.filleted_slot_deferred
face	2101	torus	deferred_residual_surface	reason.deferred_residual_surface	full_periodic_with_cap_boundaries	u_periodic;v_periodic
face	2102	bspline	deferred_residual_surface	reason.deferred_residual_surface	convex_simple_region	mapped.four_sided_candidate;freeform.uv_grid_candidate
face	2103	bspline	deferred_residual_surface	reason.deferred_residual_surface	convex_simple_region	mapped.four_sided_candidate;freeform.uv_grid_candidate
face	2104	bspline	deferred_residual_surface	reason.deferred_residual_surface	convex_simple_region	mapped.four_sided_candidate;freeform.uv_grid_candidate
face	2105	plane	supported_analytic_template	strategy.surface.plane	self_intersecting_or_invalid	cutout.filleted_slot_deferred
face	2106	cylinder	deferred_residual_surface	reason.deferred_residual_surface	full_periodic_with_cap_boundaries	u_periodic;cutout.cylindrical_bore;cutout.multi_bore_cylinder_deferred;cutout.filleted_slot_deferred
face	2107	bspline	deferred_residual_surface	reason.deferred_residual_surface	convex_simple_region	mapped.four_sided_candidate;freeform.uv_grid_candidate
face	2108	bspline	deferred_residual_surface	reason.deferred_residual_surface	convex_simple_region	mapped.four_sided_candidate;freeform.uv_grid_candidate
face	2109	cylinder	deferred_residual_surface	reason.deferred_residual_surface	full_periodic_with_cap_boundaries	u_periodic;cutout.cylindrical_bore;cutout.multi_bore_cylinder_deferred;cutout.filleted_slot_deferred
face	2110	cylinder	deferred_residual_surface	reason.deferred_residual_surface	full_periodic_with_cap_boundaries	u_periodic;cutout.cylindrical_bore;cutout.multi_bore_cylinder_deferred;cutout.filleted_slot_deferred
face	2111	plane	supported_analytic_template	strategy.surface.plane	concave_simple_region	cutout.filleted_slot_deferred
face	2112	bspline	deferred_residual_surface	reason.deferred_residual_surface	convex_simple_region	mapped.four_sided_candidate;freeform.uv_grid_candidate
face	2113	cylinder	deferred_residual_surface	reason.deferred_residual_surface	full_periodic_with_cap_boundaries	u_periodic;cutout.cylindrical_bore;cutout.multi_bore_cylinder_deferred;cutout.filleted_slot_deferred
face	2114	torus	deferred_residual_surface	reason.deferred_residual_surface	full_periodic_with_cap_boundaries	u_periodic;v_periodic
face	2115	torus	deferred_residual_surface	reason.deferred_residual_surface	full_periodic_with_cap_boundaries	u_periodic;v_periodic
face	2116	cylinder	deferred_residual_surface	reason.deferred_residual_surface	full_periodic_with_cap_boundaries	u_periodic;cutout.cylindrical_bore;cutout.multi_bore_cylinder_deferred;cutout.filleted_slot_deferred
face	2117	plane	supported_analytic_template	strategy.surface.plane	concave_simple_region	cutout.filleted_slot_deferred
face	2118	plane	supported_analytic_template	strategy.surface.plane	multiple_disconnected_domains	reason.multidomain_decomposition_unproven;cutout.filleted_slot_deferred
face	2119	bspline	deferred_residual_surface	reason.deferred_residual_surface	convex_simple_region	mapped.non_four_sided_deferred;freeform.uv_grid_candidate
face	2120	cylinder	deferred_residual_surface	reason.deferred_residual_surface	full_periodic_with_cap_boundaries	u_periodic;cutout.cylindrical_bore;cutout.multi_bore_cylinder_deferred;cutout.filleted_slot_deferred
face	2121	torus	deferred_residual_surface	reason.deferred_residual_surface	full_periodic_with_cap_boundaries	u_periodic;v_periodic
face	2122	cylinder	deferred_residual_surface	reason.deferred_residual_surface	full_periodic_with_cap_boundaries	u_periodic;cutout.cylindrical_bore;cutout.multi_bore_cylinder_deferred;cutout.filleted_slot_deferred
face	2123	torus	deferred_residual_surface	reason.deferred_residual_surface	full_periodic_with_cap_boundaries	u_periodic;v_periodic
face	2124	cylinder	deferred_residual_surface	reason.deferred_residual_surface	full_periodic_with_cap_boundaries	u_periodic;cutout.cylindrical_bore;cutout.multi_bore_cylinder_deferred;cutout.filleted_slot_deferred
face	2125	plane	supported_analytic_template	strategy.surface.plane	concave_simple_region	cutout.filleted_slot_deferred
face	2126	cylinder	deferred_residual_surface	reason.deferred_residual_surface	full_periodic_with_cap_boundaries	u_periodic;cutout.cylindrical_bore;cutout.multi_bore_cylinder_deferred;cutout.filleted_slot_deferred
face	2127	bspline	deferred_residual_surface	reason.deferred_residual_surface	convex_simple_region	mapped.four_sided_candidate;freeform.uv_grid_candidate
face	2128	plane	supported_analytic_template	strategy.surface.plane	multiple_disconnected_domains	reason.multidomain_decomposition_unproven;cutout.filleted_slot_deferred
face	2129	cylinder	deferred_residual_surface	reason.deferred_residual_surface	full_periodic_with_cap_boundaries	u_periodic;cutout.cylindrical_bore;cutout.multi_bore_cylinder_deferred;cutout.filleted_slot_deferred
face	2130	cylinder	deferred_residual_surface	reason.deferred_residual_surface	full_periodic_with_cap_boundaries	u_periodic;cutout.cylindrical_bore;cutout.multi_bore_cylinder_deferred;cutout.filleted_slot_deferred
face	2131	plane	supported_analytic_template	strategy.surface.plane	convex_simple_region	cutout.filleted_slot_deferred
face	2132	bspline	deferred_residual_surface	reason.deferred_residual_surface	annulus	mapped.non_four_sided_deferred;freeform.uv_grid_candidate
face	2133	cylinder	deferred_residual_surface	reason.deferred_residual_surface	full_periodic_with_cap_boundaries	u_periodic;cutout.cylindrical_bore;cutout.multi_bore_cylinder_deferred;cutout.filleted_slot_deferred
face	2134	cylinder	deferred_residual_surface	reason.deferred_residual_surface	full_periodic_with_cap_boundaries	u_periodic;cutout.cylindrical_bore;cutout.multi_bore_cylinder_deferred;cutout.filleted_slot_deferred
face	2135	torus	deferred_residual_surface	reason.deferred_residual_surface	full_periodic_with_cap_boundaries	u_periodic;v_periodic
face	2136	cylinder	deferred_residual_surface	reason.deferred_residual_surface	full_periodic_with_cap_boundaries	u_periodic;cutout.cylindrical_bore;cutout.multi_bore_cylinder_deferred;cutout.filleted_slot_deferred
face	2137	torus	deferred_residual_surface	reason.deferred_residual_surface	full_periodic_with_cap_boundaries	u_periodic;v_periodic
face	2138	cylinder	deferred_residual_surface	reason.deferred_residual_surface	full_periodic_with_cap_boundaries	u_periodic;cutout.cylindrical_bore;cutout.multi_bore_cylinder_deferred;cutout.filleted_slot_deferred
face	2139	plane	supported_analytic_template	strategy.surface.plane	convex_simple_region	cutout.filleted_slot_deferred
face	2140	plane	supported_analytic_template	strategy.surface.plane	convex_simple_region	cutout.filleted_slot_deferred
face	2141	plane	supported_analytic_template	strategy.surface.plane	annulus	cutout.planar_perforated;cutout.planar_slotted;cutout.filleted_slot_deferred
face	2142	cylinder	deferred_residual_surface	reason.deferred_residual_surface	full_periodic_with_cap_boundaries	u_periodic;cutout.cylindrical_bore;cutout.multi_bore_cylinder_deferred;cutout.filleted_slot_deferred
face	2143	plane	supported_analytic_template	strategy.surface.plane	convex_simple_region	cutout.filleted_slot_deferred
face	2144	cylinder	deferred_residual_surface	reason.deferred_residual_surface	full_periodic_with_cap_boundaries	u_periodic;cutout.cylindrical_bore;cutout.multi_bore_cylinder_deferred;cutout.filleted_slot_deferred
face	2145	plane	supported_analytic_template	strategy.surface.plane	convex_simple_region	cutout.filleted_slot_deferred
face	2146	offset	deferred_residual_surface	reason.deferred_residual_surface	convex_simple_region	
face	2147	bspline	deferred_residual_surface	reason.deferred_residual_surface	convex_simple_region	mapped.four_sided_candidate;freeform.uv_grid_candidate
face	2148	cylinder	deferred_residual_surface	reason.deferred_residual_surface	full_periodic_with_cap_boundaries	u_periodic;cutout.cylindrical_bore;cutout.multi_bore_cylinder_deferred;cutout.filleted_slot_deferred
face	2149	torus	deferred_residual_surface	reason.deferred_residual_surface	full_periodic_with_cap_boundaries	u_periodic;v_periodic
face	2150	cylinder	deferred_residual_surface	reason.deferred_residual_surface	full_periodic_with_cap_boundaries	u_periodic;cutout.cylindrical_bore;cutout.multi_bore_cylinder_deferred;cutout.filleted_slot_deferred
face	2151	cylinder	deferred_residual_surface	reason.deferred_residual_surface	full_periodic_with_cap_boundaries	u_periodic;cutout.cylindrical_bore;cutout.multi_bore_cylinder_deferred;cutout.filleted_slot_deferred
face	2152	torus	deferred_residual_surface	reason.deferred_residual_surface	full_periodic_with_cap_boundaries	u_periodic;v_periodic
face	2153	plane	supported_analytic_template	strategy.surface.plane	multiple_disconnected_domains	reason.multidomain_decomposition_unproven;cutout.filleted_slot_deferred
face	2154	bspline	deferred_residual_surface	reason.deferred_residual_surface	convex_simple_region	mapped.four_sided_candidate;freeform.uv_grid_candidate
face	2155	plane	supported_analytic_template	strategy.surface.plane	convex_simple_region	cutout.filleted_slot_deferred
face	2156	plane	supported_analytic_template	strategy.surface.plane	convex_simple_region	cutout.filleted_slot_deferred
face	2157	bspline	deferred_residual_surface	reason.deferred_residual_surface	convex_simple_region	mapped.non_four_sided_deferred;freeform.uv_grid_candidate
face	2158	plane	supported_analytic_template	strategy.surface.plane	convex_simple_region	cutout.filleted_slot_deferred
face	2159	bspline	deferred_residual_surface	reason.deferred_residual_surface	convex_simple_region	mapped.four_sided_candidate;freeform.uv_grid_candidate
face	2160	plane	supported_analytic_template	strategy.surface.plane	multiple_disconnected_domains	reason.multidomain_decomposition_unproven;cutout.filleted_slot_deferred
face	2161	plane	supported_analytic_template	strategy.surface.plane	convex_simple_region	cutout.filleted_slot_deferred
face	2162	plane	supported_analytic_template	strategy.surface.plane	multiple_disconnected_domains	reason.multidomain_decomposition_unproven;cutout.filleted_slot_deferred
face	2163	bspline	deferred_residual_surface	reason.deferred_residual_surface	convex_simple_region	mapped.four_sided_candidate;freeform.uv_grid_candidate
face	2164	bspline	deferred_residual_surface	reason.deferred_residual_surface	convex_simple_region	mapped.four_sided_candidate;freeform.uv_grid_candidate
face	2165	bspline	deferred_residual_surface	reason.deferred_residual_surface	convex_simple_region	mapped.four_sided_candidate;freeform.uv_grid_candidate
face	2166	bspline	deferred_residual_surface	reason.deferred_residual_surface	convex_simple_region	mapped.four_sided_candidate;freeform.uv_grid_candidate
face	2167	bspline	deferred_residual_surface	reason.deferred_residual_surface	convex_simple_region	mapped.four_sided_candidate;freeform.uv_grid_candidate
face	2168	bspline	deferred_residual_surface	reason.deferred_residual_surface	convex_simple_region	mapped.four_sided_candidate;freeform.uv_grid_candidate
face	2169	bspline	deferred_residual_surface	reason.deferred_residual_surface	convex_simple_region	mapped.four_sided_candidate;freeform.uv_grid_candidate
face	2170	bspline	deferred_residual_surface	reason.deferred_residual_surface	convex_simple_region	mapped.four_sided_candidate;freeform.uv_grid_candidate
face	2171	bspline	deferred_residual_surface	reason.deferred_residual_surface	convex_simple_region	mapped.four_sided_candidate;freeform.uv_grid_candidate
face	2172	torus	deferred_residual_surface	reason.deferred_residual_surface	full_periodic_with_cap_boundaries	u_periodic;v_periodic
face	2173	plane	supported_analytic_template	strategy.surface.plane	multiple_disconnected_domains	reason.multidomain_decomposition_unproven;cutout.filleted_slot_deferred
face	2174	plane	supported_analytic_template	strategy.surface.plane	multiple_disconnected_domains	reason.multidomain_decomposition_unproven;cutout.filleted_slot_deferred
face	2175	plane	supported_analytic_template	strategy.surface.plane	multiple_disconnected_domains	reason.multidomain_decomposition_unproven;cutout.filleted_slot_deferred
face	2176	plane	supported_analytic_template	strategy.surface.plane	multiple_disconnected_domains	reason.multidomain_decomposition_unproven;cutout.filleted_slot_deferred
face	2177	plane	supported_analytic_template	strategy.surface.plane	multiple_disconnected_domains	reason.multidomain_decomposition_unproven;cutout.filleted_slot_deferred
face	2178	plane	supported_analytic_template	strategy.surface.plane	multiple_disconnected_domains	reason.multidomain_decomposition_unproven;cutout.filleted_slot_deferred
face	2179	plane	supported_analytic_template	strategy.surface.plane	multiple_disconnected_domains	reason.multidomain_decomposition_unproven;cutout.filleted_slot_deferred
face	2180	plane	supported_analytic_template	strategy.surface.plane	multiple_disconnected_domains	reason.multidomain_decomposition_unproven;cutout.filleted_slot_deferred
face	2181	torus	deferred_residual_surface	reason.deferred_residual_surface	full_periodic_with_cap_boundaries	u_periodic;v_periodic
face	2182	sphere	deferred_residual_surface	reason.deferred_residual_surface	full_periodic_with_cap_boundaries	u_periodic
face	2183	cylinder	deferred_residual_surface	reason.deferred_residual_surface	full_periodic_with_cap_boundaries	u_periodic;cutout.cylindrical_bore;cutout.multi_bore_cylinder_deferred;cutout.filleted_slot_deferred
face	2184	plane	supported_analytic_template	strategy.surface.plane	convex_simple_region	cutout.filleted_slot_deferred
face	2185	plane	supported_analytic_template	strategy.surface.plane	multiple_disconnected_domains	reason.multidomain_decomposition_unproven;cutout.filleted_slot_deferred
face	2186	cylinder	deferred_residual_surface	reason.deferred_residual_surface	full_periodic_with_cap_boundaries	u_periodic;cutout.cylindrical_bore;cutout.multi_bore_cylinder_deferred;cutout.filleted_slot_deferred
face	2187	plane	supported_analytic_template	strategy.surface.plane	annulus	cutout.planar_perforated;cutout.filleted_slot_deferred
face	2188	plane	supported_analytic_template	strategy.surface.plane	multiple_disconnected_domains	reason.multidomain_decomposition_unproven;cutout.filleted_slot_deferred
face	2189	plane	supported_analytic_template	strategy.surface.plane	multiple_disconnected_domains	reason.multidomain_decomposition_unproven;cutout.filleted_slot_deferred
face	2190	bspline	deferred_residual_surface	reason.deferred_residual_surface	convex_simple_region	mapped.non_four_sided_deferred;freeform.uv_grid_candidate
face	2191	plane	supported_analytic_template	strategy.surface.plane	multiple_disconnected_domains	reason.multidomain_decomposition_unproven;cutout.filleted_slot_deferred
face	2192	plane	supported_analytic_template	strategy.surface.plane	multiple_disconnected_domains	reason.multidomain_decomposition_unproven;cutout.filleted_slot_deferred
face	2193	plane	supported_analytic_template	strategy.surface.plane	multiple_disconnected_domains	reason.multidomain_decomposition_unproven;cutout.filleted_slot_deferred
face	2194	plane	supported_analytic_template	strategy.surface.plane	multiple_disconnected_domains	reason.multidomain_decomposition_unproven;cutout.filleted_slot_deferred
face	2195	plane	supported_analytic_template	strategy.surface.plane	multiple_disconnected_domains	reason.multidomain_decomposition_unproven;cutout.filleted_slot_deferred
face	2196	plane	supported_analytic_template	strategy.surface.plane	multiple_disconnected_domains	reason.multidomain_decomposition_unproven;cutout.filleted_slot_deferred
face	2197	plane	supported_analytic_template	strategy.surface.plane	multiple_disconnected_domains	reason.multidomain_decomposition_unproven;cutout.filleted_slot_deferred
face	2198	plane	supported_analytic_template	strategy.surface.plane	multiple_disconnected_domains	reason.multidomain_decomposition_unproven;cutout.filleted_slot_deferred
face	2199	plane	supported_analytic_template	strategy.surface.plane	multiple_disconnected_domains	reason.multidomain_decomposition_unproven;cutout.filleted_slot_deferred
face	2200	plane	supported_analytic_template	strategy.surface.plane	multiple_disconnected_domains	reason.multidomain_decomposition_unproven;cutout.filleted_slot_deferred
face	2201	plane	supported_analytic_template	strategy.surface.plane	multiple_disconnected_domains	reason.multidomain_decomposition_unproven;cutout.filleted_slot_deferred
face	2202	plane	supported_analytic_template	strategy.surface.plane	multiple_disconnected_domains	reason.multidomain_decomposition_unproven;cutout.filleted_slot_deferred
face	2203	plane	supported_analytic_template	strategy.surface.plane	multiple_disconnected_domains	reason.multidomain_decomposition_unproven;cutout.filleted_slot_deferred
face	2204	plane	supported_analytic_template	strategy.surface.plane	multiple_disconnected_domains	reason.multidomain_decomposition_unproven;cutout.filleted_slot_deferred
face	2205	plane	supported_analytic_template	strategy.surface.plane	multiple_disconnected_domains	reason.multidomain_decomposition_unproven;cutout.filleted_slot_deferred
face	2206	plane	supported_analytic_template	strategy.surface.plane	multiple_disconnected_domains	reason.multidomain_decomposition_unproven;cutout.filleted_slot_deferred
face	2207	plane	supported_analytic_template	strategy.surface.plane	multiple_disconnected_domains	reason.multidomain_decomposition_unproven;cutout.filleted_slot_deferred
face	2208	plane	supported_analytic_template	strategy.surface.plane	multiple_disconnected_domains	reason.multidomain_decomposition_unproven;cutout.filleted_slot_deferred
face	2209	plane	supported_analytic_template	strategy.surface.plane	multiple_disconnected_domains	reason.multidomain_decomposition_unproven;cutout.filleted_slot_deferred
face	2210	plane	supported_analytic_template	strategy.surface.plane	multiple_disconnected_domains	reason.multidomain_decomposition_unproven;cutout.filleted_slot_deferred
face	2211	plane	supported_analytic_template	strategy.surface.plane	multiple_disconnected_domains	reason.multidomain_decomposition_unproven;cutout.filleted_slot_deferred
face	2212	plane	supported_analytic_template	strategy.surface.plane	multiple_disconnected_domains	reason.multidomain_decomposition_unproven;cutout.filleted_slot_deferred
face	2213	plane	supported_analytic_template	strategy.surface.plane	multiple_disconnected_domains	reason.multidomain_decomposition_unproven;cutout.filleted_slot_deferred
face	2214	plane	supported_analytic_template	strategy.surface.plane	multiple_disconnected_domains	reason.multidomain_decomposition_unproven;cutout.filleted_slot_deferred
face	2215	plane	supported_analytic_template	strategy.surface.plane	multiple_disconnected_domains	reason.multidomain_decomposition_unproven;cutout.filleted_slot_deferred
face	2216	plane	supported_analytic_template	strategy.surface.plane	multiple_disconnected_domains	reason.multidomain_decomposition_unproven;cutout.filleted_slot_deferred
face	2217	plane	supported_analytic_template	strategy.surface.plane	multiple_disconnected_domains	reason.multidomain_decomposition_unproven;cutout.filleted_slot_deferred
face	2218	plane	supported_analytic_template	strategy.surface.plane	multiple_disconnected_domains	reason.multidomain_decomposition_unproven;cutout.filleted_slot_deferred
face	2219	plane	supported_analytic_template	strategy.surface.plane	multiple_disconnected_domains	reason.multidomain_decomposition_unproven;cutout.filleted_slot_deferred
face	2220	plane	supported_analytic_template	strategy.surface.plane	multiple_disconnected_domains	reason.multidomain_decomposition_unproven;cutout.filleted_slot_deferred
face	2221	bspline	deferred_residual_surface	reason.deferred_residual_surface	convex_simple_region	mapped.four_sided_candidate;freeform.uv_grid_candidate
face	2222	bspline	deferred_residual_surface	reason.deferred_residual_surface	convex_simple_region	mapped.four_sided_candidate;freeform.uv_grid_candidate
face	2223	bspline	deferred_residual_surface	reason.deferred_residual_surface	convex_simple_region	mapped.four_sided_candidate;freeform.uv_grid_candidate
face	2224	bspline	deferred_residual_surface	reason.deferred_residual_surface	convex_simple_region	mapped.four_sided_candidate;freeform.uv_grid_candidate
face	2225	bspline	deferred_residual_surface	reason.deferred_residual_surface	convex_simple_region	mapped.four_sided_candidate;freeform.uv_grid_candidate
face	2226	bspline	deferred_residual_surface	reason.deferred_residual_surface	convex_simple_region	mapped.four_sided_candidate;freeform.uv_grid_candidate
face	2227	bspline	deferred_residual_surface	reason.deferred_residual_surface	convex_simple_region	mapped.four_sided_candidate;freeform.uv_grid_candidate
face	2228	bspline	deferred_residual_surface	reason.deferred_residual_surface	convex_simple_region	mapped.four_sided_candidate;freeform.uv_grid_candidate
face	2229	bspline	deferred_residual_surface	reason.deferred_residual_surface	convex_simple_region	mapped.four_sided_candidate;freeform.uv_grid_candidate
face	2230	torus	deferred_residual_surface	reason.deferred_residual_surface	full_periodic_with_cap_boundaries	u_periodic;v_periodic
face	2231	plane	supported_analytic_template	strategy.surface.plane	multiple_disconnected_domains	reason.multidomain_decomposition_unproven;cutout.filleted_slot_deferred
face	2232	plane	supported_analytic_template	strategy.surface.plane	multiple_disconnected_domains	reason.multidomain_decomposition_unproven;cutout.filleted_slot_deferred
face	2233	plane	supported_analytic_template	strategy.surface.plane	multiple_disconnected_domains	reason.multidomain_decomposition_unproven;cutout.filleted_slot_deferred
face	2234	plane	supported_analytic_template	strategy.surface.plane	multiple_disconnected_domains	reason.multidomain_decomposition_unproven;cutout.filleted_slot_deferred
face	2235	plane	supported_analytic_template	strategy.surface.plane	multiple_disconnected_domains	reason.multidomain_decomposition_unproven;cutout.filleted_slot_deferred
face	2236	plane	supported_analytic_template	strategy.surface.plane	multiple_disconnected_domains	reason.multidomain_decomposition_unproven;cutout.filleted_slot_deferred
face	2237	plane	supported_analytic_template	strategy.surface.plane	multiple_disconnected_domains	reason.multidomain_decomposition_unproven;cutout.filleted_slot_deferred
face	2238	plane	supported_analytic_template	strategy.surface.plane	multiple_disconnected_domains	reason.multidomain_decomposition_unproven;cutout.filleted_slot_deferred
face	2239	torus	deferred_residual_surface	reason.deferred_residual_surface	full_periodic_with_cap_boundaries	u_periodic;v_periodic
face	2240	bspline	deferred_residual_surface	reason.deferred_residual_surface	convex_simple_region	mapped.non_four_sided_deferred;freeform.uv_grid_candidate
face	2241	bspline	deferred_residual_surface	reason.deferred_residual_surface	convex_simple_region	mapped.four_sided_candidate;freeform.uv_grid_candidate
face	2242	bspline	deferred_residual_surface	reason.deferred_residual_surface	convex_simple_region	mapped.four_sided_candidate;freeform.uv_grid_candidate
face	2243	bspline	deferred_residual_surface	reason.deferred_residual_surface	convex_simple_region	mapped.four_sided_candidate;freeform.uv_grid_candidate
face	2244	bspline	deferred_residual_surface	reason.deferred_residual_surface	convex_simple_region	mapped.four_sided_candidate;freeform.uv_grid_candidate
face	2245	bspline	deferred_residual_surface	reason.deferred_residual_surface	convex_simple_region	mapped.four_sided_candidate;freeform.uv_grid_candidate
face	2246	bspline	deferred_residual_surface	reason.deferred_residual_surface	convex_simple_region	mapped.four_sided_candidate;freeform.uv_grid_candidate
face	2247	bspline	deferred_residual_surface	reason.deferred_residual_surface	convex_simple_region	mapped.four_sided_candidate;freeform.uv_grid_candidate
face	2248	bspline	deferred_residual_surface	reason.deferred_residual_surface	convex_simple_region	mapped.four_sided_candidate;freeform.uv_grid_candidate
face	2249	bspline	deferred_residual_surface	reason.deferred_residual_surface	convex_simple_region	mapped.four_sided_candidate;freeform.uv_grid_candidate
face	2250	torus	deferred_residual_surface	reason.deferred_residual_surface	full_periodic_with_cap_boundaries	u_periodic;v_periodic
face	2251	plane	supported_analytic_template	strategy.surface.plane	multiple_disconnected_domains	reason.multidomain_decomposition_unproven;cutout.filleted_slot_deferred
face	2252	plane	supported_analytic_template	strategy.surface.plane	multiple_disconnected_domains	reason.multidomain_decomposition_unproven;cutout.filleted_slot_deferred
face	2253	plane	supported_analytic_template	strategy.surface.plane	multiple_disconnected_domains	reason.multidomain_decomposition_unproven;cutout.filleted_slot_deferred
face	2254	plane	supported_analytic_template	strategy.surface.plane	multiple_disconnected_domains	reason.multidomain_decomposition_unproven;cutout.filleted_slot_deferred
face	2255	plane	supported_analytic_template	strategy.surface.plane	multiple_disconnected_domains	reason.multidomain_decomposition_unproven;cutout.filleted_slot_deferred
face	2256	plane	supported_analytic_template	strategy.surface.plane	multiple_disconnected_domains	reason.multidomain_decomposition_unproven;cutout.filleted_slot_deferred
face	2257	plane	supported_analytic_template	strategy.surface.plane	multiple_disconnected_domains	reason.multidomain_decomposition_unproven;cutout.filleted_slot_deferred
face	2258	plane	supported_analytic_template	strategy.surface.plane	multiple_disconnected_domains	reason.multidomain_decomposition_unproven;cutout.filleted_slot_deferred
face	2259	torus	deferred_residual_surface	reason.deferred_residual_surface	full_periodic_with_cap_boundaries	u_periodic;v_periodic
face	2260	sphere	deferred_residual_surface	reason.deferred_residual_surface	full_periodic_with_cap_boundaries	u_periodic
face	2261	plane	supported_analytic_template	strategy.surface.plane	self_intersecting_or_invalid	cutout.filleted_slot_deferred
face	2262	plane	supported_analytic_template	strategy.surface.plane	multiple_disconnected_domains	reason.multidomain_decomposition_unproven;cutout.filleted_slot_deferred
face	2263	cylinder	deferred_residual_surface	reason.deferred_residual_surface	full_periodic_with_cap_boundaries	u_periodic;cutout.cylindrical_bore;cutout.multi_bore_cylinder_deferred;cutout.filleted_slot_deferred
face	2264	plane	supported_analytic_template	strategy.surface.plane	multiple_disconnected_domains	reason.multidomain_decomposition_unproven;cutout.filleted_slot_deferred
face	2265	plane	supported_analytic_template	strategy.surface.plane	multiple_disconnected_domains	reason.multidomain_decomposition_unproven;cutout.filleted_slot_deferred
face	2266	bspline	deferred_residual_surface	reason.deferred_residual_surface	convex_simple_region	mapped.non_four_sided_deferred;freeform.uv_grid_candidate
face	2267	plane	supported_analytic_template	strategy.surface.plane	multiple_disconnected_domains	reason.multidomain_decomposition_unproven;cutout.filleted_slot_deferred
face	2268	plane	supported_analytic_template	strategy.surface.plane	multiple_disconnected_domains	reason.multidomain_decomposition_unproven;cutout.filleted_slot_deferred
face	2269	plane	supported_analytic_template	strategy.surface.plane	multiple_disconnected_domains	reason.multidomain_decomposition_unproven;cutout.filleted_slot_deferred
face	2270	plane	supported_analytic_template	strategy.surface.plane	multiple_disconnected_domains	reason.multidomain_decomposition_unproven;cutout.filleted_slot_deferred
face	2271	plane	supported_analytic_template	strategy.surface.plane	multiple_disconnected_domains	reason.multidomain_decomposition_unproven;cutout.filleted_slot_deferred
face	2272	plane	supported_analytic_template	strategy.surface.plane	multiple_disconnected_domains	reason.multidomain_decomposition_unproven;cutout.filleted_slot_deferred
face	2273	plane	supported_analytic_template	strategy.surface.plane	multiple_disconnected_domains	reason.multidomain_decomposition_unproven;cutout.filleted_slot_deferred
face	2274	plane	supported_analytic_template	strategy.surface.plane	multiple_disconnected_domains	reason.multidomain_decomposition_unproven;cutout.filleted_slot_deferred
face	2275	plane	supported_analytic_template	strategy.surface.plane	multiple_disconnected_domains	reason.multidomain_decomposition_unproven;cutout.filleted_slot_deferred
face	2276	plane	supported_analytic_template	strategy.surface.plane	multiple_disconnected_domains	reason.multidomain_decomposition_unproven;cutout.filleted_slot_deferred
face	2277	plane	supported_analytic_template	strategy.surface.plane	multiple_disconnected_domains	reason.multidomain_decomposition_unproven;cutout.filleted_slot_deferred
face	2278	plane	supported_analytic_template	strategy.surface.plane	multiple_disconnected_domains	reason.multidomain_decomposition_unproven;cutout.filleted_slot_deferred
face	2279	plane	supported_analytic_template	strategy.surface.plane	multiple_disconnected_domains	reason.multidomain_decomposition_unproven;cutout.filleted_slot_deferred
face	2280	plane	supported_analytic_template	strategy.surface.plane	multiple_disconnected_domains	reason.multidomain_decomposition_unproven;cutout.filleted_slot_deferred
face	2281	plane	supported_analytic_template	strategy.surface.plane	multiple_disconnected_domains	reason.multidomain_decomposition_unproven;cutout.filleted_slot_deferred
face	2282	plane	supported_analytic_template	strategy.surface.plane	multiple_disconnected_domains	reason.multidomain_decomposition_unproven;cutout.filleted_slot_deferred
face	2283	plane	supported_analytic_template	strategy.surface.plane	multiple_disconnected_domains	reason.multidomain_decomposition_unproven;cutout.filleted_slot_deferred
face	2284	plane	supported_analytic_template	strategy.surface.plane	multiple_disconnected_domains	reason.multidomain_decomposition_unproven;cutout.filleted_slot_deferred
face	2285	plane	supported_analytic_template	strategy.surface.plane	multiple_disconnected_domains	reason.multidomain_decomposition_unproven;cutout.filleted_slot_deferred
face	2286	plane	supported_analytic_template	strategy.surface.plane	multiple_disconnected_domains	reason.multidomain_decomposition_unproven;cutout.filleted_slot_deferred
face	2287	plane	supported_analytic_template	strategy.surface.plane	multiple_disconnected_domains	reason.multidomain_decomposition_unproven;cutout.filleted_slot_deferred
face	2288	plane	supported_analytic_template	strategy.surface.plane	multiple_disconnected_domains	reason.multidomain_decomposition_unproven;cutout.filleted_slot_deferred
face	2289	plane	supported_analytic_template	strategy.surface.plane	multiple_disconnected_domains	reason.multidomain_decomposition_unproven;cutout.filleted_slot_deferred
face	2290	plane	supported_analytic_template	strategy.surface.plane	multiple_disconnected_domains	reason.multidomain_decomposition_unproven;cutout.filleted_slot_deferred
face	2291	plane	supported_analytic_template	strategy.surface.plane	multiple_disconnected_domains	reason.multidomain_decomposition_unproven;cutout.filleted_slot_deferred
face	2292	plane	supported_analytic_template	strategy.surface.plane	multiple_disconnected_domains	reason.multidomain_decomposition_unproven;cutout.filleted_slot_deferred
face	2293	plane	supported_analytic_template	strategy.surface.plane	multiple_disconnected_domains	reason.multidomain_decomposition_unproven;cutout.filleted_slot_deferred
face	2294	plane	supported_analytic_template	strategy.surface.plane	multiple_disconnected_domains	reason.multidomain_decomposition_unproven;cutout.filleted_slot_deferred
face	2295	plane	supported_analytic_template	strategy.surface.plane	multiple_disconnected_domains	reason.multidomain_decomposition_unproven;cutout.filleted_slot_deferred
face	2296	plane	supported_analytic_template	strategy.surface.plane	multiple_disconnected_domains	reason.multidomain_decomposition_unproven;cutout.filleted_slot_deferred
face	2297	bspline	deferred_residual_surface	reason.deferred_residual_surface	convex_simple_region	mapped.four_sided_candidate;freeform.uv_grid_candidate
face	2298	bspline	deferred_residual_surface	reason.deferred_residual_surface	convex_simple_region	mapped.four_sided_candidate;freeform.uv_grid_candidate
face	2299	bspline	deferred_residual_surface	reason.deferred_residual_surface	convex_simple_region	mapped.four_sided_candidate;freeform.uv_grid_candidate
face	2300	bspline	deferred_residual_surface	reason.deferred_residual_surface	convex_simple_region	mapped.four_sided_candidate;freeform.uv_grid_candidate
face	2301	bspline	deferred_residual_surface	reason.deferred_residual_surface	convex_simple_region	mapped.four_sided_candidate;freeform.uv_grid_candidate
face	2302	bspline	deferred_residual_surface	reason.deferred_residual_surface	convex_simple_region	mapped.four_sided_candidate;freeform.uv_grid_candidate
face	2303	bspline	deferred_residual_surface	reason.deferred_residual_surface	convex_simple_region	mapped.four_sided_candidate;freeform.uv_grid_candidate
face	2304	bspline	deferred_residual_surface	reason.deferred_residual_surface	convex_simple_region	mapped.four_sided_candidate;freeform.uv_grid_candidate
face	2305	bspline	deferred_residual_surface	reason.deferred_residual_surface	convex_simple_region	mapped.four_sided_candidate;freeform.uv_grid_candidate
face	2306	torus	deferred_residual_surface	reason.deferred_residual_surface	full_periodic_with_cap_boundaries	u_periodic;v_periodic
face	2307	plane	supported_analytic_template	strategy.surface.plane	multiple_disconnected_domains	reason.multidomain_decomposition_unproven;cutout.filleted_slot_deferred
face	2308	plane	supported_analytic_template	strategy.surface.plane	multiple_disconnected_domains	reason.multidomain_decomposition_unproven;cutout.filleted_slot_deferred
face	2309	plane	supported_analytic_template	strategy.surface.plane	multiple_disconnected_domains	reason.multidomain_decomposition_unproven;cutout.filleted_slot_deferred
face	2310	plane	supported_analytic_template	strategy.surface.plane	multiple_disconnected_domains	reason.multidomain_decomposition_unproven;cutout.filleted_slot_deferred
face	2311	plane	supported_analytic_template	strategy.surface.plane	multiple_disconnected_domains	reason.multidomain_decomposition_unproven;cutout.filleted_slot_deferred
face	2312	plane	supported_analytic_template	strategy.surface.plane	multiple_disconnected_domains	reason.multidomain_decomposition_unproven;cutout.filleted_slot_deferred
face	2313	plane	supported_analytic_template	strategy.surface.plane	multiple_disconnected_domains	reason.multidomain_decomposition_unproven;cutout.filleted_slot_deferred
face	2314	plane	supported_analytic_template	strategy.surface.plane	multiple_disconnected_domains	reason.multidomain_decomposition_unproven;cutout.filleted_slot_deferred
face	2315	torus	deferred_residual_surface	reason.deferred_residual_surface	full_periodic_with_cap_boundaries	u_periodic;v_periodic
face	2316	bspline	deferred_residual_surface	reason.deferred_residual_surface	convex_simple_region	mapped.non_four_sided_deferred;freeform.uv_grid_candidate
face	2317	bspline	deferred_residual_surface	reason.deferred_residual_surface	convex_simple_region	mapped.four_sided_candidate;freeform.uv_grid_candidate
face	2318	bspline	deferred_residual_surface	reason.deferred_residual_surface	convex_simple_region	mapped.four_sided_candidate;freeform.uv_grid_candidate
face	2319	bspline	deferred_residual_surface	reason.deferred_residual_surface	convex_simple_region	mapped.four_sided_candidate;freeform.uv_grid_candidate
face	2320	bspline	deferred_residual_surface	reason.deferred_residual_surface	convex_simple_region	mapped.four_sided_candidate;freeform.uv_grid_candidate
face	2321	bspline	deferred_residual_surface	reason.deferred_residual_surface	convex_simple_region	mapped.four_sided_candidate;freeform.uv_grid_candidate
face	2322	bspline	deferred_residual_surface	reason.deferred_residual_surface	convex_simple_region	mapped.four_sided_candidate;freeform.uv_grid_candidate
face	2323	bspline	deferred_residual_surface	reason.deferred_residual_surface	convex_simple_region	mapped.four_sided_candidate;freeform.uv_grid_candidate
face	2324	bspline	deferred_residual_surface	reason.deferred_residual_surface	convex_simple_region	mapped.four_sided_candidate;freeform.uv_grid_candidate
face	2325	cylinder	deferred_residual_surface	reason.deferred_residual_surface	full_periodic_with_cap_boundaries	u_periodic;cutout.cylindrical_bore;cutout.multi_bore_cylinder_deferred;cutout.filleted_slot_deferred
face	2326	plane	supported_analytic_template	strategy.surface.plane	multiple_disconnected_domains	reason.multidomain_decomposition_unproven;cutout.filleted_slot_deferred
face	2327	cylinder	deferred_residual_surface	reason.deferred_residual_surface	full_periodic_with_cap_boundaries	u_periodic;cutout.cylindrical_bore;cutout.multi_bore_cylinder_deferred;cutout.filleted_slot_deferred
face	2328	plane	supported_analytic_template	strategy.surface.plane	multiple_disconnected_domains	reason.multidomain_decomposition_unproven;cutout.filleted_slot_deferred
face	2329	cylinder	deferred_residual_surface	reason.deferred_residual_surface	full_periodic_with_cap_boundaries	u_periodic;cutout.cylindrical_bore;cutout.multi_bore_cylinder_deferred;cutout.filleted_slot_deferred
face	2330	plane	supported_analytic_template	strategy.surface.plane	multiple_disconnected_domains	reason.multidomain_decomposition_unproven;cutout.filleted_slot_deferred
face	2331	cylinder	deferred_residual_surface	reason.deferred_residual_surface	full_periodic_with_cap_boundaries	u_periodic;cutout.cylindrical_bore;cutout.multi_bore_cylinder_deferred;cutout.filleted_slot_deferred
face	2332	cylinder	deferred_residual_surface	reason.deferred_residual_surface	full_periodic_with_cap_boundaries	u_periodic;cutout.cylindrical_bore;cutout.multi_bore_cylinder_deferred;cutout.filleted_slot_deferred
face	2333	torus	deferred_residual_surface	reason.deferred_residual_surface	full_periodic_with_cap_boundaries	u_periodic;v_periodic
face	2334	plane	supported_analytic_template	strategy.surface.plane	multiple_disconnected_domains	reason.multidomain_decomposition_unproven;cutout.filleted_slot_deferred
face	2335	plane	supported_analytic_template	strategy.surface.plane	multiple_disconnected_domains	reason.multidomain_decomposition_unproven;cutout.filleted_slot_deferred
face	2336	plane	supported_analytic_template	strategy.surface.plane	multiple_disconnected_domains	reason.multidomain_decomposition_unproven;cutout.filleted_slot_deferred
face	2337	plane	supported_analytic_template	strategy.surface.plane	multiple_disconnected_domains	reason.multidomain_decomposition_unproven;cutout.filleted_slot_deferred
face	2338	torus	deferred_residual_surface	reason.deferred_residual_surface	full_periodic_with_cap_boundaries	u_periodic;v_periodic
face	2339	cylinder	deferred_residual_surface	reason.deferred_residual_surface	full_periodic_with_cap_boundaries	u_periodic;cutout.cylindrical_bore;cutout.multi_bore_cylinder_deferred;cutout.filleted_slot_deferred
face	2340	plane	supported_analytic_template	strategy.surface.plane	multiple_disconnected_domains	reason.multidomain_decomposition_unproven;cutout.filleted_slot_deferred
face	2341	plane	supported_analytic_template	strategy.surface.plane	multiple_disconnected_domains	reason.multidomain_decomposition_unproven;cutout.filleted_slot_deferred
face	2342	plane	supported_analytic_template	strategy.surface.plane	multiple_disconnected_domains	reason.multidomain_decomposition_unproven;cutout.filleted_slot_deferred
face	2343	plane	supported_analytic_template	strategy.surface.plane	multiple_disconnected_domains	reason.multidomain_decomposition_unproven;cutout.filleted_slot_deferred
face	2344	plane	supported_analytic_template	strategy.surface.plane	concave_simple_region	cutout.filleted_slot_deferred
face	2345	plane	supported_analytic_template	strategy.surface.plane	concave_simple_region	cutout.filleted_slot_deferred
face	2346	plane	supported_analytic_template	strategy.surface.plane	concave_simple_region	cutout.filleted_slot_deferred
face	2347	plane	supported_analytic_template	strategy.surface.plane	multiple_disconnected_domains	reason.multidomain_decomposition_unproven;cutout.filleted_slot_deferred
face	2348	cylinder	deferred_residual_surface	reason.deferred_residual_surface	full_periodic_with_cap_boundaries	u_periodic;cutout.cylindrical_bore;cutout.multi_bore_cylinder_deferred;cutout.filleted_slot_deferred
face	2349	cylinder	deferred_residual_surface	reason.deferred_residual_surface	full_periodic_with_cap_boundaries	u_periodic;cutout.cylindrical_bore;cutout.multi_bore_cylinder_deferred;cutout.filleted_slot_deferred
face	2350	plane	supported_analytic_template	strategy.surface.plane	multiple_disconnected_domains	reason.multidomain_decomposition_unproven;cutout.filleted_slot_deferred
face	2351	plane	supported_analytic_template	strategy.surface.plane	multiple_disconnected_domains	reason.multidomain_decomposition_unproven;cutout.filleted_slot_deferred
face	2352	plane	supported_analytic_template	strategy.surface.plane	multiple_disconnected_domains	reason.multidomain_decomposition_unproven;cutout.filleted_slot_deferred
face	2353	plane	supported_analytic_template	strategy.surface.plane	multiple_disconnected_domains	reason.multidomain_decomposition_unproven;cutout.filleted_slot_deferred
face	2354	plane	supported_analytic_template	strategy.surface.plane	multiple_disconnected_domains	reason.multidomain_decomposition_unproven;cutout.filleted_slot_deferred
face	2355	cylinder	deferred_residual_surface	reason.deferred_residual_surface	full_periodic_with_cap_boundaries	u_periodic;cutout.cylindrical_bore;cutout.multi_bore_cylinder_deferred;cutout.filleted_slot_deferred
face	2356	cylinder	deferred_residual_surface	reason.deferred_residual_surface	full_periodic_with_cap_boundaries	u_periodic;cutout.cylindrical_bore;cutout.multi_bore_cylinder_deferred;cutout.filleted_slot_deferred
face	2357	cylinder	deferred_residual_surface	reason.deferred_residual_surface	full_periodic_with_cap_boundaries	u_periodic;cutout.cylindrical_bore;cutout.multi_bore_cylinder_deferred;cutout.filleted_slot_deferred
face	2358	cylinder	deferred_residual_surface	reason.deferred_residual_surface	full_periodic_with_cap_boundaries	u_periodic;cutout.cylindrical_bore;cutout.multi_bore_cylinder_deferred;cutout.filleted_slot_deferred
face	2359	cylinder	deferred_residual_surface	reason.deferred_residual_surface	full_periodic_with_cap_boundaries	u_periodic;cutout.cylindrical_bore;cutout.multi_bore_cylinder_deferred;cutout.filleted_slot_deferred
face	2360	cylinder	deferred_residual_surface	reason.deferred_residual_surface	full_periodic_with_cap_boundaries	u_periodic;cutout.cylindrical_bore;cutout.multi_bore_cylinder_deferred;cutout.filleted_slot_deferred
face	2361	cylinder	deferred_residual_surface	reason.deferred_residual_surface	full_periodic_with_cap_boundaries	u_periodic;cutout.cylindrical_bore;cutout.multi_bore_cylinder_deferred;cutout.filleted_slot_deferred
face	2362	bspline	deferred_residual_surface	reason.deferred_residual_surface	convex_simple_region	mapped.non_four_sided_deferred;freeform.uv_grid_candidate
face	2363	plane	supported_analytic_template	strategy.surface.plane	concave_simple_region	cutout.filleted_slot_deferred
face	2364	bspline	deferred_residual_surface	reason.deferred_residual_surface	convex_simple_region	mapped.non_four_sided_deferred;freeform.uv_grid_candidate
face	2365	bspline	deferred_residual_surface	reason.deferred_residual_surface	convex_simple_region	mapped.non_four_sided_deferred;freeform.uv_grid_candidate
face	2366	bspline	deferred_residual_surface	reason.deferred_residual_surface	convex_simple_region	mapped.non_four_sided_deferred;freeform.uv_grid_candidate
face	2367	bspline	deferred_residual_surface	reason.deferred_residual_surface	convex_simple_region	mapped.four_sided_candidate;freeform.uv_grid_candidate
face	2368	plane	supported_analytic_template	strategy.surface.plane	multiple_disconnected_domains	reason.multidomain_decomposition_unproven;cutout.filleted_slot_deferred
face	2369	bspline	deferred_residual_surface	reason.deferred_residual_surface	convex_simple_region	mapped.non_four_sided_deferred;freeform.uv_grid_candidate
face	2370	bspline	deferred_residual_surface	reason.deferred_residual_surface	convex_simple_region	mapped.non_four_sided_deferred;freeform.uv_grid_candidate
face	2371	bspline	deferred_residual_surface	reason.deferred_residual_surface	convex_simple_region	mapped.non_four_sided_deferred;freeform.uv_grid_candidate
face	2372	bspline	deferred_residual_surface	reason.deferred_residual_surface	convex_simple_region	mapped.four_sided_candidate;freeform.uv_grid_candidate
face	2373	plane	supported_analytic_template	strategy.surface.plane	multiple_disconnected_domains	reason.multidomain_decomposition_unproven;cutout.filleted_slot_deferred
face	2374	bspline	deferred_residual_surface	reason.deferred_residual_surface	convex_simple_region	mapped.non_four_sided_deferred;freeform.uv_grid_candidate
face	2375	bspline	deferred_residual_surface	reason.deferred_residual_surface	convex_simple_region	mapped.non_four_sided_deferred;freeform.uv_grid_candidate
face	2376	plane	supported_analytic_template	strategy.surface.plane	convex_simple_region	cutout.filleted_slot_deferred
face	2377	plane	supported_analytic_template	strategy.surface.plane	convex_simple_region	cutout.filleted_slot_deferred
face	2378	cylinder	deferred_residual_surface	reason.deferred_residual_surface	full_periodic_with_cap_boundaries	u_periodic;cutout.cylindrical_bore;cutout.multi_bore_cylinder_deferred;cutout.filleted_slot_deferred
face	2379	plane	supported_analytic_template	strategy.surface.plane	multiple_disconnected_domains	reason.multidomain_decomposition_unproven;cutout.filleted_slot_deferred
face	2380	cylinder	deferred_residual_surface	reason.deferred_residual_surface	full_periodic_with_cap_boundaries	u_periodic;cutout.cylindrical_bore;cutout.multi_bore_cylinder_deferred;cutout.filleted_slot_deferred
face	2381	plane	supported_analytic_template	strategy.surface.plane	multiple_disconnected_domains	reason.multidomain_decomposition_unproven;cutout.filleted_slot_deferred
face	2382	bspline	deferred_residual_surface	reason.deferred_residual_surface	convex_simple_region	mapped.four_sided_candidate;freeform.uv_grid_candidate
face	2383	bspline	deferred_residual_surface	reason.deferred_residual_surface	convex_simple_region	mapped.four_sided_candidate;freeform.uv_grid_candidate
face	2384	plane	supported_analytic_template	strategy.surface.plane	multiple_disconnected_domains	reason.multidomain_decomposition_unproven;cutout.filleted_slot_deferred
face	2385	cylinder	deferred_residual_surface	reason.deferred_residual_surface	full_periodic_with_cap_boundaries	u_periodic;cutout.cylindrical_bore;cutout.multi_bore_cylinder_deferred;cutout.filleted_slot_deferred
face	2386	plane	supported_analytic_template	strategy.surface.plane	multiple_disconnected_domains	reason.multidomain_decomposition_unproven;cutout.filleted_slot_deferred
face	2387	bspline	deferred_residual_surface	reason.deferred_residual_surface	convex_simple_region	mapped.non_four_sided_deferred;freeform.uv_grid_candidate
face	2388	bspline	deferred_residual_surface	reason.deferred_residual_surface	convex_simple_region	mapped.non_four_sided_deferred;freeform.uv_grid_candidate
face	2389	bspline	deferred_residual_surface	reason.deferred_residual_surface	convex_simple_region	mapped.non_four_sided_deferred;freeform.uv_grid_candidate
face	2390	bspline	deferred_residual_surface	reason.deferred_residual_surface	convex_simple_region	mapped.non_four_sided_deferred;freeform.uv_grid_candidate
face	2391	plane	supported_analytic_template	strategy.surface.plane	self_intersecting_or_invalid	cutout.filleted_slot_deferred
face	2392	bspline	deferred_residual_surface	reason.deferred_residual_surface	convex_simple_region	mapped.non_four_sided_deferred;freeform.uv_grid_candidate
face	2393	bspline	deferred_residual_surface	reason.deferred_residual_surface	convex_simple_region	mapped.four_sided_candidate;freeform.uv_grid_candidate
face	2394	bspline	deferred_residual_surface	reason.deferred_residual_surface	convex_simple_region	mapped.four_sided_candidate;freeform.uv_grid_candidate
face	2395	bspline	deferred_residual_surface	reason.deferred_residual_surface	convex_simple_region	mapped.four_sided_candidate;freeform.uv_grid_candidate
face	2396	bspline	deferred_residual_surface	reason.deferred_residual_surface	convex_simple_region	mapped.four_sided_candidate;freeform.uv_grid_candidate
face	2397	bspline	deferred_residual_surface	reason.deferred_residual_surface	convex_simple_region	mapped.four_sided_candidate;freeform.uv_grid_candidate
face	2398	bspline	deferred_residual_surface	reason.deferred_residual_surface	convex_simple_region	mapped.non_four_sided_deferred;freeform.uv_grid_candidate
face	2399	bspline	deferred_residual_surface	reason.deferred_residual_surface	convex_simple_region	mapped.four_sided_candidate;freeform.uv_grid_candidate
face	2400	bspline	deferred_residual_surface	reason.deferred_residual_surface	convex_simple_region	mapped.four_sided_candidate;freeform.uv_grid_candidate
face	2401	extrusion	deferred_residual_surface	reason.deferred_residual_surface	full_periodic_with_cap_boundaries	u_periodic;mapped.four_sided_candidate
face	2402	bspline	deferred_residual_surface	reason.deferred_residual_surface	convex_simple_region	mapped.non_four_sided_deferred;freeform.uv_grid_candidate
face	2403	bspline	deferred_residual_surface	reason.deferred_residual_surface	convex_simple_region	mapped.non_four_sided_deferred;freeform.uv_grid_candidate
face	2404	bspline	deferred_residual_surface	reason.deferred_residual_surface	convex_simple_region	mapped.non_four_sided_deferred;freeform.uv_grid_candidate
face	2405	bspline	deferred_residual_surface	reason.deferred_residual_surface	convex_simple_region	mapped.non_four_sided_deferred;freeform.uv_grid_candidate
face	2406	bspline	deferred_residual_surface	reason.deferred_residual_surface	convex_simple_region	mapped.non_four_sided_deferred;freeform.uv_grid_candidate
face	2407	bspline	deferred_residual_surface	reason.deferred_residual_surface	convex_simple_region	mapped.non_four_sided_deferred;freeform.uv_grid_candidate
face	2408	plane	supported_analytic_template	strategy.surface.plane	concave_simple_region	cutout.filleted_slot_deferred
face	2409	plane	supported_analytic_template	strategy.surface.plane	concave_simple_region	cutout.filleted_slot_deferred
face	2410	bspline	deferred_residual_surface	reason.deferred_residual_surface	convex_simple_region	mapped.four_sided_candidate;freeform.uv_grid_candidate
face	2411	bspline	deferred_residual_surface	reason.deferred_residual_surface	convex_simple_region	mapped.four_sided_candidate;freeform.uv_grid_candidate
face	2412	bspline	deferred_residual_surface	reason.deferred_residual_surface	convex_simple_region	mapped.non_four_sided_deferred;freeform.uv_grid_candidate
face	2413	plane	supported_analytic_template	strategy.surface.plane	concave_simple_region	cutout.filleted_slot_deferred
face	2414	plane	supported_analytic_template	strategy.surface.plane	multiple_disconnected_domains	reason.multidomain_decomposition_unproven;cutout.filleted_slot_deferred
face	2415	plane	supported_analytic_template	strategy.surface.plane	multiple_disconnected_domains	reason.multidomain_decomposition_unproven;cutout.filleted_slot_deferred
face	2416	cylinder	deferred_residual_surface	reason.deferred_residual_surface	full_periodic_with_cap_boundaries	u_periodic;cutout.cylindrical_bore;cutout.multi_bore_cylinder_deferred;cutout.filleted_slot_deferred
face	2417	plane	supported_analytic_template	strategy.surface.plane	multiple_disconnected_domains	reason.multidomain_decomposition_unproven;cutout.filleted_slot_deferred
face	2418	bspline	deferred_residual_surface	reason.deferred_residual_surface	convex_simple_region	mapped.non_four_sided_deferred;freeform.uv_grid_candidate
face	2419	plane	supported_analytic_template	strategy.surface.plane	multiple_disconnected_domains	reason.multidomain_decomposition_unproven;cutout.filleted_slot_deferred
face	2420	bspline	deferred_residual_surface	reason.deferred_residual_surface	convex_simple_region	mapped.non_four_sided_deferred;freeform.uv_grid_candidate
face	2421	bspline	deferred_residual_surface	reason.deferred_residual_surface	convex_simple_region	mapped.non_four_sided_deferred;freeform.uv_grid_candidate
face	2422	plane	supported_analytic_template	strategy.surface.plane	convex_simple_region	cutout.filleted_slot_deferred
face	2423	bspline	deferred_residual_surface	reason.deferred_residual_surface	convex_simple_region	mapped.four_sided_candidate;freeform.uv_grid_candidate
face	2424	cylinder	deferred_residual_surface	reason.deferred_residual_surface	full_periodic_with_cap_boundaries	u_periodic;cutout.cylindrical_bore;cutout.multi_bore_cylinder_deferred;cutout.filleted_slot_deferred
face	2425	plane	supported_analytic_template	strategy.surface.plane	convex_simple_region	cutout.filleted_slot_deferred
face	2426	extrusion	deferred_residual_surface	reason.deferred_residual_surface	full_periodic_with_cap_boundaries	u_periodic;mapped.non_four_sided_deferred
face	2427	bspline	deferred_residual_surface	reason.deferred_residual_surface	convex_simple_region	mapped.four_sided_candidate;freeform.uv_grid_candidate
face	2428	extrusion	deferred_residual_surface	reason.deferred_residual_surface	full_periodic_with_cap_boundaries	u_periodic;mapped.four_sided_candidate
face	2429	extrusion	deferred_residual_surface	reason.deferred_residual_surface	full_periodic_with_cap_boundaries	u_periodic;mapped.four_sided_candidate
face	2430	bspline	deferred_residual_surface	reason.deferred_residual_surface	convex_simple_region	mapped.four_sided_candidate;freeform.uv_grid_candidate
face	2431	plane	supported_analytic_template	strategy.surface.plane	convex_simple_region	cutout.filleted_slot_deferred
face	2432	bspline	deferred_residual_surface	reason.deferred_residual_surface	convex_simple_region	mapped.four_sided_candidate;freeform.uv_grid_candidate
face	2433	extrusion	deferred_residual_surface	reason.deferred_residual_surface	full_periodic_with_cap_boundaries	u_periodic;mapped.four_sided_candidate
face	2434	bspline	deferred_residual_surface	reason.deferred_residual_surface	convex_simple_region	mapped.four_sided_candidate;freeform.uv_grid_candidate
face	2435	extrusion	deferred_residual_surface	reason.deferred_residual_surface	full_periodic_with_cap_boundaries	u_periodic;mapped.four_sided_candidate
face	2436	bspline	deferred_residual_surface	reason.deferred_residual_surface	convex_simple_region	mapped.four_sided_candidate;freeform.uv_grid_candidate
face	2437	extrusion	deferred_residual_surface	reason.deferred_residual_surface	full_periodic_with_cap_boundaries	u_periodic;mapped.non_four_sided_deferred
face	2438	cylinder	deferred_residual_surface	reason.deferred_residual_surface	full_periodic_with_cap_boundaries	u_periodic;cutout.cylindrical_bore;cutout.multi_bore_cylinder_deferred;cutout.filleted_slot_deferred
face	2439	plane	supported_analytic_template	strategy.surface.plane	multiple_disconnected_domains	reason.multidomain_decomposition_unproven;cutout.filleted_slot_deferred
face	2440	plane	supported_analytic_template	strategy.surface.plane	multiple_disconnected_domains	reason.multidomain_decomposition_unproven;cutout.filleted_slot_deferred
face	2441	cylinder	deferred_residual_surface	reason.deferred_residual_surface	full_periodic_with_cap_boundaries	u_periodic;cutout.cylindrical_bore;cutout.multi_bore_cylinder_deferred;cutout.filleted_slot_deferred
face	2442	bspline	deferred_residual_surface	reason.deferred_residual_surface	convex_simple_region	mapped.four_sided_candidate;freeform.uv_grid_candidate
face	2443	bspline	deferred_residual_surface	reason.deferred_residual_surface	convex_simple_region	mapped.non_four_sided_deferred;freeform.uv_grid_candidate
face	2444	plane	supported_analytic_template	strategy.surface.plane	convex_simple_region	cutout.filleted_slot_deferred
face	2445	plane	supported_analytic_template	strategy.surface.plane	concave_simple_region	cutout.filleted_slot_deferred
face	2446	plane	supported_analytic_template	strategy.surface.plane	convex_simple_region	cutout.filleted_slot_deferred
face	2447	plane	supported_analytic_template	strategy.surface.plane	multiple_disconnected_domains	reason.multidomain_decomposition_unproven;cutout.filleted_slot_deferred
face	2448	plane	supported_analytic_template	strategy.surface.plane	multiple_disconnected_domains	reason.multidomain_decomposition_unproven;cutout.filleted_slot_deferred
face	2449	cylinder	deferred_residual_surface	reason.deferred_residual_surface	full_periodic_with_cap_boundaries	u_periodic;cutout.cylindrical_bore;cutout.multi_bore_cylinder_deferred;cutout.filleted_slot_deferred
face	2450	extrusion	deferred_residual_surface	reason.deferred_residual_surface	full_periodic_with_cap_boundaries	u_periodic;mapped.four_sided_candidate
face	2451	cylinder	deferred_residual_surface	reason.deferred_residual_surface	full_periodic_with_cap_boundaries	u_periodic;cutout.cylindrical_bore;cutout.multi_bore_cylinder_deferred;cutout.filleted_slot_deferred
face	2452	bspline	deferred_residual_surface	reason.deferred_residual_surface	convex_simple_region	mapped.non_four_sided_deferred;freeform.uv_grid_candidate
face	2453	bspline	deferred_residual_surface	reason.deferred_residual_surface	convex_simple_region	mapped.four_sided_candidate;freeform.uv_grid_candidate
face	2454	bspline	deferred_residual_surface	reason.deferred_residual_surface	convex_simple_region	mapped.four_sided_candidate;freeform.uv_grid_candidate
face	2455	bspline	deferred_residual_surface	reason.deferred_residual_surface	convex_simple_region	mapped.four_sided_candidate;freeform.uv_grid_candidate
face	2456	bspline	deferred_residual_surface	reason.deferred_residual_surface	convex_simple_region	mapped.four_sided_candidate;freeform.uv_grid_candidate
face	2457	bspline	deferred_residual_surface	reason.deferred_residual_surface	convex_simple_region	mapped.non_four_sided_deferred;freeform.uv_grid_candidate
face	2458	bspline	deferred_residual_surface	reason.deferred_residual_surface	convex_simple_region	mapped.non_four_sided_deferred;freeform.uv_grid_candidate
face	2459	bspline	deferred_residual_surface	reason.deferred_residual_surface	convex_simple_region	mapped.non_four_sided_deferred;freeform.uv_grid_candidate
face	2460	cylinder	deferred_residual_surface	reason.deferred_residual_surface	full_periodic_with_cap_boundaries	u_periodic;cutout.cylindrical_bore;cutout.multi_bore_cylinder_deferred;cutout.filleted_slot_deferred
face	2461	bspline	deferred_residual_surface	reason.deferred_residual_surface	convex_simple_region	mapped.four_sided_candidate;freeform.uv_grid_candidate
face	2462	bspline	deferred_residual_surface	reason.deferred_residual_surface	convex_simple_region	mapped.four_sided_candidate;freeform.uv_grid_candidate
face	2463	plane	supported_analytic_template	strategy.surface.plane	multiple_disconnected_domains	reason.multidomain_decomposition_unproven;cutout.filleted_slot_deferred
face	2464	plane	supported_analytic_template	strategy.surface.plane	convex_simple_region	cutout.filleted_slot_deferred
face	2465	plane	supported_analytic_template	strategy.surface.plane	concave_simple_region	cutout.filleted_slot_deferred
face	2466	plane	supported_analytic_template	strategy.surface.plane	multiple_disconnected_domains	reason.multidomain_decomposition_unproven;cutout.filleted_slot_deferred
face	2467	plane	supported_analytic_template	strategy.surface.plane	concave_simple_region	cutout.filleted_slot_deferred
face	2468	bspline	deferred_residual_surface	reason.deferred_residual_surface	convex_simple_region	mapped.four_sided_candidate;freeform.uv_grid_candidate
face	2469	plane	supported_analytic_template	strategy.surface.plane	concave_simple_region	cutout.filleted_slot_deferred
face	2470	plane	supported_analytic_template	strategy.surface.plane	multiple_disconnected_domains	reason.multidomain_decomposition_unproven;cutout.filleted_slot_deferred
face	2471	plane	supported_analytic_template	strategy.surface.plane	concave_simple_region	cutout.filleted_slot_deferred
face	2472	bspline	deferred_residual_surface	reason.deferred_residual_surface	convex_simple_region	mapped.four_sided_candidate;freeform.uv_grid_candidate
face	2473	plane	supported_analytic_template	strategy.surface.plane	concave_simple_region	cutout.filleted_slot_deferred
face	2474	plane	supported_analytic_template	strategy.surface.plane	multiple_disconnected_domains	reason.multidomain_decomposition_unproven;cutout.filleted_slot_deferred
face	2475	bspline	deferred_residual_surface	reason.deferred_residual_surface	convex_simple_region	mapped.non_four_sided_deferred;freeform.uv_grid_candidate
face	2476	plane	supported_analytic_template	strategy.surface.plane	multiple_disconnected_domains	reason.multidomain_decomposition_unproven;cutout.filleted_slot_deferred
face	2477	plane	supported_analytic_template	strategy.surface.plane	concave_simple_region	cutout.filleted_slot_deferred
face	2478	bspline	deferred_residual_surface	reason.deferred_residual_surface	convex_simple_region	mapped.four_sided_candidate;freeform.uv_grid_candidate
face	2479	plane	supported_analytic_template	strategy.surface.plane	concave_simple_region	cutout.filleted_slot_deferred
face	2480	plane	supported_analytic_template	strategy.surface.plane	multiple_disconnected_domains	reason.multidomain_decomposition_unproven;cutout.filleted_slot_deferred
face	2481	plane	supported_analytic_template	strategy.surface.plane	concave_simple_region	cutout.filleted_slot_deferred
face	2482	bspline	deferred_residual_surface	reason.deferred_residual_surface	convex_simple_region	mapped.four_sided_candidate;freeform.uv_grid_candidate
face	2483	plane	supported_analytic_template	strategy.surface.plane	concave_simple_region	cutout.filleted_slot_deferred
face	2484	plane	supported_analytic_template	strategy.surface.plane	multiple_disconnected_domains	reason.multidomain_decomposition_unproven;cutout.filleted_slot_deferred
face	2485	plane	supported_analytic_template	strategy.surface.plane	concave_simple_region	cutout.filleted_slot_deferred
face	2486	plane	supported_analytic_template	strategy.surface.plane	multiple_disconnected_domains	reason.multidomain_decomposition_unproven;cutout.filleted_slot_deferred
face	2487	bspline	deferred_residual_surface	reason.deferred_residual_surface	convex_simple_region	mapped.four_sided_candidate;freeform.uv_grid_candidate
face	2488	plane	supported_analytic_template	strategy.surface.plane	multiple_disconnected_domains	reason.multidomain_decomposition_unproven;cutout.filleted_slot_deferred
face	2489	bspline	deferred_residual_surface	reason.deferred_residual_surface	convex_simple_region	mapped.four_sided_candidate;freeform.uv_grid_candidate
face	2490	plane	supported_analytic_template	strategy.surface.plane	multiple_disconnected_domains	reason.multidomain_decomposition_unproven;cutout.filleted_slot_deferred
face	2491	bspline	deferred_residual_surface	reason.deferred_residual_surface	convex_simple_region	mapped.non_four_sided_deferred;freeform.uv_grid_candidate
face	2492	plane	supported_analytic_template	strategy.surface.plane	multiple_disconnected_domains	reason.multidomain_decomposition_unproven;cutout.filleted_slot_deferred
face	2493	bspline	deferred_residual_surface	reason.deferred_residual_surface	convex_simple_region	mapped.four_sided_candidate;freeform.uv_grid_candidate
face	2494	plane	supported_analytic_template	strategy.surface.plane	multiple_disconnected_domains	reason.multidomain_decomposition_unproven;cutout.filleted_slot_deferred
face	2495	bspline	deferred_residual_surface	reason.deferred_residual_surface	convex_simple_region	mapped.four_sided_candidate;freeform.uv_grid_candidate
face	2496	plane	supported_analytic_template	strategy.surface.plane	multiple_disconnected_domains	reason.multidomain_decomposition_unproven;cutout.filleted_slot_deferred
face	2497	plane	supported_analytic_template	strategy.surface.plane	concave_simple_region	cutout.filleted_slot_deferred
face	2498	plane	supported_analytic_template	strategy.surface.plane	convex_simple_region	cutout.filleted_slot_deferred
face	2499	plane	supported_analytic_template	strategy.surface.plane	convex_simple_region	cutout.filleted_slot_deferred
face	2500	extrusion	deferred_residual_surface	reason.deferred_residual_surface	full_periodic_with_cap_boundaries	u_periodic;mapped.four_sided_candidate
face	2501	plane	supported_analytic_template	strategy.surface.plane	concave_simple_region	cutout.filleted_slot_deferred
face	2502	bspline	deferred_residual_surface	reason.deferred_residual_surface	convex_simple_region	mapped.non_four_sided_deferred;freeform.uv_grid_candidate
face	2503	bspline	deferred_residual_surface	reason.deferred_residual_surface	convex_simple_region	mapped.four_sided_candidate;freeform.uv_grid_candidate
face	2504	plane	supported_analytic_template	strategy.surface.plane	multiple_disconnected_domains	reason.multidomain_decomposition_unproven;cutout.filleted_slot_deferred
face	2505	plane	supported_analytic_template	strategy.surface.plane	concave_simple_region	cutout.filleted_slot_deferred
face	2506	bspline	deferred_residual_surface	reason.deferred_residual_surface	convex_simple_region	mapped.non_four_sided_deferred;freeform.uv_grid_candidate
face	2507	plane	supported_analytic_template	strategy.surface.plane	concave_simple_region	cutout.filleted_slot_deferred
face	2508	plane	supported_analytic_template	strategy.surface.plane	multiple_disconnected_domains	reason.multidomain_decomposition_unproven;cutout.filleted_slot_deferred
face	2509	plane	supported_analytic_template	strategy.surface.plane	concave_simple_region	cutout.filleted_slot_deferred
face	2510	plane	supported_analytic_template	strategy.surface.plane	multiple_disconnected_domains	reason.multidomain_decomposition_unproven;cutout.filleted_slot_deferred
face	2511	plane	supported_analytic_template	strategy.surface.plane	concave_simple_region	cutout.filleted_slot_deferred
face	2512	bspline	deferred_residual_surface	reason.deferred_residual_surface	convex_simple_region	mapped.four_sided_candidate;freeform.uv_grid_candidate
face	2513	plane	supported_analytic_template	strategy.surface.plane	multiple_disconnected_domains	reason.multidomain_decomposition_unproven;cutout.filleted_slot_deferred
face	2514	plane	supported_analytic_template	strategy.surface.plane	multiple_disconnected_domains	reason.multidomain_decomposition_unproven;cutout.filleted_slot_deferred
face	2515	bspline	deferred_residual_surface	reason.deferred_residual_surface	convex_simple_region	mapped.four_sided_candidate;freeform.uv_grid_candidate
face	2516	bspline	deferred_residual_surface	reason.deferred_residual_surface	convex_simple_region	mapped.four_sided_candidate;freeform.uv_grid_candidate
face	2517	extrusion	deferred_residual_surface	reason.deferred_residual_surface	full_periodic_with_cap_boundaries	u_periodic;mapped.non_four_sided_deferred
face	2518	cylinder	deferred_residual_surface	reason.deferred_residual_surface	full_periodic_with_cap_boundaries	u_periodic;cutout.cylindrical_bore;cutout.multi_bore_cylinder_deferred;cutout.filleted_slot_deferred
face	2519	bspline	deferred_residual_surface	reason.deferred_residual_surface	convex_simple_region	mapped.four_sided_candidate;freeform.uv_grid_candidate
face	2520	extrusion	deferred_residual_surface	reason.deferred_residual_surface	full_periodic_with_cap_boundaries	u_periodic;mapped.four_sided_candidate
face	2521	extrusion	deferred_residual_surface	reason.deferred_residual_surface	full_periodic_with_cap_boundaries	u_periodic;mapped.four_sided_candidate
face	2522	bspline	deferred_residual_surface	reason.deferred_residual_surface	convex_simple_region	mapped.four_sided_candidate;freeform.uv_grid_candidate
face	2523	bspline	deferred_residual_surface	reason.deferred_residual_surface	convex_simple_region	mapped.four_sided_candidate;freeform.uv_grid_candidate
face	2524	bspline	deferred_residual_surface	reason.deferred_residual_surface	convex_simple_region	mapped.four_sided_candidate;freeform.uv_grid_candidate
face	2525	plane	supported_analytic_template	strategy.surface.plane	concave_simple_region	cutout.filleted_slot_deferred
face	2526	extrusion	deferred_residual_surface	reason.deferred_residual_surface	full_periodic_with_cap_boundaries	u_periodic;mapped.non_four_sided_deferred
face	2527	bspline	deferred_residual_surface	reason.deferred_residual_surface	convex_simple_region	mapped.four_sided_candidate;freeform.uv_grid_candidate
face	2528	extrusion	deferred_residual_surface	reason.deferred_residual_surface	full_periodic_with_cap_boundaries	u_periodic;mapped.four_sided_candidate
face	2529	plane	supported_analytic_template	strategy.surface.plane	multiple_disconnected_domains	reason.multidomain_decomposition_unproven;cutout.filleted_slot_deferred
face	2530	bspline	deferred_residual_surface	reason.deferred_residual_surface	convex_simple_region	mapped.four_sided_candidate;freeform.uv_grid_candidate
face	2531	plane	supported_analytic_template	strategy.surface.plane	multiple_disconnected_domains	reason.multidomain_decomposition_unproven;cutout.filleted_slot_deferred
face	2532	plane	supported_analytic_template	strategy.surface.plane	multiple_disconnected_domains	reason.multidomain_decomposition_unproven;cutout.filleted_slot_deferred
face	2533	bspline	deferred_residual_surface	reason.deferred_residual_surface	convex_simple_region	mapped.non_four_sided_deferred;freeform.uv_grid_candidate
face	2534	bspline	deferred_residual_surface	reason.deferred_residual_surface	convex_simple_region	mapped.four_sided_candidate;freeform.uv_grid_candidate
face	2535	bspline	deferred_residual_surface	reason.deferred_residual_surface	convex_simple_region	mapped.four_sided_candidate;freeform.uv_grid_candidate
face	2536	bspline	deferred_residual_surface	reason.deferred_residual_surface	convex_simple_region	mapped.four_sided_candidate;freeform.uv_grid_candidate
face	2537	bspline	deferred_residual_surface	reason.deferred_residual_surface	convex_simple_region	mapped.four_sided_candidate;freeform.uv_grid_candidate
face	2538	bspline	deferred_residual_surface	reason.deferred_residual_surface	convex_simple_region	mapped.four_sided_candidate;freeform.uv_grid_candidate
face	2539	bspline	deferred_residual_surface	reason.deferred_residual_surface	convex_simple_region	mapped.four_sided_candidate;freeform.uv_grid_candidate
face	2540	bspline	deferred_residual_surface	reason.deferred_residual_surface	convex_simple_region	mapped.four_sided_candidate;freeform.uv_grid_candidate
face	2541	bspline	deferred_residual_surface	reason.deferred_residual_surface	convex_simple_region	mapped.four_sided_candidate;freeform.uv_grid_candidate
face	2542	bspline	deferred_residual_surface	reason.deferred_residual_surface	convex_simple_region	mapped.four_sided_candidate;freeform.uv_grid_candidate
face	2543	bspline	deferred_residual_surface	reason.deferred_residual_surface	convex_simple_region	mapped.four_sided_candidate;freeform.uv_grid_candidate
face	2544	bspline	deferred_residual_surface	reason.deferred_residual_surface	convex_simple_region	mapped.four_sided_candidate;freeform.uv_grid_candidate
face	2545	bspline	deferred_residual_surface	reason.deferred_residual_surface	convex_simple_region	mapped.four_sided_candidate;freeform.uv_grid_candidate
face	2546	bspline	deferred_residual_surface	reason.deferred_residual_surface	convex_simple_region	mapped.four_sided_candidate;freeform.uv_grid_candidate
face	2547	bspline	deferred_residual_surface	reason.deferred_residual_surface	convex_simple_region	mapped.four_sided_candidate;freeform.uv_grid_candidate
face	2548	bspline	deferred_residual_surface	reason.deferred_residual_surface	convex_simple_region	mapped.non_four_sided_deferred;freeform.uv_grid_candidate
face	2549	bspline	deferred_residual_surface	reason.deferred_residual_surface	convex_simple_region	mapped.four_sided_candidate;freeform.uv_grid_candidate
face	2550	bspline	deferred_residual_surface	reason.deferred_residual_surface	convex_simple_region	mapped.four_sided_candidate;freeform.uv_grid_candidate
face	2551	bspline	deferred_residual_surface	reason.deferred_residual_surface	convex_simple_region	mapped.four_sided_candidate;freeform.uv_grid_candidate
face	2552	plane	supported_analytic_template	strategy.surface.plane	concave_simple_region	cutout.filleted_slot_deferred
face	2553	plane	supported_analytic_template	strategy.surface.plane	concave_simple_region	cutout.filleted_slot_deferred
face	2554	bspline	deferred_residual_surface	reason.deferred_residual_surface	convex_simple_region	mapped.four_sided_candidate;freeform.uv_grid_candidate
face	2555	plane	supported_analytic_template	strategy.surface.plane	concave_simple_region	cutout.filleted_slot_deferred
face	2556	plane	supported_analytic_template	strategy.surface.plane	multiple_disconnected_domains	reason.multidomain_decomposition_unproven;cutout.filleted_slot_deferred
face	2557	plane	supported_analytic_template	strategy.surface.plane	concave_simple_region	cutout.filleted_slot_deferred
face	2558	bspline	deferred_residual_surface	reason.deferred_residual_surface	convex_simple_region	mapped.four_sided_candidate;freeform.uv_grid_candidate
face	2559	plane	supported_analytic_template	strategy.surface.plane	concave_simple_region	cutout.filleted_slot_deferred
face	2560	plane	supported_analytic_template	strategy.surface.plane	multiple_disconnected_domains	reason.multidomain_decomposition_unproven;cutout.filleted_slot_deferred
face	2561	plane	supported_analytic_template	strategy.surface.plane	concave_simple_region	cutout.filleted_slot_deferred
face	2562	bspline	deferred_residual_surface	reason.deferred_residual_surface	convex_simple_region	mapped.four_sided_candidate;freeform.uv_grid_candidate
face	2563	plane	supported_analytic_template	strategy.surface.plane	concave_simple_region	cutout.filleted_slot_deferred
face	2564	plane	supported_analytic_template	strategy.surface.plane	multiple_disconnected_domains	reason.multidomain_decomposition_unproven;cutout.filleted_slot_deferred
face	2565	plane	supported_analytic_template	strategy.surface.plane	concave_simple_region	cutout.filleted_slot_deferred
face	2566	bspline	deferred_residual_surface	reason.deferred_residual_surface	convex_simple_region	mapped.four_sided_candidate;freeform.uv_grid_candidate
face	2567	plane	supported_analytic_template	strategy.surface.plane	concave_simple_region	cutout.filleted_slot_deferred
face	2568	plane	supported_analytic_template	strategy.surface.plane	multiple_disconnected_domains	reason.multidomain_decomposition_unproven;cutout.filleted_slot_deferred
face	2569	plane	supported_analytic_template	strategy.surface.plane	concave_simple_region	cutout.filleted_slot_deferred
face	2570	bspline	deferred_residual_surface	reason.deferred_residual_surface	convex_simple_region	mapped.four_sided_candidate;freeform.uv_grid_candidate
face	2571	plane	supported_analytic_template	strategy.surface.plane	concave_simple_region	cutout.filleted_slot_deferred
face	2572	plane	supported_analytic_template	strategy.surface.plane	multiple_disconnected_domains	reason.multidomain_decomposition_unproven;cutout.filleted_slot_deferred
face	2573	plane	supported_analytic_template	strategy.surface.plane	concave_simple_region	cutout.filleted_slot_deferred
face	2574	bspline	deferred_residual_surface	reason.deferred_residual_surface	convex_simple_region	mapped.four_sided_candidate;freeform.uv_grid_candidate
face	2575	plane	supported_analytic_template	strategy.surface.plane	concave_simple_region	cutout.filleted_slot_deferred
face	2576	plane	supported_analytic_template	strategy.surface.plane	multiple_disconnected_domains	reason.multidomain_decomposition_unproven;cutout.filleted_slot_deferred
face	2577	plane	supported_analytic_template	strategy.surface.plane	concave_simple_region	cutout.filleted_slot_deferred
face	2578	bspline	deferred_residual_surface	reason.deferred_residual_surface	convex_simple_region	mapped.four_sided_candidate;freeform.uv_grid_candidate
face	2579	plane	supported_analytic_template	strategy.surface.plane	concave_simple_region	cutout.filleted_slot_deferred
face	2580	plane	supported_analytic_template	strategy.surface.plane	multiple_disconnected_domains	reason.multidomain_decomposition_unproven;cutout.filleted_slot_deferred
face	2581	plane	supported_analytic_template	strategy.surface.plane	concave_simple_region	cutout.filleted_slot_deferred
face	2582	bspline	deferred_residual_surface	reason.deferred_residual_surface	convex_simple_region	mapped.four_sided_candidate;freeform.uv_grid_candidate
face	2583	plane	supported_analytic_template	strategy.surface.plane	concave_simple_region	cutout.filleted_slot_deferred
face	2584	plane	supported_analytic_template	strategy.surface.plane	multiple_disconnected_domains	reason.multidomain_decomposition_unproven;cutout.filleted_slot_deferred
face	2585	plane	supported_analytic_template	strategy.surface.plane	self_intersecting_or_invalid	cutout.filleted_slot_deferred
face	2586	bspline	deferred_residual_surface	reason.deferred_residual_surface	convex_simple_region	mapped.four_sided_candidate;freeform.uv_grid_candidate
face	2587	plane	supported_analytic_template	strategy.surface.plane	concave_simple_region	cutout.filleted_slot_deferred
face	2588	plane	supported_analytic_template	strategy.surface.plane	multiple_disconnected_domains	reason.multidomain_decomposition_unproven;cutout.filleted_slot_deferred
face	2589	plane	supported_analytic_template	strategy.surface.plane	concave_simple_region	cutout.filleted_slot_deferred
face	2590	bspline	deferred_residual_surface	reason.deferred_residual_surface	convex_simple_region	mapped.four_sided_candidate;freeform.uv_grid_candidate
face	2591	plane	supported_analytic_template	strategy.surface.plane	concave_simple_region	cutout.filleted_slot_deferred
face	2592	bspline	deferred_residual_surface	reason.deferred_residual_surface	convex_simple_region	mapped.four_sided_candidate;freeform.uv_grid_candidate
face	2593	plane	supported_analytic_template	strategy.surface.plane	concave_simple_region	cutout.filleted_slot_deferred
face	2594	plane	supported_analytic_template	strategy.surface.plane	multiple_disconnected_domains	reason.multidomain_decomposition_unproven;cutout.filleted_slot_deferred
face	2595	plane	supported_analytic_template	strategy.surface.plane	concave_simple_region	cutout.filleted_slot_deferred
face	2596	bspline	deferred_residual_surface	reason.deferred_residual_surface	convex_simple_region	mapped.four_sided_candidate;freeform.uv_grid_candidate
face	2597	plane	supported_analytic_template	strategy.surface.plane	concave_simple_region	cutout.filleted_slot_deferred
face	2598	plane	supported_analytic_template	strategy.surface.plane	multiple_disconnected_domains	reason.multidomain_decomposition_unproven;cutout.filleted_slot_deferred
face	2599	plane	supported_analytic_template	strategy.surface.plane	concave_simple_region	cutout.filleted_slot_deferred
face	2600	bspline	deferred_residual_surface	reason.deferred_residual_surface	convex_simple_region	mapped.four_sided_candidate;freeform.uv_grid_candidate
face	2601	plane	supported_analytic_template	strategy.surface.plane	concave_simple_region	cutout.filleted_slot_deferred
face	2602	plane	supported_analytic_template	strategy.surface.plane	multiple_disconnected_domains	reason.multidomain_decomposition_unproven;cutout.filleted_slot_deferred
face	2603	plane	supported_analytic_template	strategy.surface.plane	concave_simple_region	cutout.filleted_slot_deferred
face	2604	bspline	deferred_residual_surface	reason.deferred_residual_surface	convex_simple_region	mapped.four_sided_candidate;freeform.uv_grid_candidate
face	2605	plane	supported_analytic_template	strategy.surface.plane	concave_simple_region	cutout.filleted_slot_deferred
face	2606	plane	supported_analytic_template	strategy.surface.plane	multiple_disconnected_domains	reason.multidomain_decomposition_unproven;cutout.filleted_slot_deferred
face	2607	plane	supported_analytic_template	strategy.surface.plane	concave_simple_region	cutout.filleted_slot_deferred
face	2608	bspline	deferred_residual_surface	reason.deferred_residual_surface	convex_simple_region	mapped.four_sided_candidate;freeform.uv_grid_candidate
face	2609	plane	supported_analytic_template	strategy.surface.plane	concave_simple_region	cutout.filleted_slot_deferred
face	2610	plane	supported_analytic_template	strategy.surface.plane	multiple_disconnected_domains	reason.multidomain_decomposition_unproven;cutout.filleted_slot_deferred
face	2611	plane	supported_analytic_template	strategy.surface.plane	concave_simple_region	cutout.filleted_slot_deferred
face	2612	bspline	deferred_residual_surface	reason.deferred_residual_surface	convex_simple_region	mapped.four_sided_candidate;freeform.uv_grid_candidate
face	2613	plane	supported_analytic_template	strategy.surface.plane	concave_simple_region	cutout.filleted_slot_deferred
face	2614	plane	supported_analytic_template	strategy.surface.plane	multiple_disconnected_domains	reason.multidomain_decomposition_unproven;cutout.filleted_slot_deferred
face	2615	plane	supported_analytic_template	strategy.surface.plane	concave_simple_region	cutout.filleted_slot_deferred
face	2616	bspline	deferred_residual_surface	reason.deferred_residual_surface	convex_simple_region	mapped.four_sided_candidate;freeform.uv_grid_candidate
face	2617	plane	supported_analytic_template	strategy.surface.plane	concave_simple_region	cutout.filleted_slot_deferred
face	2618	plane	supported_analytic_template	strategy.surface.plane	multiple_disconnected_domains	reason.multidomain_decomposition_unproven;cutout.filleted_slot_deferred
face	2619	plane	supported_analytic_template	strategy.surface.plane	concave_simple_region	cutout.filleted_slot_deferred
face	2620	bspline	deferred_residual_surface	reason.deferred_residual_surface	convex_simple_region	mapped.four_sided_candidate;freeform.uv_grid_candidate
face	2621	plane	supported_analytic_template	strategy.surface.plane	concave_simple_region	cutout.filleted_slot_deferred
face	2622	plane	supported_analytic_template	strategy.surface.plane	multiple_disconnected_domains	reason.multidomain_decomposition_unproven;cutout.filleted_slot_deferred
face	2623	plane	supported_analytic_template	strategy.surface.plane	concave_simple_region	cutout.filleted_slot_deferred
face	2624	bspline	deferred_residual_surface	reason.deferred_residual_surface	convex_simple_region	mapped.four_sided_candidate;freeform.uv_grid_candidate
face	2625	bspline	deferred_residual_surface	reason.deferred_residual_surface	convex_simple_region	mapped.four_sided_candidate;freeform.uv_grid_candidate
face	2626	bspline	deferred_residual_surface	reason.deferred_residual_surface	convex_simple_region	mapped.four_sided_candidate;freeform.uv_grid_candidate
face	2627	bspline	deferred_residual_surface	reason.deferred_residual_surface	convex_simple_region	mapped.non_four_sided_deferred;freeform.uv_grid_candidate
face	2628	bspline	deferred_residual_surface	reason.deferred_residual_surface	convex_simple_region	mapped.four_sided_candidate;freeform.uv_grid_candidate
face	2629	bspline	deferred_residual_surface	reason.deferred_residual_surface	convex_simple_region	mapped.four_sided_candidate;freeform.uv_grid_candidate
face	2630	bspline	deferred_residual_surface	reason.deferred_residual_surface	convex_simple_region	mapped.four_sided_candidate;freeform.uv_grid_candidate
face	2631	bspline	deferred_residual_surface	reason.deferred_residual_surface	convex_simple_region	mapped.four_sided_candidate;freeform.uv_grid_candidate
face	2632	bspline	deferred_residual_surface	reason.deferred_residual_surface	convex_simple_region	mapped.four_sided_candidate;freeform.uv_grid_candidate
face	2633	bspline	deferred_residual_surface	reason.deferred_residual_surface	convex_simple_region	mapped.four_sided_candidate;freeform.uv_grid_candidate
face	2634	bspline	deferred_residual_surface	reason.deferred_residual_surface	convex_simple_region	mapped.four_sided_candidate;freeform.uv_grid_candidate
face	2635	bspline	deferred_residual_surface	reason.deferred_residual_surface	convex_simple_region	mapped.four_sided_candidate;freeform.uv_grid_candidate
face	2636	bspline	deferred_residual_surface	reason.deferred_residual_surface	convex_simple_region	mapped.four_sided_candidate;freeform.uv_grid_candidate
face	2637	bspline	deferred_residual_surface	reason.deferred_residual_surface	convex_simple_region	mapped.four_sided_candidate;freeform.uv_grid_candidate
face	2638	bspline	deferred_residual_surface	reason.deferred_residual_surface	convex_simple_region	mapped.four_sided_candidate;freeform.uv_grid_candidate
face	2639	bspline	deferred_residual_surface	reason.deferred_residual_surface	convex_simple_region	mapped.four_sided_candidate;freeform.uv_grid_candidate
face	2640	bspline	deferred_residual_surface	reason.deferred_residual_surface	convex_simple_region	mapped.four_sided_candidate;freeform.uv_grid_candidate
face	2641	bspline	deferred_residual_surface	reason.deferred_residual_surface	convex_simple_region	mapped.four_sided_candidate;freeform.uv_grid_candidate
face	2642	bspline	deferred_residual_surface	reason.deferred_residual_surface	convex_simple_region	mapped.four_sided_candidate;freeform.uv_grid_candidate
face	2643	bspline	deferred_residual_surface	reason.deferred_residual_surface	convex_simple_region	mapped.four_sided_candidate;freeform.uv_grid_candidate
face	2644	bspline	deferred_residual_surface	reason.deferred_residual_surface	convex_simple_region	mapped.four_sided_candidate;freeform.uv_grid_candidate
face	2645	bspline	deferred_residual_surface	reason.deferred_residual_surface	convex_simple_region	mapped.four_sided_candidate;freeform.uv_grid_candidate
face	2646	bspline	deferred_residual_surface	reason.deferred_residual_surface	convex_simple_region	mapped.four_sided_candidate;freeform.uv_grid_candidate
face	2647	bspline	deferred_residual_surface	reason.deferred_residual_surface	convex_simple_region	mapped.four_sided_candidate;freeform.uv_grid_candidate
face	2648	bspline	deferred_residual_surface	reason.deferred_residual_surface	convex_simple_region	mapped.four_sided_candidate;freeform.uv_grid_candidate
face	2649	bspline	deferred_residual_surface	reason.deferred_residual_surface	convex_simple_region	mapped.four_sided_candidate;freeform.uv_grid_candidate
face	2650	bspline	deferred_residual_surface	reason.deferred_residual_surface	convex_simple_region	mapped.four_sided_candidate;freeform.uv_grid_candidate
face	2651	bspline	deferred_residual_surface	reason.deferred_residual_surface	convex_simple_region	mapped.four_sided_candidate;freeform.uv_grid_candidate
face	2652	bspline	deferred_residual_surface	reason.deferred_residual_surface	convex_simple_region	mapped.four_sided_candidate;freeform.uv_grid_candidate
face	2653	bspline	deferred_residual_surface	reason.deferred_residual_surface	convex_simple_region	mapped.four_sided_candidate;freeform.uv_grid_candidate
face	2654	bspline	deferred_residual_surface	reason.deferred_residual_surface	convex_simple_region	mapped.four_sided_candidate;freeform.uv_grid_candidate
face	2655	plane	supported_analytic_template	strategy.surface.plane	multiple_disconnected_domains	reason.multidomain_decomposition_unproven;cutout.filleted_slot_deferred
face	2656	bspline	deferred_residual_surface	reason.deferred_residual_surface	convex_simple_region	mapped.four_sided_candidate;freeform.uv_grid_candidate
face	2657	plane	supported_analytic_template	strategy.surface.plane	multiple_disconnected_domains	reason.multidomain_decomposition_unproven;cutout.filleted_slot_deferred
face	2658	bspline	deferred_residual_surface	reason.deferred_residual_surface	convex_simple_region	mapped.four_sided_candidate;freeform.uv_grid_candidate
face	2659	plane	supported_analytic_template	strategy.surface.plane	multiple_disconnected_domains	reason.multidomain_decomposition_unproven;cutout.filleted_slot_deferred
face	2660	bspline	deferred_residual_surface	reason.deferred_residual_surface	convex_simple_region	mapped.four_sided_candidate;freeform.uv_grid_candidate
face	2661	plane	supported_analytic_template	strategy.surface.plane	multiple_disconnected_domains	reason.multidomain_decomposition_unproven;cutout.filleted_slot_deferred
face	2662	bspline	deferred_residual_surface	reason.deferred_residual_surface	convex_simple_region	mapped.four_sided_candidate;freeform.uv_grid_candidate
face	2663	plane	supported_analytic_template	strategy.surface.plane	multiple_disconnected_domains	reason.multidomain_decomposition_unproven;cutout.filleted_slot_deferred
face	2664	bspline	deferred_residual_surface	reason.deferred_residual_surface	convex_simple_region	mapped.four_sided_candidate;freeform.uv_grid_candidate
face	2665	plane	supported_analytic_template	strategy.surface.plane	multiple_disconnected_domains	reason.multidomain_decomposition_unproven;cutout.filleted_slot_deferred
face	2666	bspline	deferred_residual_surface	reason.deferred_residual_surface	convex_simple_region	mapped.four_sided_candidate;freeform.uv_grid_candidate
face	2667	plane	supported_analytic_template	strategy.surface.plane	multiple_disconnected_domains	reason.multidomain_decomposition_unproven;cutout.filleted_slot_deferred
face	2668	bspline	deferred_residual_surface	reason.deferred_residual_surface	convex_simple_region	mapped.four_sided_candidate;freeform.uv_grid_candidate
face	2669	plane	supported_analytic_template	strategy.surface.plane	multiple_disconnected_domains	reason.multidomain_decomposition_unproven;cutout.filleted_slot_deferred
face	2670	bspline	deferred_residual_surface	reason.deferred_residual_surface	convex_simple_region	mapped.four_sided_candidate;freeform.uv_grid_candidate
face	2671	bspline	deferred_residual_surface	reason.deferred_residual_surface	convex_simple_region	mapped.four_sided_candidate;freeform.uv_grid_candidate
face	2672	plane	supported_analytic_template	strategy.surface.plane	multiple_disconnected_domains	reason.multidomain_decomposition_unproven;cutout.filleted_slot_deferred
face	2673	bspline	deferred_residual_surface	reason.deferred_residual_surface	convex_simple_region	mapped.four_sided_candidate;freeform.uv_grid_candidate
face	2674	plane	supported_analytic_template	strategy.surface.plane	multiple_disconnected_domains	reason.multidomain_decomposition_unproven;cutout.filleted_slot_deferred
face	2675	bspline	deferred_residual_surface	reason.deferred_residual_surface	convex_simple_region	mapped.four_sided_candidate;freeform.uv_grid_candidate
face	2676	plane	supported_analytic_template	strategy.surface.plane	multiple_disconnected_domains	reason.multidomain_decomposition_unproven;cutout.filleted_slot_deferred
face	2677	bspline	deferred_residual_surface	reason.deferred_residual_surface	convex_simple_region	mapped.four_sided_candidate;freeform.uv_grid_candidate
face	2678	plane	supported_analytic_template	strategy.surface.plane	multiple_disconnected_domains	reason.multidomain_decomposition_unproven;cutout.filleted_slot_deferred
face	2679	bspline	deferred_residual_surface	reason.deferred_residual_surface	convex_simple_region	mapped.four_sided_candidate;freeform.uv_grid_candidate
face	2680	plane	supported_analytic_template	strategy.surface.plane	multiple_disconnected_domains	reason.multidomain_decomposition_unproven;cutout.filleted_slot_deferred
face	2681	bspline	deferred_residual_surface	reason.deferred_residual_surface	convex_simple_region	mapped.four_sided_candidate;freeform.uv_grid_candidate
face	2682	plane	supported_analytic_template	strategy.surface.plane	multiple_disconnected_domains	reason.multidomain_decomposition_unproven;cutout.filleted_slot_deferred
face	2683	bspline	deferred_residual_surface	reason.deferred_residual_surface	convex_simple_region	mapped.four_sided_candidate;freeform.uv_grid_candidate
face	2684	plane	supported_analytic_template	strategy.surface.plane	multiple_disconnected_domains	reason.multidomain_decomposition_unproven;cutout.filleted_slot_deferred
face	2685	bspline	deferred_residual_surface	reason.deferred_residual_surface	convex_simple_region	mapped.four_sided_candidate;freeform.uv_grid_candidate
face	2686	plane	supported_analytic_template	strategy.surface.plane	multiple_disconnected_domains	reason.multidomain_decomposition_unproven;cutout.filleted_slot_deferred
face	2687	bspline	deferred_residual_surface	reason.deferred_residual_surface	convex_simple_region	mapped.four_sided_candidate;freeform.uv_grid_candidate
face	2688	plane	supported_analytic_template	strategy.surface.plane	multiple_disconnected_domains	reason.multidomain_decomposition_unproven;cutout.filleted_slot_deferred
face	2689	bspline	deferred_residual_surface	reason.deferred_residual_surface	convex_simple_region	mapped.four_sided_candidate;freeform.uv_grid_candidate
face	2690	bspline	deferred_residual_surface	reason.deferred_residual_surface	convex_simple_region	mapped.four_sided_candidate;freeform.uv_grid_candidate
face	2691	bspline	deferred_residual_surface	reason.deferred_residual_surface	convex_simple_region	mapped.four_sided_candidate;freeform.uv_grid_candidate
face	2692	bspline	deferred_residual_surface	reason.deferred_residual_surface	convex_simple_region	mapped.four_sided_candidate;freeform.uv_grid_candidate
face	2693	bspline	deferred_residual_surface	reason.deferred_residual_surface	convex_simple_region	mapped.non_four_sided_deferred;freeform.uv_grid_candidate
face	2694	bspline	deferred_residual_surface	reason.deferred_residual_surface	convex_simple_region	mapped.non_four_sided_deferred;freeform.uv_grid_candidate
face	2695	bspline	deferred_residual_surface	reason.deferred_residual_surface	convex_simple_region	mapped.non_four_sided_deferred;freeform.uv_grid_candidate
face	2696	bspline	deferred_residual_surface	reason.deferred_residual_surface	convex_simple_region	mapped.four_sided_candidate;freeform.uv_grid_candidate
face	2697	bspline	deferred_residual_surface	reason.deferred_residual_surface	convex_simple_region	mapped.four_sided_candidate;freeform.uv_grid_candidate
face	2698	bspline	deferred_residual_surface	reason.deferred_residual_surface	convex_simple_region	mapped.four_sided_candidate;freeform.uv_grid_candidate
face	2699	bspline	deferred_residual_surface	reason.deferred_residual_surface	convex_simple_region	mapped.non_four_sided_deferred;freeform.uv_grid_candidate
face	2700	bspline	deferred_residual_surface	reason.deferred_residual_surface	convex_simple_region	mapped.non_four_sided_deferred;freeform.uv_grid_candidate
face	2701	bspline	deferred_residual_surface	reason.deferred_residual_surface	convex_simple_region	mapped.four_sided_candidate;freeform.uv_grid_candidate
face	2702	bspline	deferred_residual_surface	reason.deferred_residual_surface	convex_simple_region	mapped.non_four_sided_deferred;freeform.uv_grid_candidate
face	2703	bspline	deferred_residual_surface	reason.deferred_residual_surface	convex_simple_region	mapped.four_sided_candidate;freeform.uv_grid_candidate
face	2704	bspline	deferred_residual_surface	reason.deferred_residual_surface	convex_simple_region	mapped.non_four_sided_deferred;freeform.uv_grid_candidate
face	2705	bspline	deferred_residual_surface	reason.deferred_residual_surface	convex_simple_region	mapped.non_four_sided_deferred;freeform.uv_grid_candidate
face	2706	bspline	deferred_residual_surface	reason.deferred_residual_surface	convex_simple_region	mapped.non_four_sided_deferred;freeform.uv_grid_candidate
face	2707	bspline	deferred_residual_surface	reason.deferred_residual_surface	convex_simple_region	mapped.non_four_sided_deferred;freeform.uv_grid_candidate
face	2708	bspline	deferred_residual_surface	reason.deferred_residual_surface	convex_simple_region	mapped.four_sided_candidate;freeform.uv_grid_candidate
face	2709	bspline	deferred_residual_surface	reason.deferred_residual_surface	convex_simple_region	mapped.four_sided_candidate;freeform.uv_grid_candidate
face	2710	bspline	deferred_residual_surface	reason.deferred_residual_surface	convex_simple_region	mapped.four_sided_candidate;freeform.uv_grid_candidate
face	2711	bspline	deferred_residual_surface	reason.deferred_residual_surface	convex_simple_region	mapped.non_four_sided_deferred;freeform.uv_grid_candidate
face	2712	bspline	deferred_residual_surface	reason.deferred_residual_surface	convex_simple_region	mapped.non_four_sided_deferred;freeform.uv_grid_candidate
face	2713	bspline	deferred_residual_surface	reason.deferred_residual_surface	convex_simple_region	mapped.non_four_sided_deferred;freeform.uv_grid_candidate
face	2714	bspline	deferred_residual_surface	reason.deferred_residual_surface	convex_simple_region	mapped.non_four_sided_deferred;freeform.uv_grid_candidate
face	2715	bspline	deferred_residual_surface	reason.deferred_residual_surface	convex_simple_region	mapped.non_four_sided_deferred;freeform.uv_grid_candidate
face	2716	bspline	deferred_residual_surface	reason.deferred_residual_surface	convex_simple_region	mapped.non_four_sided_deferred;freeform.uv_grid_candidate
face	2717	bspline	deferred_residual_surface	reason.deferred_residual_surface	convex_simple_region	mapped.non_four_sided_deferred;freeform.uv_grid_candidate
face	2718	bspline	deferred_residual_surface	reason.deferred_residual_surface	convex_simple_region	mapped.four_sided_candidate;freeform.uv_grid_candidate
face	2719	bspline	deferred_residual_surface	reason.deferred_residual_surface	convex_simple_region	mapped.non_four_sided_deferred;freeform.uv_grid_candidate
face	2720	bspline	deferred_residual_surface	reason.deferred_residual_surface	convex_simple_region	mapped.four_sided_candidate;freeform.uv_grid_candidate
face	2721	bspline	deferred_residual_surface	reason.deferred_residual_surface	convex_simple_region	mapped.four_sided_candidate;freeform.uv_grid_candidate
face	2722	bspline	deferred_residual_surface	reason.deferred_residual_surface	convex_simple_region	mapped.four_sided_candidate;freeform.uv_grid_candidate
face	2723	bspline	deferred_residual_surface	reason.deferred_residual_surface	convex_simple_region	mapped.four_sided_candidate;freeform.uv_grid_candidate
face	2724	bspline	deferred_residual_surface	reason.deferred_residual_surface	convex_simple_region	mapped.four_sided_candidate;freeform.uv_grid_candidate
face	2725	bspline	deferred_residual_surface	reason.deferred_residual_surface	convex_simple_region	mapped.four_sided_candidate;freeform.uv_grid_candidate
face	2726	bspline	deferred_residual_surface	reason.deferred_residual_surface	convex_simple_region	mapped.non_four_sided_deferred;freeform.uv_grid_candidate
face	2727	plane	supported_analytic_template	strategy.surface.plane	multiple_disconnected_domains	reason.multidomain_decomposition_unproven;cutout.filleted_slot_deferred
face	2728	plane	supported_analytic_template	strategy.surface.plane	multiple_disconnected_domains	reason.multidomain_decomposition_unproven;cutout.filleted_slot_deferred
face	2729	bspline	deferred_residual_surface	reason.deferred_residual_surface	convex_simple_region	mapped.four_sided_candidate;freeform.uv_grid_candidate
face	2730	bspline	deferred_residual_surface	reason.deferred_residual_surface	convex_simple_region	mapped.non_four_sided_deferred;freeform.uv_grid_candidate
face	2731	bspline	deferred_residual_surface	reason.deferred_residual_surface	convex_simple_region	mapped.four_sided_candidate;freeform.uv_grid_candidate
face	2732	plane	supported_analytic_template	strategy.surface.plane	multiple_disconnected_domains	reason.multidomain_decomposition_unproven;cutout.filleted_slot_deferred
face	2733	plane	supported_analytic_template	strategy.surface.plane	multiple_disconnected_domains	reason.multidomain_decomposition_unproven;cutout.filleted_slot_deferred
face	2734	bspline	deferred_residual_surface	reason.deferred_residual_surface	convex_simple_region	mapped.four_sided_candidate;freeform.uv_grid_candidate
face	2735	bspline	deferred_residual_surface	reason.deferred_residual_surface	convex_simple_region	mapped.four_sided_candidate;freeform.uv_grid_candidate
face	2736	bspline	deferred_residual_surface	reason.deferred_residual_surface	convex_simple_region	mapped.four_sided_candidate;freeform.uv_grid_candidate
face	2737	bspline	deferred_residual_surface	reason.deferred_residual_surface	convex_simple_region	mapped.non_four_sided_deferred;freeform.uv_grid_candidate
face	2738	bspline	deferred_residual_surface	reason.deferred_residual_surface	convex_simple_region	mapped.four_sided_candidate;freeform.uv_grid_candidate
face	2739	bspline	deferred_residual_surface	reason.deferred_residual_surface	convex_simple_region	mapped.four_sided_candidate;freeform.uv_grid_candidate
face	2740	bspline	deferred_residual_surface	reason.deferred_residual_surface	convex_simple_region	mapped.non_four_sided_deferred;freeform.uv_grid_candidate
face	2741	bspline	deferred_residual_surface	reason.deferred_residual_surface	convex_simple_region	mapped.four_sided_candidate;freeform.uv_grid_candidate
face	2742	bspline	deferred_residual_surface	reason.deferred_residual_surface	convex_simple_region	mapped.four_sided_candidate;freeform.uv_grid_candidate
face	2743	bspline	deferred_residual_surface	reason.deferred_residual_surface	convex_simple_region	mapped.four_sided_candidate;freeform.uv_grid_candidate
face	2744	bspline	deferred_residual_surface	reason.deferred_residual_surface	convex_simple_region	mapped.four_sided_candidate;freeform.uv_grid_candidate
face	2745	bspline	deferred_residual_surface	reason.deferred_residual_surface	convex_simple_region	mapped.four_sided_candidate;freeform.uv_grid_candidate
face	2746	bspline	deferred_residual_surface	reason.deferred_residual_surface	convex_simple_region	mapped.four_sided_candidate;freeform.uv_grid_candidate
face	2747	bspline	deferred_residual_surface	reason.deferred_residual_surface	convex_simple_region	mapped.non_four_sided_deferred;freeform.uv_grid_candidate
face	2748	bspline	deferred_residual_surface	reason.deferred_residual_surface	convex_simple_region	mapped.four_sided_candidate;freeform.uv_grid_candidate
face	2749	bspline	deferred_residual_surface	reason.deferred_residual_surface	convex_simple_region	mapped.four_sided_candidate;freeform.uv_grid_candidate
face	2750	bspline	deferred_residual_surface	reason.deferred_residual_surface	convex_simple_region	mapped.four_sided_candidate;freeform.uv_grid_candidate
face	2751	bspline	deferred_residual_surface	reason.deferred_residual_surface	convex_simple_region	mapped.four_sided_candidate;freeform.uv_grid_candidate
face	2752	bspline	deferred_residual_surface	reason.deferred_residual_surface	convex_simple_region	mapped.four_sided_candidate;freeform.uv_grid_candidate
face	2753	bspline	deferred_residual_surface	reason.deferred_residual_surface	convex_simple_region	mapped.four_sided_candidate;freeform.uv_grid_candidate
face	2754	bspline	deferred_residual_surface	reason.deferred_residual_surface	convex_simple_region	mapped.four_sided_candidate;freeform.uv_grid_candidate
face	2755	bspline	deferred_residual_surface	reason.deferred_residual_surface	convex_simple_region	mapped.four_sided_candidate;freeform.uv_grid_candidate
face	2756	bspline	deferred_residual_surface	reason.deferred_residual_surface	convex_simple_region	mapped.four_sided_candidate;freeform.uv_grid_candidate
face	2757	bspline	deferred_residual_surface	reason.deferred_residual_surface	convex_simple_region	mapped.four_sided_candidate;freeform.uv_grid_candidate
face	2758	bspline	deferred_residual_surface	reason.deferred_residual_surface	convex_simple_region	mapped.four_sided_candidate;freeform.uv_grid_candidate
face	2759	bspline	deferred_residual_surface	reason.deferred_residual_surface	convex_simple_region	mapped.four_sided_candidate;freeform.uv_grid_candidate
face	2760	bspline	deferred_residual_surface	reason.deferred_residual_surface	convex_simple_region	mapped.four_sided_candidate;freeform.uv_grid_candidate
face	2761	bspline	deferred_residual_surface	reason.deferred_residual_surface	convex_simple_region	mapped.four_sided_candidate;freeform.uv_grid_candidate
face	2762	bspline	deferred_residual_surface	reason.deferred_residual_surface	convex_simple_region	mapped.four_sided_candidate;freeform.uv_grid_candidate
face	2763	bspline	deferred_residual_surface	reason.deferred_residual_surface	convex_simple_region	mapped.four_sided_candidate;freeform.uv_grid_candidate
face	2764	bspline	deferred_residual_surface	reason.deferred_residual_surface	convex_simple_region	mapped.four_sided_candidate;freeform.uv_grid_candidate
face	2765	bspline	deferred_residual_surface	reason.deferred_residual_surface	convex_simple_region	mapped.four_sided_candidate;freeform.uv_grid_candidate
face	2766	bspline	deferred_residual_surface	reason.deferred_residual_surface	convex_simple_region	mapped.four_sided_candidate;freeform.uv_grid_candidate
face	2767	bspline	deferred_residual_surface	reason.deferred_residual_surface	convex_simple_region	mapped.four_sided_candidate;freeform.uv_grid_candidate
face	2768	bspline	deferred_residual_surface	reason.deferred_residual_surface	convex_simple_region	mapped.four_sided_candidate;freeform.uv_grid_candidate
face	2769	bspline	deferred_residual_surface	reason.deferred_residual_surface	convex_simple_region	mapped.four_sided_candidate;freeform.uv_grid_candidate
face	2770	bspline	deferred_residual_surface	reason.deferred_residual_surface	convex_simple_region	mapped.four_sided_candidate;freeform.uv_grid_candidate
face	2771	bspline	deferred_residual_surface	reason.deferred_residual_surface	convex_simple_region	mapped.four_sided_candidate;freeform.uv_grid_candidate
face	2772	bspline	deferred_residual_surface	reason.deferred_residual_surface	convex_simple_region	mapped.four_sided_candidate;freeform.uv_grid_candidate
face	2773	bspline	deferred_residual_surface	reason.deferred_residual_surface	convex_simple_region	mapped.four_sided_candidate;freeform.uv_grid_candidate
face	2774	bspline	deferred_residual_surface	reason.deferred_residual_surface	convex_simple_region	mapped.four_sided_candidate;freeform.uv_grid_candidate
face	2775	bspline	deferred_residual_surface	reason.deferred_residual_surface	convex_simple_region	mapped.four_sided_candidate;freeform.uv_grid_candidate
face	2776	bspline	deferred_residual_surface	reason.deferred_residual_surface	convex_simple_region	mapped.four_sided_candidate;freeform.uv_grid_candidate
face	2777	bspline	deferred_residual_surface	reason.deferred_residual_surface	convex_simple_region	mapped.four_sided_candidate;freeform.uv_grid_candidate
face	2778	bspline	deferred_residual_surface	reason.deferred_residual_surface	convex_simple_region	mapped.four_sided_candidate;freeform.uv_grid_candidate
face	2779	bspline	deferred_residual_surface	reason.deferred_residual_surface	convex_simple_region	mapped.four_sided_candidate;freeform.uv_grid_candidate
face	2780	bspline	deferred_residual_surface	reason.deferred_residual_surface	convex_simple_region	mapped.four_sided_candidate;freeform.uv_grid_candidate
face	2781	bspline	deferred_residual_surface	reason.deferred_residual_surface	convex_simple_region	mapped.four_sided_candidate;freeform.uv_grid_candidate
face	2782	bspline	deferred_residual_surface	reason.deferred_residual_surface	convex_simple_region	mapped.four_sided_candidate;freeform.uv_grid_candidate
face	2783	bspline	deferred_residual_surface	reason.deferred_residual_surface	convex_simple_region	mapped.four_sided_candidate;freeform.uv_grid_candidate
face	2784	bspline	deferred_residual_surface	reason.deferred_residual_surface	convex_simple_region	mapped.four_sided_candidate;freeform.uv_grid_candidate
face	2785	bspline	deferred_residual_surface	reason.deferred_residual_surface	convex_simple_region	mapped.four_sided_candidate;freeform.uv_grid_candidate
face	2786	bspline	deferred_residual_surface	reason.deferred_residual_surface	convex_simple_region	mapped.four_sided_candidate;freeform.uv_grid_candidate
face	2787	bspline	deferred_residual_surface	reason.deferred_residual_surface	convex_simple_region	mapped.four_sided_candidate;freeform.uv_grid_candidate
face	2788	bspline	deferred_residual_surface	reason.deferred_residual_surface	convex_simple_region	mapped.four_sided_candidate;freeform.uv_grid_candidate
face	2789	bspline	deferred_residual_surface	reason.deferred_residual_surface	convex_simple_region	mapped.four_sided_candidate;freeform.uv_grid_candidate
face	2790	bspline	deferred_residual_surface	reason.deferred_residual_surface	convex_simple_region	mapped.four_sided_candidate;freeform.uv_grid_candidate
face	2791	bspline	deferred_residual_surface	reason.deferred_residual_surface	convex_simple_region	mapped.four_sided_candidate;freeform.uv_grid_candidate
face	2792	bspline	deferred_residual_surface	reason.deferred_residual_surface	convex_simple_region	mapped.four_sided_candidate;freeform.uv_grid_candidate
face	2793	bspline	deferred_residual_surface	reason.deferred_residual_surface	convex_simple_region	mapped.four_sided_candidate;freeform.uv_grid_candidate
face	2794	bspline	deferred_residual_surface	reason.deferred_residual_surface	convex_simple_region	mapped.four_sided_candidate;freeform.uv_grid_candidate
face	2795	bspline	deferred_residual_surface	reason.deferred_residual_surface	convex_simple_region	mapped.four_sided_candidate;freeform.uv_grid_candidate
face	2796	bspline	deferred_residual_surface	reason.deferred_residual_surface	convex_simple_region	mapped.four_sided_candidate;freeform.uv_grid_candidate
face	2797	bspline	deferred_residual_surface	reason.deferred_residual_surface	convex_simple_region	mapped.four_sided_candidate;freeform.uv_grid_candidate
face	2798	bspline	deferred_residual_surface	reason.deferred_residual_surface	convex_simple_region	mapped.four_sided_candidate;freeform.uv_grid_candidate
face	2799	bspline	deferred_residual_surface	reason.deferred_residual_surface	convex_simple_region	mapped.four_sided_candidate;freeform.uv_grid_candidate
face	2800	bspline	deferred_residual_surface	reason.deferred_residual_surface	convex_simple_region	mapped.four_sided_candidate;freeform.uv_grid_candidate
face	2801	bspline	deferred_residual_surface	reason.deferred_residual_surface	convex_simple_region	mapped.four_sided_candidate;freeform.uv_grid_candidate
face	2802	bspline	deferred_residual_surface	reason.deferred_residual_surface	convex_simple_region	mapped.four_sided_candidate;freeform.uv_grid_candidate
face	2803	bspline	deferred_residual_surface	reason.deferred_residual_surface	convex_simple_region	mapped.four_sided_candidate;freeform.uv_grid_candidate
face	2804	bspline	deferred_residual_surface	reason.deferred_residual_surface	convex_simple_region	mapped.non_four_sided_deferred;freeform.uv_grid_candidate
face	2805	bspline	deferred_residual_surface	reason.deferred_residual_surface	convex_simple_region	mapped.four_sided_candidate;freeform.uv_grid_candidate
face	2806	bspline	deferred_residual_surface	reason.deferred_residual_surface	convex_simple_region	mapped.four_sided_candidate;freeform.uv_grid_candidate
face	2807	bspline	deferred_residual_surface	reason.deferred_residual_surface	convex_simple_region	mapped.four_sided_candidate;freeform.uv_grid_candidate
face	2808	bspline	deferred_residual_surface	reason.deferred_residual_surface	convex_simple_region	mapped.four_sided_candidate;freeform.uv_grid_candidate
face	2809	bspline	deferred_residual_surface	reason.deferred_residual_surface	convex_simple_region	mapped.four_sided_candidate;freeform.uv_grid_candidate
face	2810	bspline	deferred_residual_surface	reason.deferred_residual_surface	convex_simple_region	mapped.four_sided_candidate;freeform.uv_grid_candidate
face	2811	bspline	deferred_residual_surface	reason.deferred_residual_surface	convex_simple_region	mapped.four_sided_candidate;freeform.uv_grid_candidate
face	2812	bspline	deferred_residual_surface	reason.deferred_residual_surface	convex_simple_region	mapped.four_sided_candidate;freeform.uv_grid_candidate
face	2813	bspline	deferred_residual_surface	reason.deferred_residual_surface	convex_simple_region	mapped.four_sided_candidate;freeform.uv_grid_candidate
face	2814	bspline	deferred_residual_surface	reason.deferred_residual_surface	convex_simple_region	mapped.four_sided_candidate;freeform.uv_grid_candidate
face	2815	bspline	deferred_residual_surface	reason.deferred_residual_surface	convex_simple_region	mapped.four_sided_candidate;freeform.uv_grid_candidate
face	2816	bspline	deferred_residual_surface	reason.deferred_residual_surface	convex_simple_region	mapped.four_sided_candidate;freeform.uv_grid_candidate
face	2817	bspline	deferred_residual_surface	reason.deferred_residual_surface	convex_simple_region	mapped.four_sided_candidate;freeform.uv_grid_candidate
face	2818	bspline	deferred_residual_surface	reason.deferred_residual_surface	convex_simple_region	mapped.four_sided_candidate;freeform.uv_grid_candidate
face	2819	bspline	deferred_residual_surface	reason.deferred_residual_surface	convex_simple_region	mapped.four_sided_candidate;freeform.uv_grid_candidate
face	2820	bspline	deferred_residual_surface	reason.deferred_residual_surface	convex_simple_region	mapped.four_sided_candidate;freeform.uv_grid_candidate
face	2821	bspline	deferred_residual_surface	reason.deferred_residual_surface	convex_simple_region	mapped.four_sided_candidate;freeform.uv_grid_candidate
face	2822	bspline	deferred_residual_surface	reason.deferred_residual_surface	convex_simple_region	mapped.four_sided_candidate;freeform.uv_grid_candidate
face	2823	bspline	deferred_residual_surface	reason.deferred_residual_surface	convex_simple_region	mapped.four_sided_candidate;freeform.uv_grid_candidate
face	2824	bspline	deferred_residual_surface	reason.deferred_residual_surface	convex_simple_region	mapped.four_sided_candidate;freeform.uv_grid_candidate
face	2825	bspline	deferred_residual_surface	reason.deferred_residual_surface	convex_simple_region	mapped.four_sided_candidate;freeform.uv_grid_candidate
face	2826	bspline	deferred_residual_surface	reason.deferred_residual_surface	convex_simple_region	mapped.four_sided_candidate;freeform.uv_grid_candidate
face	2827	bspline	deferred_residual_surface	reason.deferred_residual_surface	convex_simple_region	mapped.four_sided_candidate;freeform.uv_grid_candidate
face	2828	bspline	deferred_residual_surface	reason.deferred_residual_surface	convex_simple_region	mapped.four_sided_candidate;freeform.uv_grid_candidate
face	2829	bspline	deferred_residual_surface	reason.deferred_residual_surface	convex_simple_region	mapped.four_sided_candidate;freeform.uv_grid_candidate
face	2830	bspline	deferred_residual_surface	reason.deferred_residual_surface	convex_simple_region	mapped.four_sided_candidate;freeform.uv_grid_candidate
face	2831	bspline	deferred_residual_surface	reason.deferred_residual_surface	convex_simple_region	mapped.four_sided_candidate;freeform.uv_grid_candidate
face	2832	bspline	deferred_residual_surface	reason.deferred_residual_surface	convex_simple_region	mapped.four_sided_candidate;freeform.uv_grid_candidate
face	2833	bspline	deferred_residual_surface	reason.deferred_residual_surface	convex_simple_region	mapped.four_sided_candidate;freeform.uv_grid_candidate
face	2834	bspline	deferred_residual_surface	reason.deferred_residual_surface	convex_simple_region	mapped.four_sided_candidate;freeform.uv_grid_candidate
face	2835	bspline	deferred_residual_surface	reason.deferred_residual_surface	convex_simple_region	mapped.four_sided_candidate;freeform.uv_grid_candidate
face	2836	bspline	deferred_residual_surface	reason.deferred_residual_surface	convex_simple_region	mapped.four_sided_candidate;freeform.uv_grid_candidate
face	2837	bspline	deferred_residual_surface	reason.deferred_residual_surface	convex_simple_region	mapped.four_sided_candidate;freeform.uv_grid_candidate
face	2838	bspline	deferred_residual_surface	reason.deferred_residual_surface	convex_simple_region	mapped.four_sided_candidate;freeform.uv_grid_candidate
face	2839	bspline	deferred_residual_surface	reason.deferred_residual_surface	convex_simple_region	mapped.four_sided_candidate;freeform.uv_grid_candidate
face	2840	bspline	deferred_residual_surface	reason.deferred_residual_surface	convex_simple_region	mapped.four_sided_candidate;freeform.uv_grid_candidate
face	2841	bspline	deferred_residual_surface	reason.deferred_residual_surface	convex_simple_region	mapped.four_sided_candidate;freeform.uv_grid_candidate
face	2842	bspline	deferred_residual_surface	reason.deferred_residual_surface	convex_simple_region	mapped.four_sided_candidate;freeform.uv_grid_candidate
face	2843	bspline	deferred_residual_surface	reason.deferred_residual_surface	convex_simple_region	mapped.four_sided_candidate;freeform.uv_grid_candidate
face	2844	bspline	deferred_residual_surface	reason.deferred_residual_surface	convex_simple_region	mapped.four_sided_candidate;freeform.uv_grid_candidate
face	2845	bspline	deferred_residual_surface	reason.deferred_residual_surface	convex_simple_region	mapped.four_sided_candidate;freeform.uv_grid_candidate
face	2846	bspline	deferred_residual_surface	reason.deferred_residual_surface	convex_simple_region	mapped.four_sided_candidate;freeform.uv_grid_candidate
face	2847	bspline	deferred_residual_surface	reason.deferred_residual_surface	convex_simple_region	mapped.four_sided_candidate;freeform.uv_grid_candidate
face	2848	bspline	deferred_residual_surface	reason.deferred_residual_surface	convex_simple_region	mapped.four_sided_candidate;freeform.uv_grid_candidate
face	2849	bspline	deferred_residual_surface	reason.deferred_residual_surface	convex_simple_region	mapped.four_sided_candidate;freeform.uv_grid_candidate
face	2850	bspline	deferred_residual_surface	reason.deferred_residual_surface	convex_simple_region	mapped.four_sided_candidate;freeform.uv_grid_candidate
face	2851	bspline	deferred_residual_surface	reason.deferred_residual_surface	convex_simple_region	mapped.four_sided_candidate;freeform.uv_grid_candidate
face	2852	bspline	deferred_residual_surface	reason.deferred_residual_surface	convex_simple_region	mapped.four_sided_candidate;freeform.uv_grid_candidate
face	2853	bspline	deferred_residual_surface	reason.deferred_residual_surface	convex_simple_region	mapped.four_sided_candidate;freeform.uv_grid_candidate
face	2854	bspline	deferred_residual_surface	reason.deferred_residual_surface	convex_simple_region	mapped.four_sided_candidate;freeform.uv_grid_candidate
face	2855	bspline	deferred_residual_surface	reason.deferred_residual_surface	convex_simple_region	mapped.four_sided_candidate;freeform.uv_grid_candidate
face	2856	bspline	deferred_residual_surface	reason.deferred_residual_surface	convex_simple_region	mapped.four_sided_candidate;freeform.uv_grid_candidate
face	2857	bspline	deferred_residual_surface	reason.deferred_residual_surface	convex_simple_region	mapped.four_sided_candidate;freeform.uv_grid_candidate
face	2858	bspline	deferred_residual_surface	reason.deferred_residual_surface	convex_simple_region	mapped.four_sided_candidate;freeform.uv_grid_candidate
face	2859	bspline	deferred_residual_surface	reason.deferred_residual_surface	convex_simple_region	mapped.four_sided_candidate;freeform.uv_grid_candidate
face	2860	bspline	deferred_residual_surface	reason.deferred_residual_surface	convex_simple_region	mapped.four_sided_candidate;freeform.uv_grid_candidate
face	2861	bspline	deferred_residual_surface	reason.deferred_residual_surface	convex_simple_region	mapped.four_sided_candidate;freeform.uv_grid_candidate
face	2862	bspline	deferred_residual_surface	reason.deferred_residual_surface	convex_simple_region	mapped.four_sided_candidate;freeform.uv_grid_candidate
face	2863	bspline	deferred_residual_surface	reason.deferred_residual_surface	convex_simple_region	mapped.four_sided_candidate;freeform.uv_grid_candidate
face	2864	bspline	deferred_residual_surface	reason.deferred_residual_surface	convex_simple_region	mapped.four_sided_candidate;freeform.uv_grid_candidate
face	2865	bspline	deferred_residual_surface	reason.deferred_residual_surface	convex_simple_region	mapped.four_sided_candidate;freeform.uv_grid_candidate
face	2866	bspline	deferred_residual_surface	reason.deferred_residual_surface	convex_simple_region	mapped.four_sided_candidate;freeform.uv_grid_candidate
face	2867	bspline	deferred_residual_surface	reason.deferred_residual_surface	convex_simple_region	mapped.four_sided_candidate;freeform.uv_grid_candidate
face	2868	bspline	deferred_residual_surface	reason.deferred_residual_surface	convex_simple_region	mapped.four_sided_candidate;freeform.uv_grid_candidate
face	2869	bspline	deferred_residual_surface	reason.deferred_residual_surface	convex_simple_region	mapped.four_sided_candidate;freeform.uv_grid_candidate
face	2870	bspline	deferred_residual_surface	reason.deferred_residual_surface	convex_simple_region	mapped.four_sided_candidate;freeform.uv_grid_candidate
face	2871	bspline	deferred_residual_surface	reason.deferred_residual_surface	convex_simple_region	mapped.four_sided_candidate;freeform.uv_grid_candidate
face	2872	bspline	deferred_residual_surface	reason.deferred_residual_surface	convex_simple_region	mapped.four_sided_candidate;freeform.uv_grid_candidate
face	2873	bspline	deferred_residual_surface	reason.deferred_residual_surface	convex_simple_region	mapped.four_sided_candidate;freeform.uv_grid_candidate
face	2874	bspline	deferred_residual_surface	reason.deferred_residual_surface	convex_simple_region	mapped.four_sided_candidate;freeform.uv_grid_candidate
face	2875	bspline	deferred_residual_surface	reason.deferred_residual_surface	convex_simple_region	mapped.four_sided_candidate;freeform.uv_grid_candidate
face	2876	bspline	deferred_residual_surface	reason.deferred_residual_surface	convex_simple_region	mapped.four_sided_candidate;freeform.uv_grid_candidate
face	2877	bspline	deferred_residual_surface	reason.deferred_residual_surface	convex_simple_region	mapped.four_sided_candidate;freeform.uv_grid_candidate
face	2878	bspline	deferred_residual_surface	reason.deferred_residual_surface	convex_simple_region	mapped.four_sided_candidate;freeform.uv_grid_candidate
face	2879	bspline	deferred_residual_surface	reason.deferred_residual_surface	convex_simple_region	mapped.four_sided_candidate;freeform.uv_grid_candidate
face	2880	bspline	deferred_residual_surface	reason.deferred_residual_surface	convex_simple_region	mapped.four_sided_candidate;freeform.uv_grid_candidate
face	2881	bspline	deferred_residual_surface	reason.deferred_residual_surface	convex_simple_region	mapped.four_sided_candidate;freeform.uv_grid_candidate
face	2882	bspline	deferred_residual_surface	reason.deferred_residual_surface	convex_simple_region	mapped.four_sided_candidate;freeform.uv_grid_candidate
face	2883	bspline	deferred_residual_surface	reason.deferred_residual_surface	convex_simple_region	mapped.four_sided_candidate;freeform.uv_grid_candidate
face	2884	bspline	deferred_residual_surface	reason.deferred_residual_surface	convex_simple_region	mapped.four_sided_candidate;freeform.uv_grid_candidate
face	2885	bspline	deferred_residual_surface	reason.deferred_residual_surface	convex_simple_region	mapped.non_four_sided_deferred;freeform.uv_grid_candidate
face	2886	bspline	deferred_residual_surface	reason.deferred_residual_surface	convex_simple_region	mapped.four_sided_candidate;freeform.uv_grid_candidate
face	2887	plane	supported_analytic_template	strategy.surface.plane	concave_simple_region	cutout.filleted_slot_deferred
face	2888	cylinder	deferred_residual_surface	reason.deferred_residual_surface	full_periodic_with_cap_boundaries	u_periodic;cutout.cylindrical_bore;cutout.multi_bore_cylinder_deferred;cutout.filleted_slot_deferred
face	2889	cylinder	deferred_residual_surface	reason.deferred_residual_surface	full_periodic_with_cap_boundaries	u_periodic;cutout.cylindrical_bore;cutout.multi_bore_cylinder_deferred;cutout.filleted_slot_deferred
face	2890	plane	supported_analytic_template	strategy.surface.plane	convex_simple_region	cutout.filleted_slot_deferred
face	2891	plane	supported_analytic_template	strategy.surface.plane	concave_simple_region	cutout.filleted_slot_deferred
face	2892	plane	supported_analytic_template	strategy.surface.plane	convex_simple_region	cutout.filleted_slot_deferred
face	2893	bspline	deferred_residual_surface	reason.deferred_residual_surface	convex_simple_region	mapped.four_sided_candidate;freeform.uv_grid_candidate
face	2894	bspline	deferred_residual_surface	reason.deferred_residual_surface	convex_simple_region	mapped.four_sided_candidate;freeform.uv_grid_candidate
face	2895	bspline	deferred_residual_surface	reason.deferred_residual_surface	convex_simple_region	mapped.four_sided_candidate;freeform.uv_grid_candidate
face	2896	bspline	deferred_residual_surface	reason.deferred_residual_surface	convex_simple_region	mapped.four_sided_candidate;freeform.uv_grid_candidate
face	2897	bspline	deferred_residual_surface	reason.deferred_residual_surface	convex_simple_region	mapped.four_sided_candidate;freeform.uv_grid_candidate
face	2898	bspline	deferred_residual_surface	reason.deferred_residual_surface	convex_simple_region	mapped.four_sided_candidate;freeform.uv_grid_candidate
face	2899	bspline	deferred_residual_surface	reason.deferred_residual_surface	convex_simple_region	mapped.four_sided_candidate;freeform.uv_grid_candidate
face	2900	bspline	deferred_residual_surface	reason.deferred_residual_surface	convex_simple_region	mapped.four_sided_candidate;freeform.uv_grid_candidate
face	2901	bspline	deferred_residual_surface	reason.deferred_residual_surface	convex_simple_region	mapped.four_sided_candidate;freeform.uv_grid_candidate
face	2902	bspline	deferred_residual_surface	reason.deferred_residual_surface	convex_simple_region	mapped.four_sided_candidate;freeform.uv_grid_candidate
face	2903	bspline	deferred_residual_surface	reason.deferred_residual_surface	convex_simple_region	mapped.non_four_sided_deferred;freeform.uv_grid_candidate
face	2904	bspline	deferred_residual_surface	reason.deferred_residual_surface	convex_simple_region	mapped.four_sided_candidate;freeform.uv_grid_candidate
face	2905	bspline	deferred_residual_surface	reason.deferred_residual_surface	convex_simple_region	mapped.four_sided_candidate;freeform.uv_grid_candidate
face	2906	bspline	deferred_residual_surface	reason.deferred_residual_surface	convex_simple_region	mapped.four_sided_candidate;freeform.uv_grid_candidate
face	2907	bspline	deferred_residual_surface	reason.deferred_residual_surface	convex_simple_region	mapped.four_sided_candidate;freeform.uv_grid_candidate
face	2908	bspline	deferred_residual_surface	reason.deferred_residual_surface	convex_simple_region	mapped.four_sided_candidate;freeform.uv_grid_candidate
face	2909	bspline	deferred_residual_surface	reason.deferred_residual_surface	convex_simple_region	mapped.four_sided_candidate;freeform.uv_grid_candidate
face	2910	bspline	deferred_residual_surface	reason.deferred_residual_surface	convex_simple_region	mapped.four_sided_candidate;freeform.uv_grid_candidate
face	2911	bspline	deferred_residual_surface	reason.deferred_residual_surface	convex_simple_region	mapped.four_sided_candidate;freeform.uv_grid_candidate
face	2912	bspline	deferred_residual_surface	reason.deferred_residual_surface	convex_simple_region	mapped.four_sided_candidate;freeform.uv_grid_candidate
face	2913	bspline	deferred_residual_surface	reason.deferred_residual_surface	convex_simple_region	mapped.four_sided_candidate;freeform.uv_grid_candidate
face	2914	cylinder	deferred_residual_surface	reason.deferred_residual_surface	full_periodic_with_cap_boundaries	u_periodic;cutout.cylindrical_bore;cutout.multi_bore_cylinder_deferred;cutout.filleted_slot_deferred
face	2915	cylinder	deferred_residual_surface	reason.deferred_residual_surface	full_periodic_with_cap_boundaries	u_periodic;cutout.cylindrical_bore;cutout.multi_bore_cylinder_deferred;cutout.filleted_slot_deferred
face	2916	plane	supported_analytic_template	strategy.surface.plane	multiple_disconnected_domains	reason.multidomain_decomposition_unproven;cutout.filleted_slot_deferred
face	2917	plane	supported_analytic_template	strategy.surface.plane	multiple_disconnected_domains	reason.multidomain_decomposition_unproven;cutout.filleted_slot_deferred
face	2918	plane	supported_analytic_template	strategy.surface.plane	multiple_disconnected_domains	reason.multidomain_decomposition_unproven;cutout.filleted_slot_deferred
face	2919	bspline	deferred_residual_surface	reason.deferred_residual_surface	convex_simple_region	mapped.four_sided_candidate;freeform.uv_grid_candidate
face	2920	bspline	deferred_residual_surface	reason.deferred_residual_surface	convex_simple_region	mapped.four_sided_candidate;freeform.uv_grid_candidate
face	2921	bspline	deferred_residual_surface	reason.deferred_residual_surface	convex_simple_region	mapped.four_sided_candidate;freeform.uv_grid_candidate
face	2922	bspline	deferred_residual_surface	reason.deferred_residual_surface	convex_simple_region	mapped.four_sided_candidate;freeform.uv_grid_candidate
face	2923	bspline	deferred_residual_surface	reason.deferred_residual_surface	convex_simple_region	mapped.four_sided_candidate;freeform.uv_grid_candidate
face	2924	bspline	deferred_residual_surface	reason.deferred_residual_surface	convex_simple_region	mapped.four_sided_candidate;freeform.uv_grid_candidate
face	2925	cylinder	deferred_residual_surface	reason.deferred_residual_surface	full_periodic_with_cap_boundaries	u_periodic;cutout.cylindrical_bore;cutout.multi_bore_cylinder_deferred;cutout.filleted_slot_deferred
face	2926	torus	deferred_residual_surface	reason.deferred_residual_surface	full_periodic_with_cap_boundaries	u_periodic;v_periodic
face	2927	cylinder	deferred_residual_surface	reason.deferred_residual_surface	full_periodic_with_cap_boundaries	u_periodic;cutout.cylindrical_bore;cutout.multi_bore_cylinder_deferred;cutout.filleted_slot_deferred
face	2928	torus	deferred_residual_surface	reason.deferred_residual_surface	full_periodic_with_cap_boundaries	u_periodic;v_periodic
face	2929	cylinder	deferred_residual_surface	reason.deferred_residual_surface	full_periodic_with_cap_boundaries	u_periodic;cutout.cylindrical_bore;cutout.multi_bore_cylinder_deferred;cutout.filleted_slot_deferred
face	2930	torus	deferred_residual_surface	reason.deferred_residual_surface	full_periodic_with_cap_boundaries	u_periodic;v_periodic
face	2931	cylinder	deferred_residual_surface	reason.deferred_residual_surface	full_periodic_with_cap_boundaries	u_periodic;cutout.cylindrical_bore;cutout.multi_bore_cylinder_deferred;cutout.filleted_slot_deferred
face	2932	cylinder	deferred_residual_surface	reason.deferred_residual_surface	full_periodic_with_cap_boundaries	u_periodic;cutout.cylindrical_bore;cutout.multi_bore_cylinder_deferred;cutout.filleted_slot_deferred
face	2933	torus	deferred_residual_surface	reason.deferred_residual_surface	full_periodic_with_cap_boundaries	u_periodic;v_periodic
face	2934	cylinder	deferred_residual_surface	reason.deferred_residual_surface	full_periodic_with_cap_boundaries	u_periodic;cutout.cylindrical_bore;cutout.multi_bore_cylinder_deferred;cutout.filleted_slot_deferred
face	2935	torus	deferred_residual_surface	reason.deferred_residual_surface	full_periodic_with_cap_boundaries	u_periodic;v_periodic
face	2936	cylinder	deferred_residual_surface	reason.deferred_residual_surface	full_periodic_with_cap_boundaries	u_periodic;cutout.cylindrical_bore;cutout.multi_bore_cylinder_deferred;cutout.filleted_slot_deferred
face	2937	torus	deferred_residual_surface	reason.deferred_residual_surface	full_periodic_with_cap_boundaries	u_periodic;v_periodic
face	2938	cylinder	deferred_residual_surface	reason.deferred_residual_surface	full_periodic_with_cap_boundaries	u_periodic;cutout.cylindrical_bore;cutout.multi_bore_cylinder_deferred;cutout.filleted_slot_deferred
face	2939	cone	deferred_residual_surface	reason.deferred_residual_surface	full_periodic_with_cap_boundaries	u_periodic
face	2940	cone	deferred_residual_surface	reason.deferred_residual_surface	full_periodic_with_cap_boundaries	u_periodic
face	2941	cone	deferred_residual_surface	reason.deferred_residual_surface	full_periodic_with_cap_boundaries	u_periodic
face	2942	cone	deferred_residual_surface	reason.deferred_residual_surface	full_periodic_with_cap_boundaries	u_periodic
face	2943	cylinder	deferred_residual_surface	reason.deferred_residual_surface	full_periodic_with_cap_boundaries	u_periodic;cutout.cylindrical_bore;cutout.multi_bore_cylinder_deferred;cutout.filleted_slot_deferred
face	2944	plane	supported_analytic_template	strategy.surface.plane	multiple_disconnected_domains	reason.multidomain_decomposition_unproven;cutout.filleted_slot_deferred
face	2945	cylinder	deferred_residual_surface	reason.deferred_residual_surface	full_periodic_with_cap_boundaries	u_periodic;cutout.cylindrical_bore;cutout.multi_bore_cylinder_deferred;cutout.filleted_slot_deferred
face	2946	plane	supported_analytic_template	strategy.surface.plane	multiple_disconnected_domains	reason.multidomain_decomposition_unproven;cutout.filleted_slot_deferred
face	2947	plane	supported_analytic_template	strategy.surface.plane	multiple_disconnected_domains	reason.multidomain_decomposition_unproven;cutout.filleted_slot_deferred
face	2948	cone	deferred_residual_surface	reason.deferred_residual_surface	full_periodic_with_cap_boundaries	u_periodic
face	2949	plane	supported_analytic_template	strategy.surface.plane	convex_simple_region	cutout.filleted_slot_deferred
face	2950	plane	supported_analytic_template	strategy.surface.plane	convex_simple_region	cutout.filleted_slot_deferred
face	2951	cone	deferred_residual_surface	reason.deferred_residual_surface	full_periodic_with_cap_boundaries	u_periodic
face	2952	cylinder	deferred_residual_surface	reason.deferred_residual_surface	full_periodic_with_cap_boundaries	u_periodic;cutout.cylindrical_bore;cutout.multi_bore_cylinder_deferred;cutout.filleted_slot_deferred
face	2953	cylinder	deferred_residual_surface	reason.deferred_residual_surface	full_periodic_with_cap_boundaries	u_periodic;cutout.cylindrical_bore;cutout.multi_bore_cylinder_deferred;cutout.filleted_slot_deferred
face	2954	cylinder	deferred_residual_surface	reason.deferred_residual_surface	full_periodic_with_cap_boundaries	u_periodic;cutout.cylindrical_bore;cutout.multi_bore_cylinder_deferred;cutout.filleted_slot_deferred
face	2955	cylinder	deferred_residual_surface	reason.deferred_residual_surface	full_periodic_with_cap_boundaries	u_periodic;cutout.cylindrical_bore;cutout.multi_bore_cylinder_deferred;cutout.filleted_slot_deferred
face	2956	cylinder	deferred_residual_surface	reason.deferred_residual_surface	full_periodic_with_cap_boundaries	u_periodic;cutout.cylindrical_bore;cutout.multi_bore_cylinder_deferred;cutout.filleted_slot_deferred
face	2957	cylinder	deferred_residual_surface	reason.deferred_residual_surface	full_periodic_with_cap_boundaries	u_periodic;cutout.cylindrical_bore;cutout.multi_bore_cylinder_deferred;cutout.filleted_slot_deferred
face	2958	cylinder	deferred_residual_surface	reason.deferred_residual_surface	full_periodic_with_cap_boundaries	u_periodic;cutout.cylindrical_bore;cutout.multi_bore_cylinder_deferred;cutout.filleted_slot_deferred
face	2959	cylinder	deferred_residual_surface	reason.deferred_residual_surface	full_periodic_with_cap_boundaries	u_periodic;cutout.cylindrical_bore;cutout.multi_bore_cylinder_deferred;cutout.filleted_slot_deferred
face	2960	cylinder	deferred_residual_surface	reason.deferred_residual_surface	full_periodic_with_cap_boundaries	u_periodic;cutout.cylindrical_bore;cutout.multi_bore_cylinder_deferred;cutout.filleted_slot_deferred
face	2961	cylinder	deferred_residual_surface	reason.deferred_residual_surface	full_periodic_with_cap_boundaries	u_periodic;cutout.cylindrical_bore;cutout.multi_bore_cylinder_deferred;cutout.filleted_slot_deferred
face	2962	cylinder	deferred_residual_surface	reason.deferred_residual_surface	full_periodic_with_cap_boundaries	u_periodic;cutout.cylindrical_bore;cutout.multi_bore_cylinder_deferred;cutout.filleted_slot_deferred
face	2963	cylinder	deferred_residual_surface	reason.deferred_residual_surface	full_periodic_with_cap_boundaries	u_periodic;cutout.cylindrical_bore;cutout.multi_bore_cylinder_deferred;cutout.filleted_slot_deferred
face	2964	cylinder	deferred_residual_surface	reason.deferred_residual_surface	full_periodic_with_cap_boundaries	u_periodic;cutout.cylindrical_bore;cutout.multi_bore_cylinder_deferred;cutout.filleted_slot_deferred
face	2965	cylinder	deferred_residual_surface	reason.deferred_residual_surface	full_periodic_with_cap_boundaries	u_periodic;cutout.cylindrical_bore;cutout.multi_bore_cylinder_deferred;cutout.filleted_slot_deferred
face	2966	cylinder	deferred_residual_surface	reason.deferred_residual_surface	full_periodic_with_cap_boundaries	u_periodic;cutout.cylindrical_bore;cutout.multi_bore_cylinder_deferred;cutout.filleted_slot_deferred
face	2967	cylinder	deferred_residual_surface	reason.deferred_residual_surface	full_periodic_with_cap_boundaries	u_periodic;cutout.cylindrical_bore;cutout.multi_bore_cylinder_deferred;cutout.filleted_slot_deferred
face	2968	torus	deferred_residual_surface	reason.deferred_residual_surface	full_periodic_with_cap_boundaries	u_periodic;v_periodic
face	2969	torus	deferred_residual_surface	reason.deferred_residual_surface	full_periodic_with_cap_boundaries	u_periodic;v_periodic
face	2970	cylinder	deferred_residual_surface	reason.deferred_residual_surface	full_periodic_with_cap_boundaries	u_periodic;cutout.cylindrical_bore;cutout.multi_bore_cylinder_deferred;cutout.filleted_slot_deferred
face	2971	torus	deferred_residual_surface	reason.deferred_residual_surface	full_periodic_with_cap_boundaries	u_periodic;v_periodic
face	2972	cylinder	deferred_residual_surface	reason.deferred_residual_surface	full_periodic_with_cap_boundaries	u_periodic;cutout.cylindrical_bore;cutout.multi_bore_cylinder_deferred;cutout.filleted_slot_deferred
face	2973	cylinder	deferred_residual_surface	reason.deferred_residual_surface	full_periodic_with_cap_boundaries	u_periodic;cutout.cylindrical_bore;cutout.multi_bore_cylinder_deferred;cutout.filleted_slot_deferred
face	2974	torus	deferred_residual_surface	reason.deferred_residual_surface	full_periodic_with_cap_boundaries	u_periodic;v_periodic
face	2975	cylinder	deferred_residual_surface	reason.deferred_residual_surface	full_periodic_with_cap_boundaries	u_periodic;cutout.cylindrical_bore;cutout.multi_bore_cylinder_deferred;cutout.filleted_slot_deferred
face	2976	cylinder	deferred_residual_surface	reason.deferred_residual_surface	full_periodic_with_cap_boundaries	u_periodic;cutout.cylindrical_bore;cutout.multi_bore_cylinder_deferred;cutout.filleted_slot_deferred
face	2977	cylinder	deferred_residual_surface	reason.deferred_residual_surface	full_periodic_with_cap_boundaries	u_periodic;cutout.cylindrical_bore;cutout.multi_bore_cylinder_deferred;cutout.filleted_slot_deferred
face	2978	torus	deferred_residual_surface	reason.deferred_residual_surface	full_periodic_with_cap_boundaries	u_periodic;v_periodic
face	2979	cone	deferred_residual_surface	reason.deferred_residual_surface	full_periodic_with_cap_boundaries	u_periodic
face	2980	cylinder	deferred_residual_surface	reason.deferred_residual_surface	full_periodic_with_cap_boundaries	u_periodic;cutout.cylindrical_bore;cutout.multi_bore_cylinder_deferred;cutout.filleted_slot_deferred
face	2981	cone	deferred_residual_surface	reason.deferred_residual_surface	full_periodic_with_cap_boundaries	u_periodic
face	2982	plane	supported_analytic_template	strategy.surface.plane	convex_simple_region	cutout.filleted_slot_deferred
face	2983	plane	supported_analytic_template	strategy.surface.plane	convex_simple_region	cutout.filleted_slot_deferred
face	2984	plane	supported_analytic_template	strategy.surface.plane	multiple_disconnected_domains	reason.multidomain_decomposition_unproven;cutout.filleted_slot_deferred
face	2985	plane	supported_analytic_template	strategy.surface.plane	convex_simple_region	cutout.filleted_slot_deferred
face	2986	bspline	deferred_residual_surface	reason.deferred_residual_surface	convex_simple_region	mapped.four_sided_candidate;freeform.uv_grid_candidate
face	2987	bspline	deferred_residual_surface	reason.deferred_residual_surface	convex_simple_region	mapped.four_sided_candidate;freeform.uv_grid_candidate
face	2988	bspline	deferred_residual_surface	reason.deferred_residual_surface	convex_simple_region	mapped.four_sided_candidate;freeform.uv_grid_candidate
face	2989	bspline	deferred_residual_surface	reason.deferred_residual_surface	convex_simple_region	mapped.four_sided_candidate;freeform.uv_grid_candidate
face	2990	bspline	deferred_residual_surface	reason.deferred_residual_surface	convex_simple_region	mapped.four_sided_candidate;freeform.uv_grid_candidate
face	2991	bspline	deferred_residual_surface	reason.deferred_residual_surface	convex_simple_region	mapped.four_sided_candidate;freeform.uv_grid_candidate
face	2992	bspline	deferred_residual_surface	reason.deferred_residual_surface	convex_simple_region	mapped.four_sided_candidate;freeform.uv_grid_candidate
face	2993	bspline	deferred_residual_surface	reason.deferred_residual_surface	convex_simple_region	mapped.four_sided_candidate;freeform.uv_grid_candidate
face	2994	bspline	deferred_residual_surface	reason.deferred_residual_surface	convex_simple_region	mapped.four_sided_candidate;freeform.uv_grid_candidate
face	2995	bspline	deferred_residual_surface	reason.deferred_residual_surface	convex_simple_region	mapped.four_sided_candidate;freeform.uv_grid_candidate
face	2996	bspline	deferred_residual_surface	reason.deferred_residual_surface	convex_simple_region	mapped.four_sided_candidate;freeform.uv_grid_candidate
face	2997	bspline	deferred_residual_surface	reason.deferred_residual_surface	convex_simple_region	mapped.four_sided_candidate;freeform.uv_grid_candidate
face	2998	bspline	deferred_residual_surface	reason.deferred_residual_surface	convex_simple_region	mapped.four_sided_candidate;freeform.uv_grid_candidate
face	2999	bspline	deferred_residual_surface	reason.deferred_residual_surface	convex_simple_region	mapped.four_sided_candidate;freeform.uv_grid_candidate
face	3000	plane	supported_analytic_template	strategy.surface.plane	concave_simple_region	cutout.filleted_slot_deferred
face	3001	plane	supported_analytic_template	strategy.surface.plane	convex_simple_region	cutout.filleted_slot_deferred
face	3002	plane	supported_analytic_template	strategy.surface.plane	concave_simple_region	cutout.filleted_slot_deferred
face	3003	plane	supported_analytic_template	strategy.surface.plane	multiple_disconnected_domains	reason.multidomain_decomposition_unproven;cutout.filleted_slot_deferred
face	3004	plane	supported_analytic_template	strategy.surface.plane	multiple_disconnected_domains	reason.multidomain_decomposition_unproven;cutout.filleted_slot_deferred
face	3005	plane	supported_analytic_template	strategy.surface.plane	multiple_disconnected_domains	reason.multidomain_decomposition_unproven;cutout.filleted_slot_deferred
face	3006	plane	supported_analytic_template	strategy.surface.plane	multiple_disconnected_domains	reason.multidomain_decomposition_unproven;cutout.filleted_slot_deferred
face	3007	plane	supported_analytic_template	strategy.surface.plane	multiple_disconnected_domains	reason.multidomain_decomposition_unproven;cutout.filleted_slot_deferred
face	3008	plane	supported_analytic_template	strategy.surface.plane	multiple_disconnected_domains	reason.multidomain_decomposition_unproven;cutout.filleted_slot_deferred
face	3009	plane	supported_analytic_template	strategy.surface.plane	multiple_disconnected_domains	reason.multidomain_decomposition_unproven;cutout.filleted_slot_deferred
face	3010	plane	supported_analytic_template	strategy.surface.plane	multiple_disconnected_domains	reason.multidomain_decomposition_unproven;cutout.filleted_slot_deferred
face	3011	plane	supported_analytic_template	strategy.surface.plane	multiple_disconnected_domains	reason.multidomain_decomposition_unproven;cutout.filleted_slot_deferred
face	3012	plane	supported_analytic_template	strategy.surface.plane	multiple_disconnected_domains	reason.multidomain_decomposition_unproven;cutout.filleted_slot_deferred
face	3013	plane	supported_analytic_template	strategy.surface.plane	multiple_disconnected_domains	reason.multidomain_decomposition_unproven;cutout.filleted_slot_deferred
face	3014	plane	supported_analytic_template	strategy.surface.plane	multiple_disconnected_domains	reason.multidomain_decomposition_unproven;cutout.filleted_slot_deferred
face	3015	plane	supported_analytic_template	strategy.surface.plane	multiple_disconnected_domains	reason.multidomain_decomposition_unproven;cutout.filleted_slot_deferred
face	3016	plane	supported_analytic_template	strategy.surface.plane	multiple_disconnected_domains	reason.multidomain_decomposition_unproven;cutout.filleted_slot_deferred
face	3017	plane	supported_analytic_template	strategy.surface.plane	convex_simple_region	cutout.filleted_slot_deferred
face	3018	plane	supported_analytic_template	strategy.surface.plane	multiple_disconnected_domains	reason.multidomain_decomposition_unproven;cutout.filleted_slot_deferred
face	3019	plane	supported_analytic_template	strategy.surface.plane	convex_simple_region	cutout.filleted_slot_deferred
face	3020	plane	supported_analytic_template	strategy.surface.plane	convex_simple_region	cutout.filleted_slot_deferred
face	3021	plane	supported_analytic_template	strategy.surface.plane	multiple_disconnected_domains	reason.multidomain_decomposition_unproven;cutout.filleted_slot_deferred
face	3022	plane	supported_analytic_template	strategy.surface.plane	convex_simple_region	cutout.filleted_slot_deferred
face	3023	plane	supported_analytic_template	strategy.surface.plane	convex_simple_region	cutout.filleted_slot_deferred
face	3024	plane	supported_analytic_template	strategy.surface.plane	multiple_disconnected_domains	reason.multidomain_decomposition_unproven;cutout.filleted_slot_deferred
face	3025	plane	supported_analytic_template	strategy.surface.plane	convex_simple_region	cutout.filleted_slot_deferred
face	3026	plane	supported_analytic_template	strategy.surface.plane	convex_simple_region	cutout.filleted_slot_deferred
face	3027	plane	supported_analytic_template	strategy.surface.plane	multiple_disconnected_domains	reason.multidomain_decomposition_unproven;cutout.filleted_slot_deferred
face	3028	plane	supported_analytic_template	strategy.surface.plane	convex_simple_region	cutout.filleted_slot_deferred
face	3029	plane	supported_analytic_template	strategy.surface.plane	convex_simple_region	cutout.filleted_slot_deferred
face	3030	plane	supported_analytic_template	strategy.surface.plane	multiple_disconnected_domains	reason.multidomain_decomposition_unproven;cutout.filleted_slot_deferred
face	3031	plane	supported_analytic_template	strategy.surface.plane	convex_simple_region	cutout.filleted_slot_deferred
face	3032	plane	supported_analytic_template	strategy.surface.plane	convex_simple_region	cutout.filleted_slot_deferred
face	3033	plane	supported_analytic_template	strategy.surface.plane	multiple_disconnected_domains	reason.multidomain_decomposition_unproven;cutout.filleted_slot_deferred
face	3034	plane	supported_analytic_template	strategy.surface.plane	convex_simple_region	cutout.filleted_slot_deferred
face	3035	plane	supported_analytic_template	strategy.surface.plane	convex_simple_region	cutout.filleted_slot_deferred
face	3036	plane	supported_analytic_template	strategy.surface.plane	multiple_disconnected_domains	reason.multidomain_decomposition_unproven;cutout.filleted_slot_deferred
face	3037	plane	supported_analytic_template	strategy.surface.plane	convex_simple_region	cutout.filleted_slot_deferred
face	3038	plane	supported_analytic_template	strategy.surface.plane	convex_simple_region	cutout.filleted_slot_deferred
face	3039	plane	supported_analytic_template	strategy.surface.plane	multiple_disconnected_domains	reason.multidomain_decomposition_unproven;cutout.filleted_slot_deferred
face	3040	plane	supported_analytic_template	strategy.surface.plane	convex_simple_region	cutout.filleted_slot_deferred
face	3041	plane	supported_analytic_template	strategy.surface.plane	convex_simple_region	cutout.filleted_slot_deferred
face	3042	plane	supported_analytic_template	strategy.surface.plane	multiple_disconnected_domains	reason.multidomain_decomposition_unproven;cutout.filleted_slot_deferred
face	3043	plane	supported_analytic_template	strategy.surface.plane	convex_simple_region	cutout.filleted_slot_deferred
face	3044	plane	supported_analytic_template	strategy.surface.plane	convex_simple_region	cutout.filleted_slot_deferred
face	3045	plane	supported_analytic_template	strategy.surface.plane	multiple_disconnected_domains	reason.multidomain_decomposition_unproven;cutout.filleted_slot_deferred
face	3046	plane	supported_analytic_template	strategy.surface.plane	convex_simple_region	cutout.filleted_slot_deferred
face	3047	plane	supported_analytic_template	strategy.surface.plane	convex_simple_region	cutout.filleted_slot_deferred
face	3048	plane	supported_analytic_template	strategy.surface.plane	multiple_disconnected_domains	reason.multidomain_decomposition_unproven;cutout.filleted_slot_deferred
face	3049	plane	supported_analytic_template	strategy.surface.plane	convex_simple_region	cutout.filleted_slot_deferred
face	3050	plane	supported_analytic_template	strategy.surface.plane	convex_simple_region	cutout.filleted_slot_deferred
face	3051	plane	supported_analytic_template	strategy.surface.plane	multiple_disconnected_domains	reason.multidomain_decomposition_unproven;cutout.filleted_slot_deferred
face	3052	plane	supported_analytic_template	strategy.surface.plane	convex_simple_region	cutout.filleted_slot_deferred
face	3053	plane	supported_analytic_template	strategy.surface.plane	convex_simple_region	cutout.filleted_slot_deferred
face	3054	plane	supported_analytic_template	strategy.surface.plane	multiple_disconnected_domains	reason.multidomain_decomposition_unproven;cutout.filleted_slot_deferred
face	3055	plane	supported_analytic_template	strategy.surface.plane	convex_simple_region	cutout.filleted_slot_deferred
face	3056	bspline	deferred_residual_surface	reason.deferred_residual_surface	convex_simple_region	mapped.non_four_sided_deferred;freeform.uv_grid_candidate
face	3057	plane	supported_analytic_template	strategy.surface.plane	convex_simple_region	cutout.filleted_slot_deferred
face	3058	plane	supported_analytic_template	strategy.surface.plane	multiple_disconnected_domains	reason.multidomain_decomposition_unproven;cutout.filleted_slot_deferred
face	3059	bspline	deferred_residual_surface	reason.deferred_residual_surface	convex_simple_region	mapped.four_sided_candidate;freeform.uv_grid_candidate
face	3060	plane	supported_analytic_template	strategy.surface.plane	multiple_disconnected_domains	reason.multidomain_decomposition_unproven;cutout.filleted_slot_deferred
face	3061	plane	supported_analytic_template	strategy.surface.plane	self_intersecting_or_invalid	cutout.filleted_slot_deferred
face	3062	bspline	deferred_residual_surface	reason.deferred_residual_surface	convex_simple_region	mapped.four_sided_candidate;freeform.uv_grid_candidate
face	3063	plane	supported_analytic_template	strategy.surface.plane	multiple_disconnected_domains	reason.multidomain_decomposition_unproven;cutout.filleted_slot_deferred
face	3064	cylinder	deferred_residual_surface	reason.deferred_residual_surface	full_periodic_with_cap_boundaries	u_periodic;cutout.cylindrical_bore;cutout.multi_bore_cylinder_deferred;cutout.filleted_slot_deferred
face	3065	plane	supported_analytic_template	strategy.surface.plane	concave_simple_region	cutout.filleted_slot_deferred
face	3066	plane	supported_analytic_template	strategy.surface.plane	multiple_disconnected_domains	reason.multidomain_decomposition_unproven;cutout.filleted_slot_deferred
face	3067	bspline	deferred_residual_surface	reason.deferred_residual_surface	convex_simple_region	mapped.non_four_sided_deferred;freeform.uv_grid_candidate
face	3068	bspline	deferred_residual_surface	reason.deferred_residual_surface	convex_simple_region	mapped.non_four_sided_deferred;freeform.uv_grid_candidate
face	3069	bspline	deferred_residual_surface	reason.deferred_residual_surface	convex_simple_region	mapped.non_four_sided_deferred;freeform.uv_grid_candidate
face	3070	bspline	deferred_residual_surface	reason.deferred_residual_surface	convex_simple_region	mapped.non_four_sided_deferred;freeform.uv_grid_candidate
face	3071	bspline	deferred_residual_surface	reason.deferred_residual_surface	convex_simple_region	mapped.non_four_sided_deferred;freeform.uv_grid_candidate
face	3072	bspline	deferred_residual_surface	reason.deferred_residual_surface	convex_simple_region	mapped.non_four_sided_deferred;freeform.uv_grid_candidate
face	3073	bspline	deferred_residual_surface	reason.deferred_residual_surface	convex_simple_region	mapped.non_four_sided_deferred;freeform.uv_grid_candidate
face	3074	bspline	deferred_residual_surface	reason.deferred_residual_surface	convex_simple_region	mapped.non_four_sided_deferred;freeform.uv_grid_candidate
face	3075	bspline	deferred_residual_surface	reason.deferred_residual_surface	convex_simple_region	mapped.non_four_sided_deferred;freeform.uv_grid_candidate
face	3076	bspline	deferred_residual_surface	reason.deferred_residual_surface	convex_simple_region	mapped.non_four_sided_deferred;freeform.uv_grid_candidate
face	3077	bspline	deferred_residual_surface	reason.deferred_residual_surface	convex_simple_region	mapped.non_four_sided_deferred;freeform.uv_grid_candidate
face	3078	bspline	deferred_residual_surface	reason.deferred_residual_surface	convex_simple_region	mapped.non_four_sided_deferred;freeform.uv_grid_candidate
face	3079	bspline	deferred_residual_surface	reason.deferred_residual_surface	convex_simple_region	mapped.non_four_sided_deferred;freeform.uv_grid_candidate
face	3080	bspline	deferred_residual_surface	reason.deferred_residual_surface	convex_simple_region	mapped.non_four_sided_deferred;freeform.uv_grid_candidate
face	3081	bspline	deferred_residual_surface	reason.deferred_residual_surface	convex_simple_region	mapped.non_four_sided_deferred;freeform.uv_grid_candidate
face	3082	bspline	deferred_residual_surface	reason.deferred_residual_surface	convex_simple_region	mapped.non_four_sided_deferred;freeform.uv_grid_candidate
face	3083	bspline	deferred_residual_surface	reason.deferred_residual_surface	convex_simple_region	mapped.non_four_sided_deferred;freeform.uv_grid_candidate
face	3084	bspline	deferred_residual_surface	reason.deferred_residual_surface	convex_simple_region	mapped.non_four_sided_deferred;freeform.uv_grid_candidate
face	3085	bspline	deferred_residual_surface	reason.deferred_residual_surface	convex_simple_region	mapped.non_four_sided_deferred;freeform.uv_grid_candidate
face	3086	bspline	deferred_residual_surface	reason.deferred_residual_surface	convex_simple_region	mapped.non_four_sided_deferred;freeform.uv_grid_candidate
face	3087	bspline	deferred_residual_surface	reason.deferred_residual_surface	convex_simple_region	mapped.non_four_sided_deferred;freeform.uv_grid_candidate
face	3088	bspline	deferred_residual_surface	reason.deferred_residual_surface	convex_simple_region	mapped.non_four_sided_deferred;freeform.uv_grid_candidate
face	3089	bspline	deferred_residual_surface	reason.deferred_residual_surface	convex_simple_region	mapped.non_four_sided_deferred;freeform.uv_grid_candidate
face	3090	bspline	deferred_residual_surface	reason.deferred_residual_surface	convex_simple_region	mapped.non_four_sided_deferred;freeform.uv_grid_candidate
face	3091	bspline	deferred_residual_surface	reason.deferred_residual_surface	convex_simple_region	mapped.non_four_sided_deferred;freeform.uv_grid_candidate
face	3092	bspline	deferred_residual_surface	reason.deferred_residual_surface	convex_simple_region	mapped.non_four_sided_deferred;freeform.uv_grid_candidate
face	3093	bspline	deferred_residual_surface	reason.deferred_residual_surface	convex_simple_region	mapped.non_four_sided_deferred;freeform.uv_grid_candidate
face	3094	bspline	deferred_residual_surface	reason.deferred_residual_surface	convex_simple_region	mapped.four_sided_candidate;freeform.uv_grid_candidate
face	3095	bspline	deferred_residual_surface	reason.deferred_residual_surface	convex_simple_region	mapped.non_four_sided_deferred;freeform.uv_grid_candidate
face	3096	plane	supported_analytic_template	strategy.surface.plane	multiple_disconnected_domains	reason.multidomain_decomposition_unproven;cutout.filleted_slot_deferred
face	3097	plane	supported_analytic_template	strategy.surface.plane	convex_simple_region	cutout.filleted_slot_deferred
face	3098	plane	supported_analytic_template	strategy.surface.plane	convex_simple_region	cutout.filleted_slot_deferred
face	3099	bspline	deferred_residual_surface	reason.deferred_residual_surface	convex_simple_region	mapped.non_four_sided_deferred;freeform.uv_grid_candidate
face	3100	bspline	deferred_residual_surface	reason.deferred_residual_surface	convex_simple_region	mapped.non_four_sided_deferred;freeform.uv_grid_candidate
face	3101	plane	supported_analytic_template	strategy.surface.plane	convex_simple_region	cutout.filleted_slot_deferred
face	3102	bspline	deferred_residual_surface	reason.deferred_residual_surface	convex_simple_region	mapped.non_four_sided_deferred;freeform.uv_grid_candidate
face	3103	bspline	deferred_residual_surface	reason.deferred_residual_surface	convex_simple_region	mapped.non_four_sided_deferred;freeform.uv_grid_candidate
face	3104	plane	supported_analytic_template	strategy.surface.plane	convex_simple_region	cutout.filleted_slot_deferred
face	3105	bspline	deferred_residual_surface	reason.deferred_residual_surface	convex_simple_region	mapped.non_four_sided_deferred;freeform.uv_grid_candidate
face	3106	bspline	deferred_residual_surface	reason.deferred_residual_surface	convex_simple_region	mapped.non_four_sided_deferred;freeform.uv_grid_candidate
face	3107	plane	supported_analytic_template	strategy.surface.plane	convex_simple_region	cutout.filleted_slot_deferred
face	3108	bspline	deferred_residual_surface	reason.deferred_residual_surface	convex_simple_region	mapped.non_four_sided_deferred;freeform.uv_grid_candidate
face	3109	bspline	deferred_residual_surface	reason.deferred_residual_surface	convex_simple_region	mapped.non_four_sided_deferred;freeform.uv_grid_candidate
face	3110	plane	supported_analytic_template	strategy.surface.plane	convex_simple_region	cutout.filleted_slot_deferred
face	3111	bspline	deferred_residual_surface	reason.deferred_residual_surface	convex_simple_region	mapped.non_four_sided_deferred;freeform.uv_grid_candidate
face	3112	bspline	deferred_residual_surface	reason.deferred_residual_surface	convex_simple_region	mapped.non_four_sided_deferred;freeform.uv_grid_candidate
face	3113	plane	supported_analytic_template	strategy.surface.plane	convex_simple_region	cutout.filleted_slot_deferred
face	3114	bspline	deferred_residual_surface	reason.deferred_residual_surface	convex_simple_region	mapped.non_four_sided_deferred;freeform.uv_grid_candidate
face	3115	bspline	deferred_residual_surface	reason.deferred_residual_surface	convex_simple_region	mapped.non_four_sided_deferred;freeform.uv_grid_candidate
face	3116	plane	supported_analytic_template	strategy.surface.plane	convex_simple_region	cutout.filleted_slot_deferred
face	3117	bspline	deferred_residual_surface	reason.deferred_residual_surface	convex_simple_region	mapped.non_four_sided_deferred;freeform.uv_grid_candidate
face	3118	bspline	deferred_residual_surface	reason.deferred_residual_surface	convex_simple_region	mapped.non_four_sided_deferred;freeform.uv_grid_candidate
face	3119	plane	supported_analytic_template	strategy.surface.plane	convex_simple_region	cutout.filleted_slot_deferred
face	3120	bspline	deferred_residual_surface	reason.deferred_residual_surface	convex_simple_region	mapped.non_four_sided_deferred;freeform.uv_grid_candidate
face	3121	bspline	deferred_residual_surface	reason.deferred_residual_surface	convex_simple_region	mapped.non_four_sided_deferred;freeform.uv_grid_candidate
face	3122	plane	supported_analytic_template	strategy.surface.plane	convex_simple_region	cutout.filleted_slot_deferred
face	3123	bspline	deferred_residual_surface	reason.deferred_residual_surface	convex_simple_region	mapped.non_four_sided_deferred;freeform.uv_grid_candidate
face	3124	bspline	deferred_residual_surface	reason.deferred_residual_surface	convex_simple_region	mapped.non_four_sided_deferred;freeform.uv_grid_candidate
face	3125	plane	supported_analytic_template	strategy.surface.plane	convex_simple_region	cutout.filleted_slot_deferred
face	3126	bspline	deferred_residual_surface	reason.deferred_residual_surface	convex_simple_region	mapped.non_four_sided_deferred;freeform.uv_grid_candidate
face	3127	bspline	deferred_residual_surface	reason.deferred_residual_surface	convex_simple_region	mapped.non_four_sided_deferred;freeform.uv_grid_candidate
face	3128	plane	supported_analytic_template	strategy.surface.plane	convex_simple_region	cutout.filleted_slot_deferred
face	3129	bspline	deferred_residual_surface	reason.deferred_residual_surface	convex_simple_region	mapped.non_four_sided_deferred;freeform.uv_grid_candidate
face	3130	bspline	deferred_residual_surface	reason.deferred_residual_surface	convex_simple_region	mapped.non_four_sided_deferred;freeform.uv_grid_candidate
face	3131	plane	supported_analytic_template	strategy.surface.plane	convex_simple_region	cutout.filleted_slot_deferred
face	3132	bspline	deferred_residual_surface	reason.deferred_residual_surface	convex_simple_region	mapped.non_four_sided_deferred;freeform.uv_grid_candidate
face	3133	bspline	deferred_residual_surface	reason.deferred_residual_surface	convex_simple_region	mapped.non_four_sided_deferred;freeform.uv_grid_candidate
face	3134	plane	supported_analytic_template	strategy.surface.plane	convex_simple_region	cutout.filleted_slot_deferred
face	3135	bspline	deferred_residual_surface	reason.deferred_residual_surface	convex_simple_region	mapped.non_four_sided_deferred;freeform.uv_grid_candidate
face	3136	bspline	deferred_residual_surface	reason.deferred_residual_surface	convex_simple_region	mapped.non_four_sided_deferred;freeform.uv_grid_candidate
face	3137	plane	supported_analytic_template	strategy.surface.plane	convex_simple_region	cutout.filleted_slot_deferred
face	3138	bspline	deferred_residual_surface	reason.deferred_residual_surface	convex_simple_region	mapped.non_four_sided_deferred;freeform.uv_grid_candidate
face	3139	plane	supported_analytic_template	strategy.surface.plane	multiple_disconnected_domains	reason.multidomain_decomposition_unproven;cutout.filleted_slot_deferred
face	3140	bspline	deferred_residual_surface	reason.deferred_residual_surface	convex_simple_region	mapped.non_four_sided_deferred;freeform.uv_grid_candidate
face	3141	bspline	deferred_residual_surface	reason.deferred_residual_surface	convex_simple_region	mapped.four_sided_candidate;freeform.uv_grid_candidate
face	3142	plane	supported_analytic_template	strategy.surface.plane	concave_simple_region	cutout.filleted_slot_deferred
face	3143	plane	supported_analytic_template	strategy.surface.plane	concave_simple_region	cutout.filleted_slot_deferred
face	3144	bspline	deferred_residual_surface	reason.deferred_residual_surface	convex_simple_region	mapped.non_four_sided_deferred;freeform.uv_grid_candidate
face	3145	plane	supported_analytic_template	strategy.surface.plane	convex_simple_region	cutout.filleted_slot_deferred
face	3146	plane	supported_analytic_template	strategy.surface.plane	concave_simple_region	cutout.filleted_slot_deferred
face	3147	plane	supported_analytic_template	strategy.surface.plane	concave_simple_region	cutout.filleted_slot_deferred
face	3148	plane	supported_analytic_template	strategy.surface.plane	concave_simple_region	cutout.filleted_slot_deferred
face	3149	plane	supported_analytic_template	strategy.surface.plane	self_intersecting_or_invalid	cutout.filleted_slot_deferred
face	3150	bspline	deferred_residual_surface	reason.deferred_residual_surface	full_periodic_with_cap_boundaries	u_periodic;mapped.non_four_sided_deferred;freeform.general_deferred
face	3151	plane	supported_analytic_template	strategy.surface.plane	multiple_disconnected_domains	reason.multidomain_decomposition_unproven;cutout.filleted_slot_deferred
face	3152	plane	supported_analytic_template	strategy.surface.plane	multiple_disconnected_domains	reason.multidomain_decomposition_unproven;cutout.filleted_slot_deferred
face	3153	bspline	deferred_residual_surface	reason.deferred_residual_surface	convex_simple_region	mapped.non_four_sided_deferred;freeform.uv_grid_candidate
face	3154	bspline	deferred_residual_surface	reason.deferred_residual_surface	convex_simple_region	mapped.non_four_sided_deferred;freeform.uv_grid_candidate
face	3155	bspline	deferred_residual_surface	reason.deferred_residual_surface	convex_simple_region	mapped.non_four_sided_deferred;freeform.uv_grid_candidate
face	3156	plane	supported_analytic_template	strategy.surface.plane	multiple_disconnected_domains	reason.multidomain_decomposition_unproven;cutout.filleted_slot_deferred
face	3157	bspline	deferred_residual_surface	reason.deferred_residual_surface	convex_simple_region	mapped.four_sided_candidate;freeform.uv_grid_candidate
face	3158	bspline	deferred_residual_surface	reason.deferred_residual_surface	convex_simple_region	mapped.four_sided_candidate;freeform.uv_grid_candidate
face	3159	bspline	deferred_residual_surface	reason.deferred_residual_surface	convex_simple_region	mapped.four_sided_candidate;freeform.uv_grid_candidate
face	3160	bspline	deferred_residual_surface	reason.deferred_residual_surface	convex_simple_region	mapped.four_sided_candidate;freeform.uv_grid_candidate
face	3161	plane	supported_analytic_template	strategy.surface.plane	convex_simple_region	cutout.filleted_slot_deferred
face	3162	bspline	deferred_residual_surface	reason.deferred_residual_surface	convex_simple_region	mapped.four_sided_candidate;freeform.uv_grid_candidate
face	3163	bspline	deferred_residual_surface	reason.deferred_residual_surface	convex_simple_region	mapped.four_sided_candidate;freeform.uv_grid_candidate
face	3164	plane	supported_analytic_template	strategy.surface.plane	convex_simple_region	cutout.filleted_slot_deferred
face	3165	plane	supported_analytic_template	strategy.surface.plane	self_intersecting_or_invalid	cutout.filleted_slot_deferred
face	3166	bspline	deferred_residual_surface	reason.deferred_residual_surface	convex_simple_region	mapped.four_sided_candidate;freeform.uv_grid_candidate
face	3167	plane	supported_analytic_template	strategy.surface.plane	convex_simple_region	cutout.filleted_slot_deferred
face	3168	cone	deferred_residual_surface	reason.deferred_residual_surface	full_periodic_with_cap_boundaries	u_periodic
face	3169	cone	deferred_residual_surface	reason.deferred_residual_surface	full_periodic_with_cap_boundaries	u_periodic
face	3170	plane	supported_analytic_template	strategy.surface.plane	multiple_disconnected_domains	reason.multidomain_decomposition_unproven;cutout.filleted_slot_deferred
face	3171	plane	supported_analytic_template	strategy.surface.plane	multiple_disconnected_domains	reason.multidomain_decomposition_unproven;cutout.filleted_slot_deferred
face	3172	plane	supported_analytic_template	strategy.surface.plane	multiple_disconnected_domains	reason.multidomain_decomposition_unproven;cutout.filleted_slot_deferred
face	3173	plane	supported_analytic_template	strategy.surface.plane	convex_simple_region	cutout.filleted_slot_deferred
face	3174	bspline	deferred_residual_surface	reason.deferred_residual_surface	convex_simple_region	mapped.non_four_sided_deferred;freeform.uv_grid_candidate
face	3175	bspline	deferred_residual_surface	reason.deferred_residual_surface	convex_simple_region	mapped.non_four_sided_deferred;freeform.uv_grid_candidate
face	3176	bspline	deferred_residual_surface	reason.deferred_residual_surface	convex_simple_region	mapped.non_four_sided_deferred;freeform.uv_grid_candidate
face	3177	plane	supported_analytic_template	strategy.surface.plane	convex_simple_region	cutout.filleted_slot_deferred
face	3178	plane	supported_analytic_template	strategy.surface.plane	convex_simple_region	cutout.filleted_slot_deferred
face	3179	plane	supported_analytic_template	strategy.surface.plane	convex_simple_region	cutout.filleted_slot_deferred
face	3180	plane	supported_analytic_template	strategy.surface.plane	convex_simple_region	cutout.filleted_slot_deferred
face	3181	plane	supported_analytic_template	strategy.surface.plane	multiple_disconnected_domains	reason.multidomain_decomposition_unproven;cutout.filleted_slot_deferred
face	3182	plane	supported_analytic_template	strategy.surface.plane	convex_simple_region	cutout.filleted_slot_deferred
face	3183	offset	deferred_residual_surface	reason.deferred_residual_surface	convex_simple_region	
face	3184	bspline	deferred_residual_surface	reason.deferred_residual_surface	convex_simple_region	mapped.non_four_sided_deferred;freeform.uv_grid_candidate
face	3185	bspline	deferred_residual_surface	reason.deferred_residual_surface	convex_simple_region	mapped.non_four_sided_deferred;freeform.uv_grid_candidate
face	3186	bspline	deferred_residual_surface	reason.deferred_residual_surface	convex_simple_region	mapped.non_four_sided_deferred;freeform.uv_grid_candidate
face	3187	bspline	deferred_residual_surface	reason.deferred_residual_surface	convex_simple_region	mapped.non_four_sided_deferred;freeform.uv_grid_candidate
face	3188	cylinder	deferred_residual_surface	reason.deferred_residual_surface	full_periodic_with_cap_boundaries	u_periodic;cutout.cylindrical_bore;cutout.multi_bore_cylinder_deferred;cutout.filleted_slot_deferred
face	3189	plane	supported_analytic_template	strategy.surface.plane	multiple_disconnected_domains	reason.multidomain_decomposition_unproven;cutout.filleted_slot_deferred
face	3190	cylinder	deferred_residual_surface	reason.deferred_residual_surface	full_periodic_with_cap_boundaries	u_periodic;cutout.cylindrical_bore;cutout.multi_bore_cylinder_deferred;cutout.filleted_slot_deferred
face	3191	plane	supported_analytic_template	strategy.surface.plane	self_intersecting_or_invalid	cutout.filleted_slot_deferred
face	3192	plane	supported_analytic_template	strategy.surface.plane	convex_simple_region	cutout.filleted_slot_deferred
face	3193	cylinder	deferred_residual_surface	reason.deferred_residual_surface	full_periodic_with_cap_boundaries	u_periodic;cutout.cylindrical_bore;cutout.multi_bore_cylinder_deferred;cutout.filleted_slot_deferred
face	3194	cylinder	deferred_residual_surface	reason.deferred_residual_surface	full_periodic_with_cap_boundaries	u_periodic;cutout.cylindrical_bore;cutout.multi_bore_cylinder_deferred;cutout.filleted_slot_deferred
face	3195	plane	supported_analytic_template	strategy.surface.plane	multiple_disconnected_domains	reason.multidomain_decomposition_unproven;cutout.filleted_slot_deferred
face	3196	plane	supported_analytic_template	strategy.surface.plane	multiple_disconnected_domains	reason.multidomain_decomposition_unproven;cutout.filleted_slot_deferred
face	3197	plane	supported_analytic_template	strategy.surface.plane	multiple_disconnected_domains	reason.multidomain_decomposition_unproven;cutout.filleted_slot_deferred
face	3198	plane	supported_analytic_template	strategy.surface.plane	multiple_disconnected_domains	reason.multidomain_decomposition_unproven;cutout.filleted_slot_deferred
face	3199	plane	supported_analytic_template	strategy.surface.plane	multiple_disconnected_domains	reason.multidomain_decomposition_unproven;cutout.filleted_slot_deferred
face	3200	plane	supported_analytic_template	strategy.surface.plane	multiple_disconnected_domains	reason.multidomain_decomposition_unproven;cutout.filleted_slot_deferred
face	3201	plane	supported_analytic_template	strategy.surface.plane	multiple_disconnected_domains	reason.multidomain_decomposition_unproven;cutout.filleted_slot_deferred
face	3202	plane	supported_analytic_template	strategy.surface.plane	multiple_disconnected_domains	reason.multidomain_decomposition_unproven;cutout.filleted_slot_deferred
face	3203	plane	supported_analytic_template	strategy.surface.plane	multiple_disconnected_domains	reason.multidomain_decomposition_unproven;cutout.filleted_slot_deferred
face	3204	plane	supported_analytic_template	strategy.surface.plane	multiple_disconnected_domains	reason.multidomain_decomposition_unproven;cutout.filleted_slot_deferred
face	3205	plane	supported_analytic_template	strategy.surface.plane	multiple_disconnected_domains	reason.multidomain_decomposition_unproven;cutout.filleted_slot_deferred
face	3206	plane	supported_analytic_template	strategy.surface.plane	multiple_disconnected_domains	reason.multidomain_decomposition_unproven;cutout.filleted_slot_deferred
face	3207	plane	supported_analytic_template	strategy.surface.plane	multiple_disconnected_domains	reason.multidomain_decomposition_unproven;cutout.filleted_slot_deferred
face	3208	plane	supported_analytic_template	strategy.surface.plane	multiple_disconnected_domains	reason.multidomain_decomposition_unproven;cutout.filleted_slot_deferred
face	3209	plane	supported_analytic_template	strategy.surface.plane	multiple_disconnected_domains	reason.multidomain_decomposition_unproven;cutout.filleted_slot_deferred
face	3210	cylinder	deferred_residual_surface	reason.deferred_residual_surface	full_periodic_with_cap_boundaries	u_periodic;cutout.cylindrical_bore;cutout.multi_bore_cylinder_deferred;cutout.filleted_slot_deferred
face	3211	cylinder	deferred_residual_surface	reason.deferred_residual_surface	full_periodic_with_cap_boundaries	u_periodic;cutout.cylindrical_bore;cutout.multi_bore_cylinder_deferred;cutout.filleted_slot_deferred
face	3212	cylinder	deferred_residual_surface	reason.deferred_residual_surface	full_periodic_with_cap_boundaries	u_periodic;cutout.cylindrical_bore;cutout.multi_bore_cylinder_deferred;cutout.filleted_slot_deferred
face	3213	cylinder	deferred_residual_surface	reason.deferred_residual_surface	full_periodic_with_cap_boundaries	u_periodic;cutout.cylindrical_bore;cutout.multi_bore_cylinder_deferred;cutout.filleted_slot_deferred
face	3214	cylinder	deferred_residual_surface	reason.deferred_residual_surface	full_periodic_with_cap_boundaries	u_periodic;cutout.cylindrical_bore;cutout.multi_bore_cylinder_deferred;cutout.filleted_slot_deferred
face	3215	plane	supported_analytic_template	strategy.surface.plane	convex_simple_region	cutout.filleted_slot_deferred
face	3216	cylinder	deferred_residual_surface	reason.deferred_residual_surface	full_periodic_with_cap_boundaries	u_periodic;cutout.multi_bore_cylinder_deferred;cutout.filleted_slot_deferred
face	3217	plane	supported_analytic_template	strategy.surface.plane	concave_simple_region	cutout.filleted_slot_deferred
face	3218	plane	supported_analytic_template	strategy.surface.plane	convex_simple_region	cutout.filleted_slot_deferred
face	3219	plane	supported_analytic_template	strategy.surface.plane	convex_simple_region	cutout.filleted_slot_deferred
face	3220	cylinder	deferred_residual_surface	reason.deferred_residual_surface	full_periodic_with_cap_boundaries	u_periodic;cutout.cylindrical_bore;cutout.multi_bore_cylinder_deferred;cutout.filleted_slot_deferred
face	3221	cylinder	deferred_residual_surface	reason.deferred_residual_surface	full_periodic_with_cap_boundaries	u_periodic;cutout.cylindrical_bore;cutout.multi_bore_cylinder_deferred;cutout.filleted_slot_deferred
face	3222	plane	supported_analytic_template	strategy.surface.plane	multiple_disconnected_domains	reason.multidomain_decomposition_unproven;cutout.filleted_slot_deferred
face	3223	plane	supported_analytic_template	strategy.surface.plane	multiple_disconnected_domains	reason.multidomain_decomposition_unproven;cutout.filleted_slot_deferred
face	3224	plane	supported_analytic_template	strategy.surface.plane	multiple_disconnected_domains	reason.multidomain_decomposition_unproven;cutout.filleted_slot_deferred
face	3225	plane	supported_analytic_template	strategy.surface.plane	multiple_disconnected_domains	reason.multidomain_decomposition_unproven;cutout.filleted_slot_deferred
face	3226	plane	supported_analytic_template	strategy.surface.plane	multiple_disconnected_domains	reason.multidomain_decomposition_unproven;cutout.filleted_slot_deferred
face	3227	plane	supported_analytic_template	strategy.surface.plane	multiple_disconnected_domains	reason.multidomain_decomposition_unproven;cutout.filleted_slot_deferred
face	3228	plane	supported_analytic_template	strategy.surface.plane	multiple_disconnected_domains	reason.multidomain_decomposition_unproven;cutout.filleted_slot_deferred
face	3229	plane	supported_analytic_template	strategy.surface.plane	multiple_disconnected_domains	reason.multidomain_decomposition_unproven;cutout.filleted_slot_deferred
face	3230	plane	supported_analytic_template	strategy.surface.plane	multiple_disconnected_domains	reason.multidomain_decomposition_unproven;cutout.filleted_slot_deferred
face	3231	plane	supported_analytic_template	strategy.surface.plane	multiple_disconnected_domains	reason.multidomain_decomposition_unproven;cutout.filleted_slot_deferred
face	3232	plane	supported_analytic_template	strategy.surface.plane	multiple_disconnected_domains	reason.multidomain_decomposition_unproven;cutout.filleted_slot_deferred
face	3233	plane	supported_analytic_template	strategy.surface.plane	multiple_disconnected_domains	reason.multidomain_decomposition_unproven;cutout.filleted_slot_deferred
face	3234	plane	supported_analytic_template	strategy.surface.plane	multiple_disconnected_domains	reason.multidomain_decomposition_unproven;cutout.filleted_slot_deferred
face	3235	plane	supported_analytic_template	strategy.surface.plane	multiple_disconnected_domains	reason.multidomain_decomposition_unproven;cutout.filleted_slot_deferred
face	3236	plane	supported_analytic_template	strategy.surface.plane	multiple_disconnected_domains	reason.multidomain_decomposition_unproven;cutout.filleted_slot_deferred
face	3237	cylinder	deferred_residual_surface	reason.deferred_residual_surface	full_periodic_with_cap_boundaries	u_periodic;cutout.cylindrical_bore;cutout.multi_bore_cylinder_deferred;cutout.filleted_slot_deferred
face	3238	cylinder	deferred_residual_surface	reason.deferred_residual_surface	full_periodic_with_cap_boundaries	u_periodic;cutout.cylindrical_bore;cutout.multi_bore_cylinder_deferred;cutout.filleted_slot_deferred
face	3239	cylinder	deferred_residual_surface	reason.deferred_residual_surface	full_periodic_with_cap_boundaries	u_periodic;cutout.cylindrical_bore;cutout.multi_bore_cylinder_deferred;cutout.filleted_slot_deferred
face	3240	cylinder	deferred_residual_surface	reason.deferred_residual_surface	full_periodic_with_cap_boundaries	u_periodic;cutout.cylindrical_bore;cutout.multi_bore_cylinder_deferred;cutout.filleted_slot_deferred
face	3241	cylinder	deferred_residual_surface	reason.deferred_residual_surface	full_periodic_with_cap_boundaries	u_periodic;cutout.cylindrical_bore;cutout.multi_bore_cylinder_deferred;cutout.filleted_slot_deferred
face	3242	plane	supported_analytic_template	strategy.surface.plane	convex_simple_region	cutout.filleted_slot_deferred
face	3243	plane	supported_analytic_template	strategy.surface.plane	convex_simple_region	cutout.filleted_slot_deferred
face	3244	bspline	deferred_residual_surface	reason.deferred_residual_surface	convex_simple_region	mapped.four_sided_candidate;freeform.uv_grid_candidate
face	3245	cylinder	deferred_residual_surface	reason.deferred_residual_surface	full_periodic_with_cap_boundaries	u_periodic;cutout.multi_bore_cylinder_deferred;cutout.filleted_slot_deferred
face	3246	plane	supported_analytic_template	strategy.surface.plane	convex_simple_region	cutout.filleted_slot_deferred
face	3247	cylinder	deferred_residual_surface	reason.deferred_residual_surface	full_periodic_with_cap_boundaries	u_periodic;cutout.cylindrical_bore;cutout.multi_bore_cylinder_deferred;cutout.filleted_slot_deferred
face	3248	bspline	deferred_residual_surface	reason.deferred_residual_surface	convex_simple_region	mapped.non_four_sided_deferred;freeform.uv_grid_candidate
face	3249	bspline	deferred_residual_surface	reason.deferred_residual_surface	convex_simple_region	mapped.four_sided_candidate;freeform.uv_grid_candidate
face	3250	bspline	deferred_residual_surface	reason.deferred_residual_surface	convex_simple_region	mapped.four_sided_candidate;freeform.uv_grid_candidate
face	3251	plane	supported_analytic_template	strategy.surface.plane	convex_simple_region	cutout.filleted_slot_deferred
face	3252	bspline	deferred_residual_surface	reason.deferred_residual_surface	convex_simple_region	mapped.non_four_sided_deferred;freeform.uv_grid_candidate
face	3253	plane	supported_analytic_template	strategy.surface.plane	convex_simple_region	cutout.filleted_slot_deferred
face	3254	cylinder	deferred_residual_surface	reason.deferred_residual_surface	full_periodic_with_cap_boundaries	u_periodic;cutout.cylindrical_bore;cutout.multi_bore_cylinder_deferred;cutout.filleted_slot_deferred
face	3255	bspline	deferred_residual_surface	reason.deferred_residual_surface	convex_simple_region	mapped.non_four_sided_deferred;freeform.uv_grid_candidate
face	3256	bspline	deferred_residual_surface	reason.deferred_residual_surface	convex_simple_region	mapped.non_four_sided_deferred;freeform.uv_grid_candidate
face	3257	bspline	deferred_residual_surface	reason.deferred_residual_surface	convex_simple_region	mapped.non_four_sided_deferred;freeform.uv_grid_candidate
face	3258	plane	supported_analytic_template	strategy.surface.plane	multiple_disconnected_domains	reason.multidomain_decomposition_unproven;cutout.filleted_slot_deferred
face	3259	plane	supported_analytic_template	strategy.surface.plane	multiple_disconnected_domains	reason.multidomain_decomposition_unproven;cutout.filleted_slot_deferred
face	3260	plane	supported_analytic_template	strategy.surface.plane	concave_simple_region	cutout.filleted_slot_deferred
face	3261	plane	supported_analytic_template	strategy.surface.plane	multiple_disconnected_domains	reason.multidomain_decomposition_unproven;cutout.filleted_slot_deferred
face	3262	plane	supported_analytic_template	strategy.surface.plane	convex_simple_region	cutout.filleted_slot_deferred
face	3263	plane	supported_analytic_template	strategy.surface.plane	convex_simple_region	cutout.filleted_slot_deferred
face	3264	cylinder	deferred_residual_surface	reason.deferred_residual_surface	full_periodic_with_cap_boundaries	u_periodic;cutout.cylindrical_bore;cutout.multi_bore_cylinder_deferred;cutout.filleted_slot_deferred
face	3265	plane	supported_analytic_template	strategy.surface.plane	self_intersecting_or_invalid	cutout.filleted_slot_deferred
face	3266	plane	supported_analytic_template	strategy.surface.plane	multiple_disconnected_domains	reason.multidomain_decomposition_unproven;cutout.filleted_slot_deferred
face	3267	plane	supported_analytic_template	strategy.surface.plane	convex_simple_region	cutout.filleted_slot_deferred
face	3268	plane	supported_analytic_template	strategy.surface.plane	convex_simple_region	cutout.filleted_slot_deferred
face	3269	plane	supported_analytic_template	strategy.surface.plane	multiple_disconnected_domains	reason.multidomain_decomposition_unproven;cutout.filleted_slot_deferred
face	3270	plane	supported_analytic_template	strategy.surface.plane	convex_simple_region	cutout.filleted_slot_deferred
face	3271	plane	supported_analytic_template	strategy.surface.plane	multiple_disconnected_domains	reason.multidomain_decomposition_unproven;cutout.filleted_slot_deferred
face	3272	cylinder	deferred_residual_surface	reason.deferred_residual_surface	full_periodic_with_cap_boundaries	u_periodic;cutout.cylindrical_bore;cutout.multi_bore_cylinder_deferred;cutout.filleted_slot_deferred
face	3273	bspline	deferred_residual_surface	reason.deferred_residual_surface	convex_simple_region	mapped.non_four_sided_deferred;freeform.uv_grid_candidate
face	3274	bspline	deferred_residual_surface	reason.deferred_residual_surface	convex_simple_region	mapped.non_four_sided_deferred;freeform.uv_grid_candidate
face	3275	bspline	deferred_residual_surface	reason.deferred_residual_surface	convex_simple_region	mapped.non_four_sided_deferred;freeform.uv_grid_candidate
face	3276	cylinder	deferred_residual_surface	reason.deferred_residual_surface	full_periodic_with_cap_boundaries	u_periodic;cutout.cylindrical_bore;cutout.multi_bore_cylinder_deferred;cutout.filleted_slot_deferred
face	3277	plane	supported_analytic_template	strategy.surface.plane	concave_simple_region	cutout.filleted_slot_deferred
face	3278	plane	supported_analytic_template	strategy.surface.plane	concave_simple_region	cutout.filleted_slot_deferred
face	3279	plane	supported_analytic_template	strategy.surface.plane	convex_simple_region	cutout.filleted_slot_deferred
face	3280	plane	supported_analytic_template	strategy.surface.plane	multiple_disconnected_domains	reason.multidomain_decomposition_unproven;cutout.filleted_slot_deferred
face	3281	plane	supported_analytic_template	strategy.surface.plane	convex_simple_region	cutout.filleted_slot_deferred
face	3282	plane	supported_analytic_template	strategy.surface.plane	convex_simple_region	cutout.filleted_slot_deferred
face	3283	cylinder	deferred_residual_surface	reason.deferred_residual_surface	full_periodic_with_cap_boundaries	u_periodic;cutout.cylindrical_bore;cutout.multi_bore_cylinder_deferred;cutout.filleted_slot_deferred
face	3284	cylinder	deferred_residual_surface	reason.deferred_residual_surface	full_periodic_with_cap_boundaries	u_periodic;cutout.cylindrical_bore;cutout.multi_bore_cylinder_deferred;cutout.filleted_slot_deferred
face	3285	bspline	deferred_residual_surface	reason.deferred_residual_surface	convex_simple_region	mapped.non_four_sided_deferred;freeform.uv_grid_candidate
face	3286	plane	supported_analytic_template	strategy.surface.plane	convex_simple_region	cutout.filleted_slot_deferred
face	3287	bspline	deferred_residual_surface	reason.deferred_residual_surface	convex_simple_region	mapped.four_sided_candidate;freeform.uv_grid_candidate
face	3288	cylinder	deferred_residual_surface	reason.deferred_residual_surface	full_periodic_with_cap_boundaries	u_periodic;cutout.cylindrical_bore;cutout.multi_bore_cylinder_deferred;cutout.filleted_slot_deferred
face	3289	cylinder	deferred_residual_surface	reason.deferred_residual_surface	full_periodic_with_cap_boundaries	u_periodic;cutout.cylindrical_bore;cutout.multi_bore_cylinder_deferred;cutout.filleted_slot_deferred
face	3290	bspline	deferred_residual_surface	reason.deferred_residual_surface	convex_simple_region	mapped.non_four_sided_deferred;freeform.uv_grid_candidate
face	3291	cylinder	deferred_residual_surface	reason.deferred_residual_surface	full_periodic_with_cap_boundaries	u_periodic;cutout.cylindrical_bore;cutout.multi_bore_cylinder_deferred;cutout.filleted_slot_deferred
face	3292	bspline	deferred_residual_surface	reason.deferred_residual_surface	convex_simple_region	mapped.non_four_sided_deferred;freeform.uv_grid_candidate
face	3293	cylinder	deferred_residual_surface	reason.deferred_residual_surface	full_periodic_with_cap_boundaries	u_periodic;cutout.cylindrical_bore;cutout.multi_bore_cylinder_deferred;cutout.filleted_slot_deferred
face	3294	cylinder	deferred_residual_surface	reason.deferred_residual_surface	full_periodic_with_cap_boundaries	u_periodic;cutout.cylindrical_bore;cutout.multi_bore_cylinder_deferred;cutout.filleted_slot_deferred
face	3295	bspline	deferred_residual_surface	reason.deferred_residual_surface	convex_simple_region	mapped.four_sided_candidate;freeform.uv_grid_candidate
face	3296	torus	deferred_residual_surface	reason.deferred_residual_surface	full_periodic_with_cap_boundaries	u_periodic;v_periodic
face	3297	cylinder	deferred_residual_surface	reason.deferred_residual_surface	full_periodic_with_cap_boundaries	u_periodic;cutout.cylindrical_bore;cutout.multi_bore_cylinder_deferred;cutout.filleted_slot_deferred
face	3298	bspline	deferred_residual_surface	reason.deferred_residual_surface	convex_simple_region	mapped.four_sided_candidate;freeform.uv_grid_candidate
face	3299	bspline	deferred_residual_surface	reason.deferred_residual_surface	convex_simple_region	mapped.four_sided_candidate;freeform.uv_grid_candidate
face	3300	torus	deferred_residual_surface	reason.deferred_residual_surface	full_periodic_with_cap_boundaries	u_periodic;v_periodic
face	3301	cylinder	deferred_residual_surface	reason.deferred_residual_surface	full_periodic_with_cap_boundaries	u_periodic;cutout.cylindrical_bore;cutout.multi_bore_cylinder_deferred;cutout.filleted_slot_deferred
face	3302	torus	deferred_residual_surface	reason.deferred_residual_surface	full_periodic_with_cap_boundaries	u_periodic;v_periodic
face	3303	bspline	deferred_residual_surface	reason.deferred_residual_surface	convex_simple_region	mapped.four_sided_candidate;freeform.uv_grid_candidate
face	3304	bspline	deferred_residual_surface	reason.deferred_residual_surface	convex_simple_region	mapped.four_sided_candidate;freeform.uv_grid_candidate
face	3305	cylinder	deferred_residual_surface	reason.deferred_residual_surface	full_periodic_with_cap_boundaries	u_periodic;cutout.cylindrical_bore;cutout.multi_bore_cylinder_deferred;cutout.filleted_slot_deferred
face	3306	torus	deferred_residual_surface	reason.deferred_residual_surface	full_periodic_with_cap_boundaries	u_periodic;v_periodic
face	3307	plane	supported_analytic_template	strategy.surface.plane	convex_simple_region	cutout.filleted_slot_deferred
face	3308	plane	supported_analytic_template	strategy.surface.plane	multiple_disconnected_domains	reason.multidomain_decomposition_unproven;cutout.filleted_slot_deferred
face	3309	plane	supported_analytic_template	strategy.surface.plane	multiple_disconnected_domains	reason.multidomain_decomposition_unproven;cutout.filleted_slot_deferred
face	3310	cylinder	deferred_residual_surface	reason.deferred_residual_surface	full_periodic_with_cap_boundaries	u_periodic;cutout.cylindrical_bore;cutout.multi_bore_cylinder_deferred;cutout.filleted_slot_deferred
face	3311	cylinder	deferred_residual_surface	reason.deferred_residual_surface	full_periodic_with_cap_boundaries	u_periodic;cutout.cylindrical_bore;cutout.multi_bore_cylinder_deferred;cutout.filleted_slot_deferred
face	3312	cylinder	deferred_residual_surface	reason.deferred_residual_surface	full_periodic_with_cap_boundaries	u_periodic;cutout.cylindrical_bore;cutout.multi_bore_cylinder_deferred;cutout.filleted_slot_deferred
face	3313	cylinder	deferred_residual_surface	reason.deferred_residual_surface	full_periodic_with_cap_boundaries	u_periodic;cutout.cylindrical_bore;cutout.multi_bore_cylinder_deferred;cutout.filleted_slot_deferred
face	3314	cone	deferred_residual_surface	reason.deferred_residual_surface	full_periodic_with_cap_boundaries	u_periodic
face	3315	cone	deferred_residual_surface	reason.deferred_residual_surface	full_periodic_with_cap_boundaries	u_periodic
face	3316	cylinder	deferred_residual_surface	reason.deferred_residual_surface	full_periodic_with_cap_boundaries	u_periodic;cutout.cylindrical_bore;cutout.multi_bore_cylinder_deferred;cutout.filleted_slot_deferred
face	3317	cylinder	deferred_residual_surface	reason.deferred_residual_surface	full_periodic_with_cap_boundaries	u_periodic;cutout.cylindrical_bore;cutout.multi_bore_cylinder_deferred;cutout.filleted_slot_deferred
face	3318	cylinder	deferred_residual_surface	reason.deferred_residual_surface	full_periodic_with_cap_boundaries	u_periodic;cutout.cylindrical_bore;cutout.multi_bore_cylinder_deferred;cutout.filleted_slot_deferred
face	3319	cylinder	deferred_residual_surface	reason.deferred_residual_surface	full_periodic_with_cap_boundaries	u_periodic;cutout.cylindrical_bore;cutout.multi_bore_cylinder_deferred;cutout.filleted_slot_deferred
face	3320	cylinder	deferred_residual_surface	reason.deferred_residual_surface	full_periodic_with_cap_boundaries	u_periodic;cutout.cylindrical_bore;cutout.multi_bore_cylinder_deferred;cutout.filleted_slot_deferred
face	3321	cylinder	deferred_residual_surface	reason.deferred_residual_surface	full_periodic_with_cap_boundaries	u_periodic;cutout.cylindrical_bore;cutout.multi_bore_cylinder_deferred;cutout.filleted_slot_deferred
face	3322	cylinder	deferred_residual_surface	reason.deferred_residual_surface	full_periodic_with_cap_boundaries	u_periodic;cutout.multi_bore_cylinder_deferred;cutout.filleted_slot_deferred
face	3323	cylinder	deferred_residual_surface	reason.deferred_residual_surface	full_periodic_with_cap_boundaries	u_periodic;cutout.cylindrical_bore;cutout.multi_bore_cylinder_deferred;cutout.filleted_slot_deferred
face	3324	cylinder	deferred_residual_surface	reason.deferred_residual_surface	full_periodic_with_cap_boundaries	u_periodic;cutout.cylindrical_bore;cutout.multi_bore_cylinder_deferred;cutout.filleted_slot_deferred
face	3325	cylinder	deferred_residual_surface	reason.deferred_residual_surface	full_periodic_with_cap_boundaries	u_periodic;cutout.cylindrical_bore;cutout.multi_bore_cylinder_deferred;cutout.filleted_slot_deferred
face	3326	cylinder	deferred_residual_surface	reason.deferred_residual_surface	full_periodic_with_cap_boundaries	u_periodic;cutout.cylindrical_bore;cutout.multi_bore_cylinder_deferred;cutout.filleted_slot_deferred
face	3327	cylinder	deferred_residual_surface	reason.deferred_residual_surface	full_periodic_with_cap_boundaries	u_periodic;cutout.cylindrical_bore;cutout.multi_bore_cylinder_deferred;cutout.filleted_slot_deferred
face	3328	cylinder	deferred_residual_surface	reason.deferred_residual_surface	full_periodic_with_cap_boundaries	u_periodic;cutout.cylindrical_bore;cutout.multi_bore_cylinder_deferred;cutout.filleted_slot_deferred
face	3329	cylinder	deferred_residual_surface	reason.deferred_residual_surface	full_periodic_with_cap_boundaries	u_periodic;cutout.multi_bore_cylinder_deferred;cutout.filleted_slot_deferred
face	3330	cylinder	deferred_residual_surface	reason.deferred_residual_surface	full_periodic_with_cap_boundaries	u_periodic;cutout.cylindrical_bore;cutout.multi_bore_cylinder_deferred;cutout.filleted_slot_deferred
face	3331	cylinder	deferred_residual_surface	reason.deferred_residual_surface	full_periodic_with_cap_boundaries	u_periodic;cutout.cylindrical_bore;cutout.multi_bore_cylinder_deferred;cutout.filleted_slot_deferred
face	3332	cylinder	deferred_residual_surface	reason.deferred_residual_surface	full_periodic_with_cap_boundaries	u_periodic;cutout.cylindrical_bore;cutout.multi_bore_cylinder_deferred;cutout.filleted_slot_deferred
face	3333	cylinder	deferred_residual_surface	reason.deferred_residual_surface	full_periodic_with_cap_boundaries	u_periodic;cutout.cylindrical_bore;cutout.multi_bore_cylinder_deferred;cutout.filleted_slot_deferred
face	3334	plane	supported_analytic_template	strategy.surface.plane	multiple_disconnected_domains	reason.multidomain_decomposition_unproven;cutout.filleted_slot_deferred
face	3335	plane	supported_analytic_template	strategy.surface.plane	multiple_disconnected_domains	reason.multidomain_decomposition_unproven;cutout.filleted_slot_deferred
face	3336	bspline	deferred_residual_surface	reason.deferred_residual_surface	full_periodic_with_cap_boundaries	u_periodic;mapped.non_four_sided_deferred;freeform.general_deferred
face	3337	bspline	deferred_residual_surface	reason.deferred_residual_surface	full_periodic_with_cap_boundaries	u_periodic;mapped.non_four_sided_deferred;freeform.general_deferred
face	3338	bspline	deferred_residual_surface	reason.deferred_residual_surface	full_periodic_with_cap_boundaries	u_periodic;mapped.non_four_sided_deferred;freeform.general_deferred
face	3339	bspline	deferred_residual_surface	reason.deferred_residual_surface	full_periodic_with_cap_boundaries	u_periodic;mapped.non_four_sided_deferred;freeform.general_deferred
face	3340	bspline	deferred_residual_surface	reason.deferred_residual_surface	full_periodic_with_cap_boundaries	u_periodic;mapped.non_four_sided_deferred;freeform.general_deferred
face	3341	bspline	deferred_residual_surface	reason.deferred_residual_surface	full_periodic_with_cap_boundaries	u_periodic;mapped.non_four_sided_deferred;freeform.general_deferred
face	3342	bspline	deferred_residual_surface	reason.deferred_residual_surface	full_periodic_with_cap_boundaries	u_periodic;mapped.non_four_sided_deferred;freeform.general_deferred
face	3343	bspline	deferred_residual_surface	reason.deferred_residual_surface	full_periodic_with_cap_boundaries	u_periodic;mapped.non_four_sided_deferred;freeform.general_deferred
face	3344	bspline	deferred_residual_surface	reason.deferred_residual_surface	full_periodic_with_cap_boundaries	u_periodic;mapped.non_four_sided_deferred;freeform.general_deferred
face	3345	bspline	deferred_residual_surface	reason.deferred_residual_surface	full_periodic_with_cap_boundaries	u_periodic;mapped.non_four_sided_deferred;freeform.general_deferred
face	3346	bspline	deferred_residual_surface	reason.deferred_residual_surface	full_periodic_with_cap_boundaries	u_periodic;mapped.non_four_sided_deferred;freeform.general_deferred
face	3347	bspline	deferred_residual_surface	reason.deferred_residual_surface	full_periodic_with_cap_boundaries	u_periodic;mapped.non_four_sided_deferred;freeform.general_deferred
face	3348	bspline	deferred_residual_surface	reason.deferred_residual_surface	full_periodic_with_cap_boundaries	u_periodic;mapped.non_four_sided_deferred;freeform.general_deferred
face	3349	bspline	deferred_residual_surface	reason.deferred_residual_surface	full_periodic_with_cap_boundaries	u_periodic;mapped.non_four_sided_deferred;freeform.general_deferred
face	3350	bspline	deferred_residual_surface	reason.deferred_residual_surface	full_periodic_with_cap_boundaries	u_periodic;mapped.non_four_sided_deferred;freeform.general_deferred
face	3351	bspline	deferred_residual_surface	reason.deferred_residual_surface	full_periodic_with_cap_boundaries	u_periodic;mapped.non_four_sided_deferred;freeform.general_deferred
face	3352	bspline	deferred_residual_surface	reason.deferred_residual_surface	full_periodic_with_cap_boundaries	u_periodic;mapped.non_four_sided_deferred;freeform.general_deferred
face	3353	bspline	deferred_residual_surface	reason.deferred_residual_surface	full_periodic_with_cap_boundaries	u_periodic;mapped.non_four_sided_deferred;freeform.general_deferred
face	3354	bspline	deferred_residual_surface	reason.deferred_residual_surface	full_periodic_with_cap_boundaries	u_periodic;mapped.non_four_sided_deferred;freeform.general_deferred
face	3355	bspline	deferred_residual_surface	reason.deferred_residual_surface	full_periodic_with_cap_boundaries	u_periodic;mapped.non_four_sided_deferred;freeform.general_deferred
face	3356	bspline	deferred_residual_surface	reason.deferred_residual_surface	full_periodic_with_cap_boundaries	u_periodic;mapped.non_four_sided_deferred;freeform.general_deferred
face	3357	bspline	deferred_residual_surface	reason.deferred_residual_surface	full_periodic_with_cap_boundaries	u_periodic;mapped.non_four_sided_deferred;freeform.general_deferred
face	3358	bspline	deferred_residual_surface	reason.deferred_residual_surface	full_periodic_with_cap_boundaries	u_periodic;mapped.non_four_sided_deferred;freeform.general_deferred
face	3359	bspline	deferred_residual_surface	reason.deferred_residual_surface	full_periodic_with_cap_boundaries	u_periodic;mapped.non_four_sided_deferred;freeform.general_deferred
face	3360	bspline	deferred_residual_surface	reason.deferred_residual_surface	full_periodic_with_cap_boundaries	u_periodic;mapped.non_four_sided_deferred;freeform.general_deferred
face	3361	bspline	deferred_residual_surface	reason.deferred_residual_surface	full_periodic_with_cap_boundaries	u_periodic;mapped.non_four_sided_deferred;freeform.general_deferred
face	3362	bspline	deferred_residual_surface	reason.deferred_residual_surface	full_periodic_with_cap_boundaries	u_periodic;mapped.non_four_sided_deferred;freeform.general_deferred
face	3363	bspline	deferred_residual_surface	reason.deferred_residual_surface	full_periodic_with_cap_boundaries	u_periodic;mapped.non_four_sided_deferred;freeform.general_deferred
face	3364	bspline	deferred_residual_surface	reason.deferred_residual_surface	full_periodic_with_cap_boundaries	u_periodic;mapped.non_four_sided_deferred;freeform.general_deferred
face	3365	bspline	deferred_residual_surface	reason.deferred_residual_surface	full_periodic_with_cap_boundaries	u_periodic;mapped.non_four_sided_deferred;freeform.general_deferred
face	3366	bspline	deferred_residual_surface	reason.deferred_residual_surface	full_periodic_with_cap_boundaries	u_periodic;mapped.non_four_sided_deferred;freeform.general_deferred
face	3367	bspline	deferred_residual_surface	reason.deferred_residual_surface	full_periodic_with_cap_boundaries	u_periodic;mapped.non_four_sided_deferred;freeform.general_deferred
face	3368	bspline	deferred_residual_surface	reason.deferred_residual_surface	full_periodic_with_cap_boundaries	u_periodic;mapped.non_four_sided_deferred;freeform.general_deferred
face	3369	bspline	deferred_residual_surface	reason.deferred_residual_surface	full_periodic_with_cap_boundaries	u_periodic;mapped.non_four_sided_deferred;freeform.general_deferred
face	3370	bspline	deferred_residual_surface	reason.deferred_residual_surface	full_periodic_with_cap_boundaries	u_periodic;mapped.non_four_sided_deferred;freeform.general_deferred
face	3371	bspline	deferred_residual_surface	reason.deferred_residual_surface	full_periodic_with_cap_boundaries	u_periodic;mapped.non_four_sided_deferred;freeform.general_deferred
face	3372	bspline	deferred_residual_surface	reason.deferred_residual_surface	full_periodic_with_cap_boundaries	u_periodic;mapped.non_four_sided_deferred;freeform.general_deferred
face	3373	bspline	deferred_residual_surface	reason.deferred_residual_surface	full_periodic_with_cap_boundaries	u_periodic;mapped.non_four_sided_deferred;freeform.general_deferred
face	3374	bspline	deferred_residual_surface	reason.deferred_residual_surface	full_periodic_with_cap_boundaries	u_periodic;mapped.non_four_sided_deferred;freeform.general_deferred
face	3375	bspline	deferred_residual_surface	reason.deferred_residual_surface	full_periodic_with_cap_boundaries	u_periodic;mapped.non_four_sided_deferred;freeform.general_deferred
face	3376	bspline	deferred_residual_surface	reason.deferred_residual_surface	full_periodic_with_cap_boundaries	u_periodic;mapped.non_four_sided_deferred;freeform.general_deferred
face	3377	bspline	deferred_residual_surface	reason.deferred_residual_surface	full_periodic_with_cap_boundaries	u_periodic;mapped.non_four_sided_deferred;freeform.general_deferred
face	3378	bspline	deferred_residual_surface	reason.deferred_residual_surface	full_periodic_with_cap_boundaries	u_periodic;mapped.non_four_sided_deferred;freeform.general_deferred
face	3379	bspline	deferred_residual_surface	reason.deferred_residual_surface	full_periodic_with_cap_boundaries	u_periodic;mapped.non_four_sided_deferred;freeform.general_deferred
face	3380	bspline	deferred_residual_surface	reason.deferred_residual_surface	full_periodic_with_cap_boundaries	u_periodic;mapped.non_four_sided_deferred;freeform.general_deferred
face	3381	bspline	deferred_residual_surface	reason.deferred_residual_surface	full_periodic_with_cap_boundaries	u_periodic;mapped.non_four_sided_deferred;freeform.general_deferred
face	3382	bspline	deferred_residual_surface	reason.deferred_residual_surface	full_periodic_with_cap_boundaries	u_periodic;mapped.non_four_sided_deferred;freeform.general_deferred
face	3383	bspline	deferred_residual_surface	reason.deferred_residual_surface	full_periodic_with_cap_boundaries	u_periodic;mapped.non_four_sided_deferred;freeform.general_deferred
face	3384	bspline	deferred_residual_surface	reason.deferred_residual_surface	full_periodic_with_cap_boundaries	u_periodic;mapped.non_four_sided_deferred;freeform.general_deferred
face	3385	bspline	deferred_residual_surface	reason.deferred_residual_surface	full_periodic_with_cap_boundaries	u_periodic;mapped.non_four_sided_deferred;freeform.general_deferred
face	3386	bspline	deferred_residual_surface	reason.deferred_residual_surface	full_periodic_with_cap_boundaries	u_periodic;mapped.non_four_sided_deferred;freeform.general_deferred
face	3387	bspline	deferred_residual_surface	reason.deferred_residual_surface	full_periodic_with_cap_boundaries	u_periodic;mapped.non_four_sided_deferred;freeform.general_deferred
face	3388	bspline	deferred_residual_surface	reason.deferred_residual_surface	full_periodic_with_cap_boundaries	u_periodic;mapped.non_four_sided_deferred;freeform.general_deferred
face	3389	bspline	deferred_residual_surface	reason.deferred_residual_surface	full_periodic_with_cap_boundaries	u_periodic;mapped.non_four_sided_deferred;freeform.general_deferred
face	3390	bspline	deferred_residual_surface	reason.deferred_residual_surface	full_periodic_with_cap_boundaries	u_periodic;mapped.non_four_sided_deferred;freeform.general_deferred
face	3391	bspline	deferred_residual_surface	reason.deferred_residual_surface	full_periodic_with_cap_boundaries	u_periodic;mapped.non_four_sided_deferred;freeform.general_deferred
face	3392	bspline	deferred_residual_surface	reason.deferred_residual_surface	full_periodic_with_cap_boundaries	u_periodic;mapped.non_four_sided_deferred;freeform.general_deferred
face	3393	bspline	deferred_residual_surface	reason.deferred_residual_surface	full_periodic_with_cap_boundaries	u_periodic;mapped.non_four_sided_deferred;freeform.general_deferred
face	3394	bspline	deferred_residual_surface	reason.deferred_residual_surface	full_periodic_with_cap_boundaries	u_periodic;mapped.non_four_sided_deferred;freeform.general_deferred
face	3395	bspline	deferred_residual_surface	reason.deferred_residual_surface	full_periodic_with_cap_boundaries	u_periodic;mapped.non_four_sided_deferred;freeform.general_deferred
face	3396	bspline	deferred_residual_surface	reason.deferred_residual_surface	full_periodic_with_cap_boundaries	u_periodic;mapped.non_four_sided_deferred;freeform.general_deferred
face	3397	bspline	deferred_residual_surface	reason.deferred_residual_surface	full_periodic_with_cap_boundaries	u_periodic;mapped.non_four_sided_deferred;freeform.general_deferred
face	3398	bspline	deferred_residual_surface	reason.deferred_residual_surface	full_periodic_with_cap_boundaries	u_periodic;mapped.non_four_sided_deferred;freeform.general_deferred
face	3399	bspline	deferred_residual_surface	reason.deferred_residual_surface	full_periodic_with_cap_boundaries	u_periodic;mapped.non_four_sided_deferred;freeform.general_deferred
face	3400	bspline	deferred_residual_surface	reason.deferred_residual_surface	full_periodic_with_cap_boundaries	u_periodic;mapped.non_four_sided_deferred;freeform.general_deferred
face	3401	bspline	deferred_residual_surface	reason.deferred_residual_surface	full_periodic_with_cap_boundaries	u_periodic;mapped.non_four_sided_deferred;freeform.general_deferred
face	3402	bspline	deferred_residual_surface	reason.deferred_residual_surface	full_periodic_with_cap_boundaries	u_periodic;mapped.non_four_sided_deferred;freeform.general_deferred
face	3403	bspline	deferred_residual_surface	reason.deferred_residual_surface	full_periodic_with_cap_boundaries	u_periodic;mapped.non_four_sided_deferred;freeform.general_deferred
face	3404	bspline	deferred_residual_surface	reason.deferred_residual_surface	full_periodic_with_cap_boundaries	u_periodic;mapped.non_four_sided_deferred;freeform.general_deferred
face	3405	bspline	deferred_residual_surface	reason.deferred_residual_surface	full_periodic_with_cap_boundaries	u_periodic;mapped.non_four_sided_deferred;freeform.general_deferred
face	3406	bspline	deferred_residual_surface	reason.deferred_residual_surface	full_periodic_with_cap_boundaries	u_periodic;mapped.non_four_sided_deferred;freeform.general_deferred
face	3407	bspline	deferred_residual_surface	reason.deferred_residual_surface	full_periodic_with_cap_boundaries	u_periodic;mapped.non_four_sided_deferred;freeform.general_deferred
face	3408	bspline	deferred_residual_surface	reason.deferred_residual_surface	full_periodic_with_cap_boundaries	u_periodic;mapped.non_four_sided_deferred;freeform.general_deferred
face	3409	bspline	deferred_residual_surface	reason.deferred_residual_surface	full_periodic_with_cap_boundaries	u_periodic;mapped.non_four_sided_deferred;freeform.general_deferred
face	3410	bspline	deferred_residual_surface	reason.deferred_residual_surface	full_periodic_with_cap_boundaries	u_periodic;mapped.non_four_sided_deferred;freeform.general_deferred
face	3411	bspline	deferred_residual_surface	reason.deferred_residual_surface	full_periodic_with_cap_boundaries	u_periodic;mapped.non_four_sided_deferred;freeform.general_deferred
face	3412	bspline	deferred_residual_surface	reason.deferred_residual_surface	full_periodic_with_cap_boundaries	u_periodic;mapped.non_four_sided_deferred;freeform.general_deferred
face	3413	bspline	deferred_residual_surface	reason.deferred_residual_surface	full_periodic_with_cap_boundaries	u_periodic;mapped.non_four_sided_deferred;freeform.general_deferred
face	3414	bspline	deferred_residual_surface	reason.deferred_residual_surface	full_periodic_with_cap_boundaries	u_periodic;mapped.non_four_sided_deferred;freeform.general_deferred
face	3415	bspline	deferred_residual_surface	reason.deferred_residual_surface	full_periodic_with_cap_boundaries	u_periodic;mapped.non_four_sided_deferred;freeform.general_deferred
face	3416	bspline	deferred_residual_surface	reason.deferred_residual_surface	full_periodic_with_cap_boundaries	u_periodic;mapped.non_four_sided_deferred;freeform.general_deferred
face	3417	bspline	deferred_residual_surface	reason.deferred_residual_surface	full_periodic_with_cap_boundaries	u_periodic;mapped.non_four_sided_deferred;freeform.general_deferred
face	3418	bspline	deferred_residual_surface	reason.deferred_residual_surface	full_periodic_with_cap_boundaries	u_periodic;mapped.non_four_sided_deferred;freeform.general_deferred
face	3419	bspline	deferred_residual_surface	reason.deferred_residual_surface	full_periodic_with_cap_boundaries	u_periodic;mapped.non_four_sided_deferred;freeform.general_deferred
face	3420	bspline	deferred_residual_surface	reason.deferred_residual_surface	full_periodic_with_cap_boundaries	u_periodic;mapped.non_four_sided_deferred;freeform.general_deferred
face	3421	bspline	deferred_residual_surface	reason.deferred_residual_surface	full_periodic_with_cap_boundaries	u_periodic;mapped.non_four_sided_deferred;freeform.general_deferred
face	3422	bspline	deferred_residual_surface	reason.deferred_residual_surface	full_periodic_with_cap_boundaries	u_periodic;mapped.non_four_sided_deferred;freeform.general_deferred
face	3423	bspline	deferred_residual_surface	reason.deferred_residual_surface	full_periodic_with_cap_boundaries	u_periodic;mapped.non_four_sided_deferred;freeform.general_deferred
face	3424	bspline	deferred_residual_surface	reason.deferred_residual_surface	full_periodic_with_cap_boundaries	u_periodic;mapped.non_four_sided_deferred;freeform.general_deferred
face	3425	bspline	deferred_residual_surface	reason.deferred_residual_surface	full_periodic_with_cap_boundaries	u_periodic;mapped.non_four_sided_deferred;freeform.general_deferred
face	3426	bspline	deferred_residual_surface	reason.deferred_residual_surface	full_periodic_with_cap_boundaries	u_periodic;mapped.non_four_sided_deferred;freeform.general_deferred
face	3427	bspline	deferred_residual_surface	reason.deferred_residual_surface	full_periodic_with_cap_boundaries	u_periodic;mapped.non_four_sided_deferred;freeform.general_deferred
face	3428	bspline	deferred_residual_surface	reason.deferred_residual_surface	full_periodic_with_cap_boundaries	u_periodic;mapped.non_four_sided_deferred;freeform.general_deferred
face	3429	bspline	deferred_residual_surface	reason.deferred_residual_surface	full_periodic_with_cap_boundaries	u_periodic;mapped.non_four_sided_deferred;freeform.general_deferred
face	3430	bspline	deferred_residual_surface	reason.deferred_residual_surface	full_periodic_with_cap_boundaries	u_periodic;mapped.non_four_sided_deferred;freeform.general_deferred
face	3431	bspline	deferred_residual_surface	reason.deferred_residual_surface	full_periodic_with_cap_boundaries	u_periodic;mapped.non_four_sided_deferred;freeform.general_deferred
face	3432	bspline	deferred_residual_surface	reason.deferred_residual_surface	full_periodic_with_cap_boundaries	u_periodic;mapped.non_four_sided_deferred;freeform.general_deferred
face	3433	bspline	deferred_residual_surface	reason.deferred_residual_surface	full_periodic_with_cap_boundaries	u_periodic;mapped.non_four_sided_deferred;freeform.general_deferred
face	3434	bspline	deferred_residual_surface	reason.deferred_residual_surface	full_periodic_with_cap_boundaries	u_periodic;mapped.non_four_sided_deferred;freeform.general_deferred
face	3435	bspline	deferred_residual_surface	reason.deferred_residual_surface	full_periodic_with_cap_boundaries	u_periodic;mapped.non_four_sided_deferred;freeform.general_deferred
face	3436	bspline	deferred_residual_surface	reason.deferred_residual_surface	full_periodic_with_cap_boundaries	u_periodic;mapped.non_four_sided_deferred;freeform.general_deferred
face	3437	plane	supported_analytic_template	strategy.surface.plane	multiple_disconnected_domains	reason.multidomain_decomposition_unproven;cutout.filleted_slot_deferred
face	3438	plane	supported_analytic_template	strategy.surface.plane	multiple_disconnected_domains	reason.multidomain_decomposition_unproven;cutout.filleted_slot_deferred
face	3439	bspline	deferred_residual_surface	reason.deferred_residual_surface	full_periodic_with_cap_boundaries	u_periodic;mapped.non_four_sided_deferred;freeform.general_deferred
face	3440	bspline	deferred_residual_surface	reason.deferred_residual_surface	full_periodic_with_cap_boundaries	u_periodic;mapped.non_four_sided_deferred;freeform.general_deferred
face	3441	bspline	deferred_residual_surface	reason.deferred_residual_surface	full_periodic_with_cap_boundaries	u_periodic;mapped.non_four_sided_deferred;freeform.general_deferred
face	3442	bspline	deferred_residual_surface	reason.deferred_residual_surface	full_periodic_with_cap_boundaries	u_periodic;mapped.non_four_sided_deferred;freeform.general_deferred
face	3443	bspline	deferred_residual_surface	reason.deferred_residual_surface	full_periodic_with_cap_boundaries	u_periodic;mapped.non_four_sided_deferred;freeform.general_deferred
face	3444	bspline	deferred_residual_surface	reason.deferred_residual_surface	full_periodic_with_cap_boundaries	u_periodic;mapped.non_four_sided_deferred;freeform.general_deferred
face	3445	bspline	deferred_residual_surface	reason.deferred_residual_surface	full_periodic_with_cap_boundaries	u_periodic;mapped.non_four_sided_deferred;freeform.general_deferred
face	3446	bspline	deferred_residual_surface	reason.deferred_residual_surface	full_periodic_with_cap_boundaries	u_periodic;mapped.non_four_sided_deferred;freeform.general_deferred
face	3447	bspline	deferred_residual_surface	reason.deferred_residual_surface	full_periodic_with_cap_boundaries	u_periodic;mapped.non_four_sided_deferred;freeform.general_deferred
face	3448	bspline	deferred_residual_surface	reason.deferred_residual_surface	full_periodic_with_cap_boundaries	u_periodic;mapped.non_four_sided_deferred;freeform.general_deferred
face	3449	bspline	deferred_residual_surface	reason.deferred_residual_surface	full_periodic_with_cap_boundaries	u_periodic;mapped.non_four_sided_deferred;freeform.general_deferred
face	3450	bspline	deferred_residual_surface	reason.deferred_residual_surface	full_periodic_with_cap_boundaries	u_periodic;mapped.non_four_sided_deferred;freeform.general_deferred
face	3451	bspline	deferred_residual_surface	reason.deferred_residual_surface	full_periodic_with_cap_boundaries	u_periodic;mapped.non_four_sided_deferred;freeform.general_deferred
face	3452	bspline	deferred_residual_surface	reason.deferred_residual_surface	full_periodic_with_cap_boundaries	u_periodic;mapped.non_four_sided_deferred;freeform.general_deferred
face	3453	bspline	deferred_residual_surface	reason.deferred_residual_surface	full_periodic_with_cap_boundaries	u_periodic;mapped.non_four_sided_deferred;freeform.general_deferred
face	3454	bspline	deferred_residual_surface	reason.deferred_residual_surface	full_periodic_with_cap_boundaries	u_periodic;mapped.non_four_sided_deferred;freeform.general_deferred
face	3455	bspline	deferred_residual_surface	reason.deferred_residual_surface	full_periodic_with_cap_boundaries	u_periodic;mapped.non_four_sided_deferred;freeform.general_deferred
face	3456	bspline	deferred_residual_surface	reason.deferred_residual_surface	full_periodic_with_cap_boundaries	u_periodic;mapped.non_four_sided_deferred;freeform.general_deferred
face	3457	bspline	deferred_residual_surface	reason.deferred_residual_surface	full_periodic_with_cap_boundaries	u_periodic;mapped.non_four_sided_deferred;freeform.general_deferred
face	3458	bspline	deferred_residual_surface	reason.deferred_residual_surface	full_periodic_with_cap_boundaries	u_periodic;mapped.non_four_sided_deferred;freeform.general_deferred
face	3459	bspline	deferred_residual_surface	reason.deferred_residual_surface	full_periodic_with_cap_boundaries	u_periodic;mapped.non_four_sided_deferred;freeform.general_deferred
face	3460	bspline	deferred_residual_surface	reason.deferred_residual_surface	full_periodic_with_cap_boundaries	u_periodic;mapped.non_four_sided_deferred;freeform.general_deferred
face	3461	bspline	deferred_residual_surface	reason.deferred_residual_surface	full_periodic_with_cap_boundaries	u_periodic;mapped.non_four_sided_deferred;freeform.general_deferred
face	3462	bspline	deferred_residual_surface	reason.deferred_residual_surface	full_periodic_with_cap_boundaries	u_periodic;mapped.non_four_sided_deferred;freeform.general_deferred
face	3463	bspline	deferred_residual_surface	reason.deferred_residual_surface	full_periodic_with_cap_boundaries	u_periodic;mapped.non_four_sided_deferred;freeform.general_deferred
face	3464	bspline	deferred_residual_surface	reason.deferred_residual_surface	full_periodic_with_cap_boundaries	u_periodic;mapped.non_four_sided_deferred;freeform.general_deferred
face	3465	bspline	deferred_residual_surface	reason.deferred_residual_surface	full_periodic_with_cap_boundaries	u_periodic;mapped.non_four_sided_deferred;freeform.general_deferred
face	3466	bspline	deferred_residual_surface	reason.deferred_residual_surface	full_periodic_with_cap_boundaries	u_periodic;mapped.non_four_sided_deferred;freeform.general_deferred
face	3467	bspline	deferred_residual_surface	reason.deferred_residual_surface	full_periodic_with_cap_boundaries	u_periodic;mapped.non_four_sided_deferred;freeform.general_deferred
face	3468	bspline	deferred_residual_surface	reason.deferred_residual_surface	full_periodic_with_cap_boundaries	u_periodic;mapped.non_four_sided_deferred;freeform.general_deferred
face	3469	bspline	deferred_residual_surface	reason.deferred_residual_surface	full_periodic_with_cap_boundaries	u_periodic;mapped.non_four_sided_deferred;freeform.general_deferred
face	3470	bspline	deferred_residual_surface	reason.deferred_residual_surface	full_periodic_with_cap_boundaries	u_periodic;mapped.non_four_sided_deferred;freeform.general_deferred
face	3471	bspline	deferred_residual_surface	reason.deferred_residual_surface	full_periodic_with_cap_boundaries	u_periodic;mapped.non_four_sided_deferred;freeform.general_deferred
face	3472	bspline	deferred_residual_surface	reason.deferred_residual_surface	full_periodic_with_cap_boundaries	u_periodic;mapped.non_four_sided_deferred;freeform.general_deferred
face	3473	bspline	deferred_residual_surface	reason.deferred_residual_surface	full_periodic_with_cap_boundaries	u_periodic;mapped.non_four_sided_deferred;freeform.general_deferred
face	3474	bspline	deferred_residual_surface	reason.deferred_residual_surface	full_periodic_with_cap_boundaries	u_periodic;mapped.non_four_sided_deferred;freeform.general_deferred
face	3475	bspline	deferred_residual_surface	reason.deferred_residual_surface	full_periodic_with_cap_boundaries	u_periodic;mapped.non_four_sided_deferred;freeform.general_deferred
face	3476	bspline	deferred_residual_surface	reason.deferred_residual_surface	full_periodic_with_cap_boundaries	u_periodic;mapped.non_four_sided_deferred;freeform.general_deferred
face	3477	bspline	deferred_residual_surface	reason.deferred_residual_surface	full_periodic_with_cap_boundaries	u_periodic;mapped.non_four_sided_deferred;freeform.general_deferred
face	3478	bspline	deferred_residual_surface	reason.deferred_residual_surface	full_periodic_with_cap_boundaries	u_periodic;mapped.non_four_sided_deferred;freeform.general_deferred
face	3479	bspline	deferred_residual_surface	reason.deferred_residual_surface	full_periodic_with_cap_boundaries	u_periodic;mapped.non_four_sided_deferred;freeform.general_deferred
face	3480	bspline	deferred_residual_surface	reason.deferred_residual_surface	full_periodic_with_cap_boundaries	u_periodic;mapped.non_four_sided_deferred;freeform.general_deferred
face	3481	bspline	deferred_residual_surface	reason.deferred_residual_surface	full_periodic_with_cap_boundaries	u_periodic;mapped.non_four_sided_deferred;freeform.general_deferred
face	3482	bspline	deferred_residual_surface	reason.deferred_residual_surface	full_periodic_with_cap_boundaries	u_periodic;mapped.non_four_sided_deferred;freeform.general_deferred
face	3483	bspline	deferred_residual_surface	reason.deferred_residual_surface	full_periodic_with_cap_boundaries	u_periodic;mapped.non_four_sided_deferred;freeform.general_deferred
face	3484	bspline	deferred_residual_surface	reason.deferred_residual_surface	full_periodic_with_cap_boundaries	u_periodic;mapped.non_four_sided_deferred;freeform.general_deferred
face	3485	bspline	deferred_residual_surface	reason.deferred_residual_surface	full_periodic_with_cap_boundaries	u_periodic;mapped.non_four_sided_deferred;freeform.general_deferred
face	3486	bspline	deferred_residual_surface	reason.deferred_residual_surface	full_periodic_with_cap_boundaries	u_periodic;mapped.non_four_sided_deferred;freeform.general_deferred
face	3487	bspline	deferred_residual_surface	reason.deferred_residual_surface	full_periodic_with_cap_boundaries	u_periodic;mapped.non_four_sided_deferred;freeform.general_deferred
face	3488	bspline	deferred_residual_surface	reason.deferred_residual_surface	full_periodic_with_cap_boundaries	u_periodic;mapped.non_four_sided_deferred;freeform.general_deferred
face	3489	bspline	deferred_residual_surface	reason.deferred_residual_surface	full_periodic_with_cap_boundaries	u_periodic;mapped.non_four_sided_deferred;freeform.general_deferred
face	3490	bspline	deferred_residual_surface	reason.deferred_residual_surface	full_periodic_with_cap_boundaries	u_periodic;mapped.non_four_sided_deferred;freeform.general_deferred
face	3491	bspline	deferred_residual_surface	reason.deferred_residual_surface	full_periodic_with_cap_boundaries	u_periodic;mapped.non_four_sided_deferred;freeform.general_deferred
face	3492	bspline	deferred_residual_surface	reason.deferred_residual_surface	full_periodic_with_cap_boundaries	u_periodic;mapped.non_four_sided_deferred;freeform.general_deferred
face	3493	bspline	deferred_residual_surface	reason.deferred_residual_surface	full_periodic_with_cap_boundaries	u_periodic;mapped.non_four_sided_deferred;freeform.general_deferred
face	3494	bspline	deferred_residual_surface	reason.deferred_residual_surface	full_periodic_with_cap_boundaries	u_periodic;mapped.non_four_sided_deferred;freeform.general_deferred
face	3495	bspline	deferred_residual_surface	reason.deferred_residual_surface	full_periodic_with_cap_boundaries	u_periodic;mapped.non_four_sided_deferred;freeform.general_deferred
face	3496	bspline	deferred_residual_surface	reason.deferred_residual_surface	full_periodic_with_cap_boundaries	u_periodic;mapped.non_four_sided_deferred;freeform.general_deferred
face	3497	bspline	deferred_residual_surface	reason.deferred_residual_surface	full_periodic_with_cap_boundaries	u_periodic;mapped.non_four_sided_deferred;freeform.general_deferred
face	3498	bspline	deferred_residual_surface	reason.deferred_residual_surface	full_periodic_with_cap_boundaries	u_periodic;mapped.non_four_sided_deferred;freeform.general_deferred
face	3499	bspline	deferred_residual_surface	reason.deferred_residual_surface	full_periodic_with_cap_boundaries	u_periodic;mapped.non_four_sided_deferred;freeform.general_deferred
face	3500	bspline	deferred_residual_surface	reason.deferred_residual_surface	full_periodic_with_cap_boundaries	u_periodic;mapped.non_four_sided_deferred;freeform.general_deferred
face	3501	bspline	deferred_residual_surface	reason.deferred_residual_surface	full_periodic_with_cap_boundaries	u_periodic;mapped.non_four_sided_deferred;freeform.general_deferred
face	3502	bspline	deferred_residual_surface	reason.deferred_residual_surface	full_periodic_with_cap_boundaries	u_periodic;mapped.non_four_sided_deferred;freeform.general_deferred
face	3503	bspline	deferred_residual_surface	reason.deferred_residual_surface	full_periodic_with_cap_boundaries	u_periodic;mapped.non_four_sided_deferred;freeform.general_deferred
face	3504	bspline	deferred_residual_surface	reason.deferred_residual_surface	full_periodic_with_cap_boundaries	u_periodic;mapped.non_four_sided_deferred;freeform.general_deferred
face	3505	bspline	deferred_residual_surface	reason.deferred_residual_surface	full_periodic_with_cap_boundaries	u_periodic;mapped.non_four_sided_deferred;freeform.general_deferred
face	3506	bspline	deferred_residual_surface	reason.deferred_residual_surface	full_periodic_with_cap_boundaries	u_periodic;mapped.non_four_sided_deferred;freeform.general_deferred
face	3507	bspline	deferred_residual_surface	reason.deferred_residual_surface	full_periodic_with_cap_boundaries	u_periodic;mapped.non_four_sided_deferred;freeform.general_deferred
face	3508	bspline	deferred_residual_surface	reason.deferred_residual_surface	full_periodic_with_cap_boundaries	u_periodic;mapped.non_four_sided_deferred;freeform.general_deferred
face	3509	bspline	deferred_residual_surface	reason.deferred_residual_surface	full_periodic_with_cap_boundaries	u_periodic;mapped.non_four_sided_deferred;freeform.general_deferred
face	3510	bspline	deferred_residual_surface	reason.deferred_residual_surface	full_periodic_with_cap_boundaries	u_periodic;mapped.non_four_sided_deferred;freeform.general_deferred
face	3511	bspline	deferred_residual_surface	reason.deferred_residual_surface	full_periodic_with_cap_boundaries	u_periodic;mapped.non_four_sided_deferred;freeform.general_deferred
face	3512	bspline	deferred_residual_surface	reason.deferred_residual_surface	full_periodic_with_cap_boundaries	u_periodic;mapped.non_four_sided_deferred;freeform.general_deferred
face	3513	bspline	deferred_residual_surface	reason.deferred_residual_surface	full_periodic_with_cap_boundaries	u_periodic;mapped.non_four_sided_deferred;freeform.general_deferred
face	3514	bspline	deferred_residual_surface	reason.deferred_residual_surface	full_periodic_with_cap_boundaries	u_periodic;mapped.non_four_sided_deferred;freeform.general_deferred
face	3515	bspline	deferred_residual_surface	reason.deferred_residual_surface	full_periodic_with_cap_boundaries	u_periodic;mapped.non_four_sided_deferred;freeform.general_deferred
face	3516	bspline	deferred_residual_surface	reason.deferred_residual_surface	full_periodic_with_cap_boundaries	u_periodic;mapped.non_four_sided_deferred;freeform.general_deferred
face	3517	bspline	deferred_residual_surface	reason.deferred_residual_surface	full_periodic_with_cap_boundaries	u_periodic;mapped.non_four_sided_deferred;freeform.general_deferred
face	3518	bspline	deferred_residual_surface	reason.deferred_residual_surface	full_periodic_with_cap_boundaries	u_periodic;mapped.non_four_sided_deferred;freeform.general_deferred
face	3519	bspline	deferred_residual_surface	reason.deferred_residual_surface	full_periodic_with_cap_boundaries	u_periodic;mapped.non_four_sided_deferred;freeform.general_deferred
face	3520	bspline	deferred_residual_surface	reason.deferred_residual_surface	full_periodic_with_cap_boundaries	u_periodic;mapped.non_four_sided_deferred;freeform.general_deferred
face	3521	bspline	deferred_residual_surface	reason.deferred_residual_surface	full_periodic_with_cap_boundaries	u_periodic;mapped.non_four_sided_deferred;freeform.general_deferred
face	3522	bspline	deferred_residual_surface	reason.deferred_residual_surface	full_periodic_with_cap_boundaries	u_periodic;mapped.non_four_sided_deferred;freeform.general_deferred
face	3523	bspline	deferred_residual_surface	reason.deferred_residual_surface	full_periodic_with_cap_boundaries	u_periodic;mapped.non_four_sided_deferred;freeform.general_deferred
face	3524	bspline	deferred_residual_surface	reason.deferred_residual_surface	full_periodic_with_cap_boundaries	u_periodic;mapped.non_four_sided_deferred;freeform.general_deferred
face	3525	bspline	deferred_residual_surface	reason.deferred_residual_surface	full_periodic_with_cap_boundaries	u_periodic;mapped.non_four_sided_deferred;freeform.general_deferred
face	3526	bspline	deferred_residual_surface	reason.deferred_residual_surface	full_periodic_with_cap_boundaries	u_periodic;mapped.non_four_sided_deferred;freeform.general_deferred
face	3527	bspline	deferred_residual_surface	reason.deferred_residual_surface	full_periodic_with_cap_boundaries	u_periodic;mapped.non_four_sided_deferred;freeform.general_deferred
face	3528	bspline	deferred_residual_surface	reason.deferred_residual_surface	full_periodic_with_cap_boundaries	u_periodic;mapped.non_four_sided_deferred;freeform.general_deferred
face	3529	bspline	deferred_residual_surface	reason.deferred_residual_surface	full_periodic_with_cap_boundaries	u_periodic;mapped.non_four_sided_deferred;freeform.general_deferred
face	3530	bspline	deferred_residual_surface	reason.deferred_residual_surface	full_periodic_with_cap_boundaries	u_periodic;mapped.non_four_sided_deferred;freeform.general_deferred
face	3531	bspline	deferred_residual_surface	reason.deferred_residual_surface	full_periodic_with_cap_boundaries	u_periodic;mapped.non_four_sided_deferred;freeform.general_deferred
face	3532	bspline	deferred_residual_surface	reason.deferred_residual_surface	full_periodic_with_cap_boundaries	u_periodic;mapped.non_four_sided_deferred;freeform.general_deferred
face	3533	bspline	deferred_residual_surface	reason.deferred_residual_surface	full_periodic_with_cap_boundaries	u_periodic;mapped.non_four_sided_deferred;freeform.general_deferred
face	3534	bspline	deferred_residual_surface	reason.deferred_residual_surface	full_periodic_with_cap_boundaries	u_periodic;mapped.non_four_sided_deferred;freeform.general_deferred
face	3535	bspline	deferred_residual_surface	reason.deferred_residual_surface	full_periodic_with_cap_boundaries	u_periodic;mapped.non_four_sided_deferred;freeform.general_deferred
face	3536	bspline	deferred_residual_surface	reason.deferred_residual_surface	full_periodic_with_cap_boundaries	u_periodic;mapped.non_four_sided_deferred;freeform.general_deferred
face	3537	bspline	deferred_residual_surface	reason.deferred_residual_surface	full_periodic_with_cap_boundaries	u_periodic;mapped.non_four_sided_deferred;freeform.general_deferred
face	3538	bspline	deferred_residual_surface	reason.deferred_residual_surface	full_periodic_with_cap_boundaries	u_periodic;mapped.non_four_sided_deferred;freeform.general_deferred
face	3539	bspline	deferred_residual_surface	reason.deferred_residual_surface	full_periodic_with_cap_boundaries	u_periodic;mapped.non_four_sided_deferred;freeform.general_deferred
face	3540	plane	supported_analytic_template	strategy.surface.plane	convex_simple_region	cutout.filleted_slot_deferred
face	3541	plane	supported_analytic_template	strategy.surface.plane	convex_simple_region	cutout.filleted_slot_deferred
face	3542	plane	supported_analytic_template	strategy.surface.plane	convex_simple_region	cutout.filleted_slot_deferred
face	3543	bspline	deferred_residual_surface	reason.deferred_residual_surface	open_or_gapped_loop	mapped.non_four_sided_deferred;freeform.general_deferred
face	3544	plane	supported_analytic_template	strategy.surface.plane	annulus	cutout.planar_perforated;cutout.filleted_slot_deferred
face	3545	cylinder	deferred_residual_surface	reason.deferred_residual_surface	full_periodic_with_cap_boundaries	u_periodic;cutout.cylindrical_bore;cutout.multi_bore_cylinder_deferred;cutout.filleted_slot_deferred
face	3546	cylinder	deferred_residual_surface	reason.deferred_residual_surface	full_periodic_with_cap_boundaries	u_periodic;cutout.cylindrical_bore;cutout.multi_bore_cylinder_deferred;cutout.filleted_slot_deferred
face	3547	plane	supported_analytic_template	strategy.surface.plane	multiple_disconnected_domains	reason.multidomain_decomposition_unproven;cutout.filleted_slot_deferred
face	3548	plane	supported_analytic_template	strategy.surface.plane	multiple_disconnected_domains	reason.multidomain_decomposition_unproven;cutout.filleted_slot_deferred
face	3549	plane	supported_analytic_template	strategy.surface.plane	convex_simple_region	cutout.filleted_slot_deferred
face	3550	plane	supported_analytic_template	strategy.surface.plane	convex_simple_region	cutout.filleted_slot_deferred
face	3551	plane	supported_analytic_template	strategy.surface.plane	convex_simple_region	cutout.filleted_slot_deferred
face	3552	plane	supported_analytic_template	strategy.surface.plane	annulus	cutout.planar_perforated;cutout.filleted_slot_deferred
face	3553	cylinder	deferred_residual_surface	reason.deferred_residual_surface	full_periodic_with_cap_boundaries	u_periodic;cutout.cylindrical_bore;cutout.multi_bore_cylinder_deferred;cutout.filleted_slot_deferred
face	3554	cylinder	deferred_residual_surface	reason.deferred_residual_surface	full_periodic_with_cap_boundaries	u_periodic;cutout.cylindrical_bore;cutout.multi_bore_cylinder_deferred;cutout.filleted_slot_deferred
face	3555	plane	supported_analytic_template	strategy.surface.plane	multiple_disconnected_domains	reason.multidomain_decomposition_unproven;cutout.filleted_slot_deferred
face	3556	bspline	deferred_residual_surface	reason.deferred_residual_surface	open_or_gapped_loop	mapped.non_four_sided_deferred;freeform.general_deferred
face	3557	plane	supported_analytic_template	strategy.surface.plane	annulus	cutout.planar_perforated;cutout.filleted_slot_deferred
face	3558	cylinder	deferred_residual_surface	reason.deferred_residual_surface	full_periodic_with_cap_boundaries	u_periodic;cutout.cylindrical_bore;cutout.multi_bore_cylinder_deferred;cutout.filleted_slot_deferred
face	3559	cylinder	deferred_residual_surface	reason.deferred_residual_surface	full_periodic_with_cap_boundaries	u_periodic;cutout.cylindrical_bore;cutout.multi_bore_cylinder_deferred;cutout.filleted_slot_deferred
face	3560	cylinder	deferred_residual_surface	reason.deferred_residual_surface	full_periodic_with_cap_boundaries	u_periodic;cutout.cylindrical_bore;cutout.multi_bore_cylinder_deferred;cutout.filleted_slot_deferred
face	3561	plane	supported_analytic_template	strategy.surface.plane	multiple_disconnected_domains	reason.multidomain_decomposition_unproven;cutout.filleted_slot_deferred
face	3562	cylinder	deferred_residual_surface	reason.deferred_residual_surface	full_periodic_with_cap_boundaries	u_periodic;cutout.cylindrical_bore;cutout.multi_bore_cylinder_deferred;cutout.filleted_slot_deferred
face	3563	cylinder	deferred_residual_surface	reason.deferred_residual_surface	full_periodic_with_cap_boundaries	u_periodic;cutout.cylindrical_bore;cutout.multi_bore_cylinder_deferred;cutout.filleted_slot_deferred
face	3564	cylinder	deferred_residual_surface	reason.deferred_residual_surface	full_periodic_with_cap_boundaries	u_periodic;cutout.cylindrical_bore;cutout.multi_bore_cylinder_deferred;cutout.filleted_slot_deferred
face	3565	cylinder	deferred_residual_surface	reason.deferred_residual_surface	full_periodic_with_cap_boundaries	u_periodic;cutout.cylindrical_bore;cutout.multi_bore_cylinder_deferred;cutout.filleted_slot_deferred
face	3566	cylinder	deferred_residual_surface	reason.deferred_residual_surface	full_periodic_with_cap_boundaries	u_periodic;cutout.cylindrical_bore;cutout.multi_bore_cylinder_deferred;cutout.filleted_slot_deferred
face	3567	cylinder	deferred_residual_surface	reason.deferred_residual_surface	full_periodic_with_cap_boundaries	u_periodic;cutout.cylindrical_bore;cutout.multi_bore_cylinder_deferred;cutout.filleted_slot_deferred
face	3568	plane	supported_analytic_template	strategy.surface.plane	multiple_disconnected_domains	reason.multidomain_decomposition_unproven;cutout.filleted_slot_deferred
face	3569	cylinder	deferred_residual_surface	reason.deferred_residual_surface	full_periodic_with_cap_boundaries	u_periodic;cutout.cylindrical_bore;cutout.multi_bore_cylinder_deferred;cutout.filleted_slot_deferred
face	3570	cylinder	deferred_residual_surface	reason.deferred_residual_surface	full_periodic_with_cap_boundaries	u_periodic;cutout.cylindrical_bore;cutout.multi_bore_cylinder_deferred;cutout.filleted_slot_deferred
face	3571	cylinder	deferred_residual_surface	reason.deferred_residual_surface	full_periodic_with_cap_boundaries	u_periodic;cutout.cylindrical_bore;cutout.multi_bore_cylinder_deferred;cutout.filleted_slot_deferred
face	3572	plane	supported_analytic_template	strategy.surface.plane	multiple_disconnected_domains	reason.multidomain_decomposition_unproven;cutout.filleted_slot_deferred
face	3573	plane	supported_analytic_template	strategy.surface.plane	multiple_disconnected_domains	reason.multidomain_decomposition_unproven;cutout.filleted_slot_deferred
face	3574	plane	supported_analytic_template	strategy.surface.plane	multiple_disconnected_domains	reason.multidomain_decomposition_unproven;cutout.filleted_slot_deferred
face	3575	plane	supported_analytic_template	strategy.surface.plane	concave_simple_region	cutout.filleted_slot_deferred
face	3576	plane	supported_analytic_template	strategy.surface.plane	multiple_disconnected_domains	reason.multidomain_decomposition_unproven;cutout.filleted_slot_deferred
face	3577	plane	supported_analytic_template	strategy.surface.plane	convex_simple_region	cutout.filleted_slot_deferred
face	3578	plane	supported_analytic_template	strategy.surface.plane	convex_simple_region	cutout.filleted_slot_deferred
face	3579	plane	supported_analytic_template	strategy.surface.plane	convex_simple_region	cutout.filleted_slot_deferred
face	3580	plane	supported_analytic_template	strategy.surface.plane	multiple_disconnected_domains	reason.multidomain_decomposition_unproven;cutout.filleted_slot_deferred
face	3581	plane	supported_analytic_template	strategy.surface.plane	multiple_disconnected_domains	reason.multidomain_decomposition_unproven;cutout.filleted_slot_deferred
face	3582	plane	supported_analytic_template	strategy.surface.plane	multiple_disconnected_domains	reason.multidomain_decomposition_unproven;cutout.filleted_slot_deferred
face	3583	plane	supported_analytic_template	strategy.surface.plane	multiple_disconnected_domains	reason.multidomain_decomposition_unproven;cutout.filleted_slot_deferred
face	3584	plane	supported_analytic_template	strategy.surface.plane	convex_simple_region	cutout.filleted_slot_deferred
face	3585	cylinder	deferred_residual_surface	reason.deferred_residual_surface	full_periodic_with_cap_boundaries	u_periodic;cutout.cylindrical_bore;cutout.multi_bore_cylinder_deferred;cutout.filleted_slot_deferred
face	3586	cylinder	deferred_residual_surface	reason.deferred_residual_surface	full_periodic_with_cap_boundaries	u_periodic;cutout.cylindrical_bore;cutout.multi_bore_cylinder_deferred;cutout.filleted_slot_deferred
face	3587	cylinder	deferred_residual_surface	reason.deferred_residual_surface	full_periodic_with_cap_boundaries	u_periodic;cutout.cylindrical_bore;cutout.multi_bore_cylinder_deferred;cutout.filleted_slot_deferred
face	3588	plane	supported_analytic_template	strategy.surface.plane	multiple_disconnected_domains	reason.multidomain_decomposition_unproven;cutout.filleted_slot_deferred
face	3589	plane	supported_analytic_template	strategy.surface.plane	multiple_disconnected_domains	reason.multidomain_decomposition_unproven;cutout.filleted_slot_deferred
face	3590	plane	supported_analytic_template	strategy.surface.plane	multiple_disconnected_domains	reason.multidomain_decomposition_unproven;cutout.filleted_slot_deferred
face	3591	plane	supported_analytic_template	strategy.surface.plane	multiple_disconnected_domains	reason.multidomain_decomposition_unproven;cutout.filleted_slot_deferred
face	3592	plane	supported_analytic_template	strategy.surface.plane	annulus	cutout.planar_perforated;cutout.filleted_slot_deferred
face	3593	cylinder	deferred_residual_surface	reason.deferred_residual_surface	full_periodic_with_cap_boundaries	u_periodic;cutout.cylindrical_bore;cutout.multi_bore_cylinder_deferred;cutout.filleted_slot_deferred
face	3594	plane	supported_analytic_template	strategy.surface.plane	convex_simple_region	cutout.filleted_slot_deferred
face	3595	plane	supported_analytic_template	strategy.surface.plane	multiply_perforated_disk	cutout.planar_perforated;cutout.filleted_slot_deferred
face	3596	cylinder	deferred_residual_surface	reason.deferred_residual_surface	full_periodic_with_cap_boundaries	u_periodic;cutout.cylindrical_bore;cutout.multi_bore_cylinder_deferred;cutout.filleted_slot_deferred
face	3597	plane	supported_analytic_template	strategy.surface.plane	multiple_disconnected_domains	reason.multidomain_decomposition_unproven;cutout.filleted_slot_deferred
face	3598	plane	supported_analytic_template	strategy.surface.plane	multiple_disconnected_domains	reason.multidomain_decomposition_unproven;cutout.filleted_slot_deferred
face	3599	bspline	deferred_residual_surface	reason.deferred_residual_surface	convex_simple_region	mapped.non_four_sided_deferred;freeform.uv_grid_candidate
face	3600	cylinder	deferred_residual_surface	reason.deferred_residual_surface	full_periodic_with_cap_boundaries	u_periodic;cutout.cylindrical_bore;cutout.multi_bore_cylinder_deferred;cutout.filleted_slot_deferred
face	3601	plane	supported_analytic_template	strategy.surface.plane	concave_simple_region	cutout.filleted_slot_deferred
face	3602	cylinder	deferred_residual_surface	reason.deferred_residual_surface	full_periodic_with_cap_boundaries	u_periodic;cutout.cylindrical_bore;cutout.multi_bore_cylinder_deferred;cutout.filleted_slot_deferred
face	3603	plane	supported_analytic_template	strategy.surface.plane	convex_simple_region	cutout.filleted_slot_deferred
face	3604	cylinder	deferred_residual_surface	reason.deferred_residual_surface	full_periodic_with_cap_boundaries	u_periodic;cutout.cylindrical_bore;cutout.multi_bore_cylinder_deferred;cutout.filleted_slot_deferred
face	3605	plane	supported_analytic_template	strategy.surface.plane	multiple_disconnected_domains	cutout.planar_perforated;reason.multidomain_decomposition_unproven;cutout.filleted_slot_deferred
face	3606	cylinder	deferred_residual_surface	reason.deferred_residual_surface	full_periodic_with_cap_boundaries	u_periodic;cutout.cylindrical_bore;cutout.multi_bore_cylinder_deferred;cutout.filleted_slot_deferred
face	3607	plane	supported_analytic_template	strategy.surface.plane	concave_simple_region	cutout.filleted_slot_deferred
face	3608	plane	supported_analytic_template	strategy.surface.plane	multiple_disconnected_domains	reason.multidomain_decomposition_unproven;cutout.filleted_slot_deferred
face	3609	bspline	deferred_residual_surface	reason.deferred_residual_surface	convex_simple_region	mapped.non_four_sided_deferred;freeform.uv_grid_candidate
face	3610	plane	supported_analytic_template	strategy.surface.plane	multiple_disconnected_domains	cutout.planar_perforated;reason.multidomain_decomposition_unproven;cutout.filleted_slot_deferred
face	3611	plane	supported_analytic_template	strategy.surface.plane	multiple_disconnected_domains	cutout.planar_perforated;reason.multidomain_decomposition_unproven;cutout.filleted_slot_deferred
face	3612	plane	supported_analytic_template	strategy.surface.plane	convex_simple_region	cutout.filleted_slot_deferred
face	3613	cylinder	deferred_residual_surface	reason.deferred_residual_surface	full_periodic_with_cap_boundaries	u_periodic;cutout.cylindrical_bore;cutout.multi_bore_cylinder_deferred;cutout.filleted_slot_deferred
face	3614	plane	supported_analytic_template	strategy.surface.plane	convex_simple_region	cutout.filleted_slot_deferred
face	3615	cylinder	deferred_residual_surface	reason.deferred_residual_surface	full_periodic_with_cap_boundaries	u_periodic;cutout.cylindrical_bore;cutout.multi_bore_cylinder_deferred;cutout.filleted_slot_deferred
face	3616	plane	supported_analytic_template	strategy.surface.plane	multiple_disconnected_domains	reason.multidomain_decomposition_unproven;cutout.filleted_slot_deferred
face	3617	cylinder	deferred_residual_surface	reason.deferred_residual_surface	full_periodic_with_cap_boundaries	u_periodic;cutout.cylindrical_bore;cutout.multi_bore_cylinder_deferred;cutout.filleted_slot_deferred
face	3618	cylinder	deferred_residual_surface	reason.deferred_residual_surface	full_periodic_with_cap_boundaries	u_periodic;cutout.cylindrical_bore;cutout.multi_bore_cylinder_deferred;cutout.filleted_slot_deferred
face	3619	plane	supported_analytic_template	strategy.surface.plane	concave_simple_region	cutout.filleted_slot_deferred
face	3620	plane	supported_analytic_template	strategy.surface.plane	multiple_disconnected_domains	reason.multidomain_decomposition_unproven;cutout.filleted_slot_deferred
face	3621	plane	supported_analytic_template	strategy.surface.plane	convex_simple_region	cutout.filleted_slot_deferred
face	3622	plane	supported_analytic_template	strategy.surface.plane	self_intersecting_or_invalid	cutout.filleted_slot_deferred
face	3623	plane	supported_analytic_template	strategy.surface.plane	multiple_disconnected_domains	reason.multidomain_decomposition_unproven;cutout.filleted_slot_deferred
face	3624	cylinder	deferred_residual_surface	reason.deferred_residual_surface	full_periodic_with_cap_boundaries	u_periodic;cutout.cylindrical_bore;cutout.multi_bore_cylinder_deferred;cutout.filleted_slot_deferred
face	3625	cylinder	deferred_residual_surface	reason.deferred_residual_surface	full_periodic_with_cap_boundaries	u_periodic;cutout.cylindrical_bore;cutout.multi_bore_cylinder_deferred;cutout.filleted_slot_deferred
face	3626	cylinder	deferred_residual_surface	reason.deferred_residual_surface	full_periodic_with_cap_boundaries	u_periodic;cutout.cylindrical_bore;cutout.multi_bore_cylinder_deferred;cutout.filleted_slot_deferred
face	3627	cylinder	deferred_residual_surface	reason.deferred_residual_surface	full_periodic_with_cap_boundaries	u_periodic;cutout.cylindrical_bore;cutout.multi_bore_cylinder_deferred;cutout.filleted_slot_deferred
face	3628	cylinder	deferred_residual_surface	reason.deferred_residual_surface	full_periodic_with_cap_boundaries	u_periodic;cutout.cylindrical_bore;cutout.multi_bore_cylinder_deferred;cutout.filleted_slot_deferred
face	3629	cylinder	deferred_residual_surface	reason.deferred_residual_surface	full_periodic_with_cap_boundaries	u_periodic;cutout.cylindrical_bore;cutout.multi_bore_cylinder_deferred;cutout.filleted_slot_deferred
face	3630	plane	supported_analytic_template	strategy.surface.plane	multiple_disconnected_domains	reason.multidomain_decomposition_unproven;cutout.filleted_slot_deferred
face	3631	cone	deferred_residual_surface	reason.deferred_residual_surface	full_periodic_with_cap_boundaries	u_periodic
face	3632	cone	deferred_residual_surface	reason.deferred_residual_surface	full_periodic_with_cap_boundaries	u_periodic
face	3633	cone	deferred_residual_surface	reason.deferred_residual_surface	full_periodic_with_cap_boundaries	u_periodic
face	3634	cone	deferred_residual_surface	reason.deferred_residual_surface	full_periodic_with_cap_boundaries	u_periodic
face	3635	cone	deferred_residual_surface	reason.deferred_residual_surface	full_periodic_with_cap_boundaries	u_periodic
face	3636	cone	deferred_residual_surface	reason.deferred_residual_surface	full_periodic_with_cap_boundaries	u_periodic
face	3637	cylinder	deferred_residual_surface	reason.deferred_residual_surface	full_periodic_with_cap_boundaries	u_periodic;cutout.cylindrical_bore;cutout.multi_bore_cylinder_deferred;cutout.filleted_slot_deferred
face	3638	cylinder	deferred_residual_surface	reason.deferred_residual_surface	full_periodic_with_cap_boundaries	u_periodic;cutout.cylindrical_bore;cutout.multi_bore_cylinder_deferred;cutout.filleted_slot_deferred
face	3639	cylinder	deferred_residual_surface	reason.deferred_residual_surface	full_periodic_with_cap_boundaries	u_periodic;cutout.cylindrical_bore;cutout.multi_bore_cylinder_deferred;cutout.filleted_slot_deferred
face	3640	cylinder	deferred_residual_surface	reason.deferred_residual_surface	full_periodic_with_cap_boundaries	u_periodic;cutout.cylindrical_bore;cutout.multi_bore_cylinder_deferred;cutout.filleted_slot_deferred
face	3641	cylinder	deferred_residual_surface	reason.deferred_residual_surface	full_periodic_with_cap_boundaries	u_periodic;cutout.cylindrical_bore;cutout.multi_bore_cylinder_deferred;cutout.filleted_slot_deferred
face	3642	cylinder	deferred_residual_surface	reason.deferred_residual_surface	full_periodic_with_cap_boundaries	u_periodic;cutout.cylindrical_bore;cutout.multi_bore_cylinder_deferred;cutout.filleted_slot_deferred
face	3643	cylinder	deferred_residual_surface	reason.deferred_residual_surface	full_periodic_with_cap_boundaries	u_periodic;cutout.cylindrical_bore;cutout.multi_bore_cylinder_deferred;cutout.filleted_slot_deferred
face	3644	torus	deferred_residual_surface	reason.deferred_residual_surface	full_periodic_with_cap_boundaries	u_periodic;v_periodic
face	3645	cylinder	deferred_residual_surface	reason.deferred_residual_surface	full_periodic_with_cap_boundaries	u_periodic;cutout.cylindrical_bore;cutout.multi_bore_cylinder_deferred;cutout.filleted_slot_deferred
face	3646	torus	deferred_residual_surface	reason.deferred_residual_surface	full_periodic_with_cap_boundaries	u_periodic;v_periodic
face	3647	cylinder	deferred_residual_surface	reason.deferred_residual_surface	full_periodic_with_cap_boundaries	u_periodic;cutout.cylindrical_bore;cutout.multi_bore_cylinder_deferred;cutout.filleted_slot_deferred
face	3648	cylinder	deferred_residual_surface	reason.deferred_residual_surface	full_periodic_with_cap_boundaries	u_periodic;cutout.cylindrical_bore;cutout.multi_bore_cylinder_deferred;cutout.filleted_slot_deferred
face	3649	cylinder	deferred_residual_surface	reason.deferred_residual_surface	full_periodic_with_cap_boundaries	u_periodic;cutout.cylindrical_bore;cutout.multi_bore_cylinder_deferred;cutout.filleted_slot_deferred
face	3650	cylinder	deferred_residual_surface	reason.deferred_residual_surface	full_periodic_with_cap_boundaries	u_periodic;cutout.cylindrical_bore;cutout.multi_bore_cylinder_deferred;cutout.filleted_slot_deferred
face	3651	cylinder	deferred_residual_surface	reason.deferred_residual_surface	full_periodic_with_cap_boundaries	u_periodic;cutout.cylindrical_bore;cutout.multi_bore_cylinder_deferred;cutout.filleted_slot_deferred
face	3652	cylinder	deferred_residual_surface	reason.deferred_residual_surface	full_periodic_with_cap_boundaries	u_periodic;cutout.cylindrical_bore;cutout.multi_bore_cylinder_deferred;cutout.filleted_slot_deferred
face	3653	cylinder	deferred_residual_surface	reason.deferred_residual_surface	full_periodic_with_cap_boundaries	u_periodic;cutout.cylindrical_bore;cutout.multi_bore_cylinder_deferred;cutout.filleted_slot_deferred
face	3654	cylinder	deferred_residual_surface	reason.deferred_residual_surface	full_periodic_with_cap_boundaries	u_periodic;cutout.cylindrical_bore;cutout.multi_bore_cylinder_deferred;cutout.filleted_slot_deferred
face	3655	cylinder	deferred_residual_surface	reason.deferred_residual_surface	full_periodic_with_cap_boundaries	u_periodic;cutout.cylindrical_bore;cutout.multi_bore_cylinder_deferred;cutout.filleted_slot_deferred
face	3656	cylinder	deferred_residual_surface	reason.deferred_residual_surface	full_periodic_with_cap_boundaries	u_periodic;cutout.cylindrical_bore;cutout.multi_bore_cylinder_deferred;cutout.filleted_slot_deferred
face	3657	cylinder	deferred_residual_surface	reason.deferred_residual_surface	full_periodic_with_cap_boundaries	u_periodic;cutout.cylindrical_bore;cutout.multi_bore_cylinder_deferred;cutout.filleted_slot_deferred
face	3658	cylinder	deferred_residual_surface	reason.deferred_residual_surface	full_periodic_with_cap_boundaries	u_periodic;cutout.cylindrical_bore;cutout.multi_bore_cylinder_deferred;cutout.filleted_slot_deferred
face	3659	cylinder	deferred_residual_surface	reason.deferred_residual_surface	full_periodic_with_cap_boundaries	u_periodic;cutout.cylindrical_bore;cutout.multi_bore_cylinder_deferred;cutout.filleted_slot_deferred
face	3660	cylinder	deferred_residual_surface	reason.deferred_residual_surface	full_periodic_with_cap_boundaries	u_periodic;cutout.cylindrical_bore;cutout.multi_bore_cylinder_deferred;cutout.filleted_slot_deferred
face	3661	cylinder	deferred_residual_surface	reason.deferred_residual_surface	full_periodic_with_cap_boundaries	u_periodic;cutout.cylindrical_bore;cutout.multi_bore_cylinder_deferred;cutout.filleted_slot_deferred
face	3662	cylinder	deferred_residual_surface	reason.deferred_residual_surface	full_periodic_with_cap_boundaries	u_periodic;cutout.cylindrical_bore;cutout.multi_bore_cylinder_deferred;cutout.filleted_slot_deferred
face	3663	cylinder	deferred_residual_surface	reason.deferred_residual_surface	full_periodic_with_cap_boundaries	u_periodic;cutout.cylindrical_bore;cutout.multi_bore_cylinder_deferred;cutout.filleted_slot_deferred
face	3664	cylinder	deferred_residual_surface	reason.deferred_residual_surface	full_periodic_with_cap_boundaries	u_periodic;cutout.cylindrical_bore;cutout.multi_bore_cylinder_deferred;cutout.filleted_slot_deferred
face	3665	cylinder	deferred_residual_surface	reason.deferred_residual_surface	full_periodic_with_cap_boundaries	u_periodic;cutout.cylindrical_bore;cutout.multi_bore_cylinder_deferred;cutout.filleted_slot_deferred
face	3666	cylinder	deferred_residual_surface	reason.deferred_residual_surface	full_periodic_with_cap_boundaries	u_periodic;cutout.cylindrical_bore;cutout.multi_bore_cylinder_deferred;cutout.filleted_slot_deferred
face	3667	cylinder	deferred_residual_surface	reason.deferred_residual_surface	full_periodic_with_cap_boundaries	u_periodic;cutout.cylindrical_bore;cutout.multi_bore_cylinder_deferred;cutout.filleted_slot_deferred
face	3668	cylinder	deferred_residual_surface	reason.deferred_residual_surface	full_periodic_with_cap_boundaries	u_periodic;cutout.cylindrical_bore;cutout.multi_bore_cylinder_deferred;cutout.filleted_slot_deferred
face	3669	cylinder	deferred_residual_surface	reason.deferred_residual_surface	full_periodic_with_cap_boundaries	u_periodic;cutout.cylindrical_bore;cutout.multi_bore_cylinder_deferred;cutout.filleted_slot_deferred
face	3670	cylinder	deferred_residual_surface	reason.deferred_residual_surface	full_periodic_with_cap_boundaries	u_periodic;cutout.cylindrical_bore;cutout.multi_bore_cylinder_deferred;cutout.filleted_slot_deferred
face	3671	cylinder	deferred_residual_surface	reason.deferred_residual_surface	full_periodic_with_cap_boundaries	u_periodic;cutout.cylindrical_bore;cutout.multi_bore_cylinder_deferred;cutout.filleted_slot_deferred
face	3672	cylinder	deferred_residual_surface	reason.deferred_residual_surface	full_periodic_with_cap_boundaries	u_periodic;cutout.cylindrical_bore;cutout.multi_bore_cylinder_deferred;cutout.filleted_slot_deferred
face	3673	cylinder	deferred_residual_surface	reason.deferred_residual_surface	full_periodic_with_cap_boundaries	u_periodic;cutout.cylindrical_bore;cutout.multi_bore_cylinder_deferred;cutout.filleted_slot_deferred
face	3674	cylinder	deferred_residual_surface	reason.deferred_residual_surface	full_periodic_with_cap_boundaries	u_periodic;cutout.cylindrical_bore;cutout.multi_bore_cylinder_deferred;cutout.filleted_slot_deferred
face	3675	cylinder	deferred_residual_surface	reason.deferred_residual_surface	full_periodic_with_cap_boundaries	u_periodic;cutout.cylindrical_bore;cutout.multi_bore_cylinder_deferred;cutout.filleted_slot_deferred
face	3676	torus	deferred_residual_surface	reason.deferred_residual_surface	full_periodic_with_cap_boundaries	u_periodic;v_periodic
face	3677	cylinder	deferred_residual_surface	reason.deferred_residual_surface	full_periodic_with_cap_boundaries	u_periodic;cutout.cylindrical_bore;cutout.multi_bore_cylinder_deferred;cutout.filleted_slot_deferred
face	3678	torus	deferred_residual_surface	reason.deferred_residual_surface	full_periodic_with_cap_boundaries	u_periodic;v_periodic
face	3679	cylinder	deferred_residual_surface	reason.deferred_residual_surface	full_periodic_with_cap_boundaries	u_periodic;cutout.cylindrical_bore;cutout.multi_bore_cylinder_deferred;cutout.filleted_slot_deferred
face	3680	cylinder	deferred_residual_surface	reason.deferred_residual_surface	full_periodic_with_cap_boundaries	u_periodic;cutout.cylindrical_bore;cutout.multi_bore_cylinder_deferred;cutout.filleted_slot_deferred
face	3681	cylinder	deferred_residual_surface	reason.deferred_residual_surface	full_periodic_with_cap_boundaries	u_periodic;cutout.cylindrical_bore;cutout.multi_bore_cylinder_deferred;cutout.filleted_slot_deferred
face	3682	cylinder	deferred_residual_surface	reason.deferred_residual_surface	full_periodic_with_cap_boundaries	u_periodic;cutout.cylindrical_bore;cutout.multi_bore_cylinder_deferred;cutout.filleted_slot_deferred
face	3683	cylinder	deferred_residual_surface	reason.deferred_residual_surface	full_periodic_with_cap_boundaries	u_periodic;cutout.cylindrical_bore;cutout.multi_bore_cylinder_deferred;cutout.filleted_slot_deferred
face	3684	cylinder	deferred_residual_surface	reason.deferred_residual_surface	full_periodic_with_cap_boundaries	u_periodic;cutout.cylindrical_bore;cutout.multi_bore_cylinder_deferred;cutout.filleted_slot_deferred
face	3685	cylinder	deferred_residual_surface	reason.deferred_residual_surface	full_periodic_with_cap_boundaries	u_periodic;cutout.cylindrical_bore;cutout.multi_bore_cylinder_deferred;cutout.filleted_slot_deferred
face	3686	cylinder	deferred_residual_surface	reason.deferred_residual_surface	full_periodic_with_cap_boundaries	u_periodic;cutout.cylindrical_bore;cutout.multi_bore_cylinder_deferred;cutout.filleted_slot_deferred
face	3687	cylinder	deferred_residual_surface	reason.deferred_residual_surface	full_periodic_with_cap_boundaries	u_periodic;cutout.cylindrical_bore;cutout.multi_bore_cylinder_deferred;cutout.filleted_slot_deferred
face	3688	cylinder	deferred_residual_surface	reason.deferred_residual_surface	full_periodic_with_cap_boundaries	u_periodic;cutout.cylindrical_bore;cutout.multi_bore_cylinder_deferred;cutout.filleted_slot_deferred
face	3689	cylinder	deferred_residual_surface	reason.deferred_residual_surface	full_periodic_with_cap_boundaries	u_periodic;cutout.cylindrical_bore;cutout.multi_bore_cylinder_deferred;cutout.filleted_slot_deferred
face	3690	cylinder	deferred_residual_surface	reason.deferred_residual_surface	full_periodic_with_cap_boundaries	u_periodic;cutout.cylindrical_bore;cutout.multi_bore_cylinder_deferred;cutout.filleted_slot_deferred
face	3691	cylinder	deferred_residual_surface	reason.deferred_residual_surface	full_periodic_with_cap_boundaries	u_periodic;cutout.cylindrical_bore;cutout.multi_bore_cylinder_deferred;cutout.filleted_slot_deferred
face	3692	cylinder	deferred_residual_surface	reason.deferred_residual_surface	full_periodic_with_cap_boundaries	u_periodic;cutout.cylindrical_bore;cutout.multi_bore_cylinder_deferred;cutout.filleted_slot_deferred
face	3693	cylinder	deferred_residual_surface	reason.deferred_residual_surface	full_periodic_with_cap_boundaries	u_periodic;cutout.cylindrical_bore;cutout.multi_bore_cylinder_deferred;cutout.filleted_slot_deferred
face	3694	cylinder	deferred_residual_surface	reason.deferred_residual_surface	full_periodic_with_cap_boundaries	u_periodic;cutout.cylindrical_bore;cutout.multi_bore_cylinder_deferred;cutout.filleted_slot_deferred
face	3695	cylinder	deferred_residual_surface	reason.deferred_residual_surface	full_periodic_with_cap_boundaries	u_periodic;cutout.cylindrical_bore;cutout.multi_bore_cylinder_deferred;cutout.filleted_slot_deferred
face	3696	cylinder	deferred_residual_surface	reason.deferred_residual_surface	full_periodic_with_cap_boundaries	u_periodic;cutout.cylindrical_bore;cutout.multi_bore_cylinder_deferred;cutout.filleted_slot_deferred
face	3697	cylinder	deferred_residual_surface	reason.deferred_residual_surface	full_periodic_with_cap_boundaries	u_periodic;cutout.cylindrical_bore;cutout.multi_bore_cylinder_deferred;cutout.filleted_slot_deferred
face	3698	cylinder	deferred_residual_surface	reason.deferred_residual_surface	full_periodic_with_cap_boundaries	u_periodic;cutout.cylindrical_bore;cutout.multi_bore_cylinder_deferred;cutout.filleted_slot_deferred
face	3699	cylinder	deferred_residual_surface	reason.deferred_residual_surface	full_periodic_with_cap_boundaries	u_periodic;cutout.cylindrical_bore;cutout.multi_bore_cylinder_deferred;cutout.filleted_slot_deferred
face	3700	cylinder	deferred_residual_surface	reason.deferred_residual_surface	full_periodic_with_cap_boundaries	u_periodic;cutout.cylindrical_bore;cutout.multi_bore_cylinder_deferred;cutout.filleted_slot_deferred
face	3701	cylinder	deferred_residual_surface	reason.deferred_residual_surface	full_periodic_with_cap_boundaries	u_periodic;cutout.cylindrical_bore;cutout.multi_bore_cylinder_deferred;cutout.filleted_slot_deferred
face	3702	cylinder	deferred_residual_surface	reason.deferred_residual_surface	full_periodic_with_cap_boundaries	u_periodic;cutout.cylindrical_bore;cutout.multi_bore_cylinder_deferred;cutout.filleted_slot_deferred
face	3703	cylinder	deferred_residual_surface	reason.deferred_residual_surface	full_periodic_with_cap_boundaries	u_periodic;cutout.cylindrical_bore;cutout.multi_bore_cylinder_deferred;cutout.filleted_slot_deferred
face	3704	cylinder	deferred_residual_surface	reason.deferred_residual_surface	full_periodic_with_cap_boundaries	u_periodic;cutout.cylindrical_bore;cutout.multi_bore_cylinder_deferred;cutout.filleted_slot_deferred
face	3705	cylinder	deferred_residual_surface	reason.deferred_residual_surface	full_periodic_with_cap_boundaries	u_periodic;cutout.cylindrical_bore;cutout.multi_bore_cylinder_deferred;cutout.filleted_slot_deferred
face	3706	plane	supported_analytic_template	strategy.surface.plane	multiple_disconnected_domains	reason.multidomain_decomposition_unproven;cutout.filleted_slot_deferred
face	3707	plane	supported_analytic_template	strategy.surface.plane	multiple_disconnected_domains	reason.multidomain_decomposition_unproven;cutout.filleted_slot_deferred
face	3708	plane	supported_analytic_template	strategy.surface.plane	multiple_disconnected_domains	reason.multidomain_decomposition_unproven;cutout.filleted_slot_deferred
face	3709	plane	supported_analytic_template	strategy.surface.plane	multiple_disconnected_domains	reason.multidomain_decomposition_unproven;cutout.filleted_slot_deferred
face	3710	plane	supported_analytic_template	strategy.surface.plane	multiple_disconnected_domains	reason.multidomain_decomposition_unproven;cutout.filleted_slot_deferred
face	3711	plane	supported_analytic_template	strategy.surface.plane	multiple_disconnected_domains	reason.multidomain_decomposition_unproven;cutout.filleted_slot_deferred
face	3712	plane	supported_analytic_template	strategy.surface.plane	multiple_disconnected_domains	reason.multidomain_decomposition_unproven;cutout.filleted_slot_deferred
face	3713	cylinder	deferred_residual_surface	reason.deferred_residual_surface	full_periodic_with_cap_boundaries	u_periodic;cutout.cylindrical_bore;cutout.multi_bore_cylinder_deferred;cutout.filleted_slot_deferred
face	3714	plane	supported_analytic_template	strategy.surface.plane	multiple_disconnected_domains	reason.multidomain_decomposition_unproven;cutout.filleted_slot_deferred
face	3715	cylinder	deferred_residual_surface	reason.deferred_residual_surface	full_periodic_with_cap_boundaries	u_periodic;cutout.cylindrical_bore;cutout.multi_bore_cylinder_deferred;cutout.filleted_slot_deferred
face	3716	plane	supported_analytic_template	strategy.surface.plane	multiple_disconnected_domains	reason.multidomain_decomposition_unproven;cutout.filleted_slot_deferred
face	3717	plane	supported_analytic_template	strategy.surface.plane	multiple_disconnected_domains	reason.multidomain_decomposition_unproven;cutout.filleted_slot_deferred
face	3718	plane	supported_analytic_template	strategy.surface.plane	multiple_disconnected_domains	reason.multidomain_decomposition_unproven;cutout.filleted_slot_deferred
face	3719	plane	supported_analytic_template	strategy.surface.plane	multiple_disconnected_domains	reason.multidomain_decomposition_unproven;cutout.filleted_slot_deferred
face	3720	plane	supported_analytic_template	strategy.surface.plane	multiple_disconnected_domains	reason.multidomain_decomposition_unproven;cutout.filleted_slot_deferred
face	3721	plane	supported_analytic_template	strategy.surface.plane	multiple_disconnected_domains	reason.multidomain_decomposition_unproven;cutout.filleted_slot_deferred
face	3722	plane	supported_analytic_template	strategy.surface.plane	multiple_disconnected_domains	reason.multidomain_decomposition_unproven;cutout.filleted_slot_deferred
face	3723	plane	supported_analytic_template	strategy.surface.plane	multiple_disconnected_domains	reason.multidomain_decomposition_unproven;cutout.filleted_slot_deferred
face	3724	plane	supported_analytic_template	strategy.surface.plane	multiple_disconnected_domains	reason.multidomain_decomposition_unproven;cutout.filleted_slot_deferred
face	3725	plane	supported_analytic_template	strategy.surface.plane	multiple_disconnected_domains	reason.multidomain_decomposition_unproven;cutout.filleted_slot_deferred
face	3726	plane	supported_analytic_template	strategy.surface.plane	multiple_disconnected_domains	reason.multidomain_decomposition_unproven;cutout.filleted_slot_deferred
face	3727	plane	supported_analytic_template	strategy.surface.plane	multiple_disconnected_domains	reason.multidomain_decomposition_unproven;cutout.filleted_slot_deferred
face	3728	plane	supported_analytic_template	strategy.surface.plane	multiple_disconnected_domains	reason.multidomain_decomposition_unproven;cutout.filleted_slot_deferred
face	3729	plane	supported_analytic_template	strategy.surface.plane	multiple_disconnected_domains	reason.multidomain_decomposition_unproven;cutout.filleted_slot_deferred
face	3730	plane	supported_analytic_template	strategy.surface.plane	multiple_disconnected_domains	reason.multidomain_decomposition_unproven;cutout.filleted_slot_deferred
face	3731	plane	supported_analytic_template	strategy.surface.plane	multiple_disconnected_domains	reason.multidomain_decomposition_unproven;cutout.filleted_slot_deferred
face	3732	plane	supported_analytic_template	strategy.surface.plane	multiple_disconnected_domains	reason.multidomain_decomposition_unproven;cutout.filleted_slot_deferred
face	3733	plane	supported_analytic_template	strategy.surface.plane	multiple_disconnected_domains	reason.multidomain_decomposition_unproven;cutout.filleted_slot_deferred
face	3734	plane	supported_analytic_template	strategy.surface.plane	multiple_disconnected_domains	reason.multidomain_decomposition_unproven;cutout.filleted_slot_deferred
face	3735	plane	supported_analytic_template	strategy.surface.plane	multiple_disconnected_domains	reason.multidomain_decomposition_unproven;cutout.filleted_slot_deferred
face	3736	plane	supported_analytic_template	strategy.surface.plane	multiple_disconnected_domains	reason.multidomain_decomposition_unproven;cutout.filleted_slot_deferred
face	3737	plane	supported_analytic_template	strategy.surface.plane	multiple_disconnected_domains	reason.multidomain_decomposition_unproven;cutout.filleted_slot_deferred
face	3738	plane	supported_analytic_template	strategy.surface.plane	multiple_disconnected_domains	reason.multidomain_decomposition_unproven;cutout.filleted_slot_deferred
face	3739	cylinder	deferred_residual_surface	reason.deferred_residual_surface	full_periodic_with_cap_boundaries	u_periodic;cutout.cylindrical_bore;cutout.multi_bore_cylinder_deferred;cutout.filleted_slot_deferred
face	3740	plane	supported_analytic_template	strategy.surface.plane	multiple_disconnected_domains	reason.multidomain_decomposition_unproven;cutout.filleted_slot_deferred
face	3741	cylinder	deferred_residual_surface	reason.deferred_residual_surface	full_periodic_with_cap_boundaries	u_periodic;cutout.cylindrical_bore;cutout.multi_bore_cylinder_deferred;cutout.filleted_slot_deferred
face	3742	plane	supported_analytic_template	strategy.surface.plane	multiple_disconnected_domains	reason.multidomain_decomposition_unproven;cutout.filleted_slot_deferred
face	3743	plane	supported_analytic_template	strategy.surface.plane	multiple_disconnected_domains	reason.multidomain_decomposition_unproven;cutout.filleted_slot_deferred
face	3744	plane	supported_analytic_template	strategy.surface.plane	multiple_disconnected_domains	reason.multidomain_decomposition_unproven;cutout.filleted_slot_deferred
face	3745	plane	supported_analytic_template	strategy.surface.plane	multiple_disconnected_domains	reason.multidomain_decomposition_unproven;cutout.filleted_slot_deferred
face	3746	plane	supported_analytic_template	strategy.surface.plane	multiple_disconnected_domains	reason.multidomain_decomposition_unproven;cutout.filleted_slot_deferred
face	3747	plane	supported_analytic_template	strategy.surface.plane	multiple_disconnected_domains	reason.multidomain_decomposition_unproven;cutout.filleted_slot_deferred
face	3748	plane	supported_analytic_template	strategy.surface.plane	multiple_disconnected_domains	reason.multidomain_decomposition_unproven;cutout.filleted_slot_deferred
face	3749	plane	supported_analytic_template	strategy.surface.plane	multiple_disconnected_domains	reason.multidomain_decomposition_unproven;cutout.filleted_slot_deferred
face	3750	plane	supported_analytic_template	strategy.surface.plane	multiple_disconnected_domains	reason.multidomain_decomposition_unproven;cutout.filleted_slot_deferred
face	3751	plane	supported_analytic_template	strategy.surface.plane	multiple_disconnected_domains	reason.multidomain_decomposition_unproven;cutout.filleted_slot_deferred
face	3752	plane	supported_analytic_template	strategy.surface.plane	multiple_disconnected_domains	reason.multidomain_decomposition_unproven;cutout.filleted_slot_deferred
face	3753	plane	supported_analytic_template	strategy.surface.plane	multiple_disconnected_domains	reason.multidomain_decomposition_unproven;cutout.filleted_slot_deferred
face	3754	plane	supported_analytic_template	strategy.surface.plane	multiple_disconnected_domains	reason.multidomain_decomposition_unproven;cutout.filleted_slot_deferred
face	3755	plane	supported_analytic_template	strategy.surface.plane	multiple_disconnected_domains	reason.multidomain_decomposition_unproven;cutout.filleted_slot_deferred
face	3756	plane	supported_analytic_template	strategy.surface.plane	multiple_disconnected_domains	reason.multidomain_decomposition_unproven;cutout.filleted_slot_deferred
face	3757	plane	supported_analytic_template	strategy.surface.plane	multiple_disconnected_domains	reason.multidomain_decomposition_unproven;cutout.filleted_slot_deferred
face	3758	plane	supported_analytic_template	strategy.surface.plane	multiple_disconnected_domains	reason.multidomain_decomposition_unproven;cutout.filleted_slot_deferred
face	3759	plane	supported_analytic_template	strategy.surface.plane	multiple_disconnected_domains	reason.multidomain_decomposition_unproven;cutout.filleted_slot_deferred
face	3760	plane	supported_analytic_template	strategy.surface.plane	multiple_disconnected_domains	reason.multidomain_decomposition_unproven;cutout.filleted_slot_deferred
face	3761	plane	supported_analytic_template	strategy.surface.plane	multiple_disconnected_domains	reason.multidomain_decomposition_unproven;cutout.filleted_slot_deferred
face	3762	plane	supported_analytic_template	strategy.surface.plane	convex_simple_region	cutout.filleted_slot_deferred
face	3763	bspline	deferred_residual_surface	reason.deferred_residual_surface	convex_simple_region	mapped.non_four_sided_deferred;freeform.uv_grid_candidate
face	3764	bspline	deferred_residual_surface	reason.deferred_residual_surface	convex_simple_region	mapped.four_sided_candidate;freeform.uv_grid_candidate
face	3765	bspline	deferred_residual_surface	reason.deferred_residual_surface	convex_simple_region	mapped.non_four_sided_deferred;freeform.uv_grid_candidate
face	3766	bspline	deferred_residual_surface	reason.deferred_residual_surface	convex_simple_region	mapped.four_sided_candidate;freeform.uv_grid_candidate
face	3767	bspline	deferred_residual_surface	reason.deferred_residual_surface	convex_simple_region	mapped.four_sided_candidate;freeform.uv_grid_candidate
face	3768	bspline	deferred_residual_surface	reason.deferred_residual_surface	convex_simple_region	mapped.four_sided_candidate;freeform.uv_grid_candidate
face	3769	bspline	deferred_residual_surface	reason.deferred_residual_surface	convex_simple_region	mapped.four_sided_candidate;freeform.uv_grid_candidate
face	3770	bspline	deferred_residual_surface	reason.deferred_residual_surface	convex_simple_region	mapped.four_sided_candidate;freeform.uv_grid_candidate
face	3771	bspline	deferred_residual_surface	reason.deferred_residual_surface	convex_simple_region	mapped.non_four_sided_deferred;freeform.uv_grid_candidate
face	3772	bspline	deferred_residual_surface	reason.deferred_residual_surface	convex_simple_region	mapped.non_four_sided_deferred;freeform.uv_grid_candidate
face	3773	plane	supported_analytic_template	strategy.surface.plane	convex_simple_region	cutout.filleted_slot_deferred
face	3774	plane	supported_analytic_template	strategy.surface.plane	convex_simple_region	cutout.filleted_slot_deferred
face	3775	bspline	deferred_residual_surface	reason.deferred_residual_surface	convex_simple_region	mapped.non_four_sided_deferred;freeform.uv_grid_candidate
face	3776	bspline	deferred_residual_surface	reason.deferred_residual_surface	convex_simple_region	mapped.non_four_sided_deferred;freeform.uv_grid_candidate
face	3777	cone	deferred_residual_surface	reason.deferred_residual_surface	full_periodic_with_cap_boundaries	u_periodic
face	3778	plane	supported_analytic_template	strategy.surface.plane	convex_simple_region	cutout.filleted_slot_deferred
face	3779	cylinder	deferred_residual_surface	reason.deferred_residual_surface	full_periodic_with_cap_boundaries	u_periodic;cutout.cylindrical_bore;cutout.multi_bore_cylinder_deferred;cutout.filleted_slot_deferred
face	3780	cylinder	deferred_residual_surface	reason.deferred_residual_surface	full_periodic_with_cap_boundaries	u_periodic;cutout.cylindrical_bore;cutout.multi_bore_cylinder_deferred;cutout.filleted_slot_deferred
face	3781	plane	supported_analytic_template	strategy.surface.plane	convex_simple_region	cutout.filleted_slot_deferred
face	3782	plane	supported_analytic_template	strategy.surface.plane	convex_simple_region	cutout.filleted_slot_deferred
face	3783	cylinder	deferred_residual_surface	reason.deferred_residual_surface	full_periodic_with_cap_boundaries	u_periodic;cutout.cylindrical_bore;cutout.multi_bore_cylinder_deferred;cutout.filleted_slot_deferred
face	3784	cylinder	deferred_residual_surface	reason.deferred_residual_surface	full_periodic_with_cap_boundaries	u_periodic;cutout.cylindrical_bore;cutout.multi_bore_cylinder_deferred;cutout.filleted_slot_deferred
face	3785	plane	supported_analytic_template	strategy.surface.plane	multiple_disconnected_domains	reason.multidomain_decomposition_unproven;cutout.filleted_slot_deferred
face	3786	plane	supported_analytic_template	strategy.surface.plane	multiple_disconnected_domains	reason.multidomain_decomposition_unproven;cutout.filleted_slot_deferred
face	3787	plane	supported_analytic_template	strategy.surface.plane	concave_simple_region	cutout.filleted_slot_deferred
face	3788	bspline	deferred_residual_surface	reason.deferred_residual_surface	convex_simple_region	mapped.non_four_sided_deferred;freeform.uv_grid_candidate
face	3789	plane	supported_analytic_template	strategy.surface.plane	annulus	cutout.planar_perforated;cutout.filleted_slot_deferred
face	3790	plane	supported_analytic_template	strategy.surface.plane	concave_simple_region	cutout.filleted_slot_deferred
face	3791	plane	supported_analytic_template	strategy.surface.plane	convex_simple_region	cutout.filleted_slot_deferred
face	3792	plane	supported_analytic_template	strategy.surface.plane	convex_simple_region	cutout.filleted_slot_deferred
face	3793	plane	supported_analytic_template	strategy.surface.plane	convex_simple_region	cutout.filleted_slot_deferred
face	3794	cylinder	deferred_residual_surface	reason.deferred_residual_surface	full_periodic_with_cap_boundaries	u_periodic;cutout.cylindrical_bore;cutout.multi_bore_cylinder_deferred;cutout.filleted_slot_deferred
face	3795	plane	supported_analytic_template	strategy.surface.plane	concave_simple_region	cutout.filleted_slot_deferred
face	3796	cylinder	deferred_residual_surface	reason.deferred_residual_surface	full_periodic_with_cap_boundaries	u_periodic;cutout.cylindrical_bore;cutout.multi_bore_cylinder_deferred;cutout.filleted_slot_deferred
face	3797	cone	deferred_residual_surface	reason.deferred_residual_surface	full_periodic_with_cap_boundaries	u_periodic
face	3798	cone	deferred_residual_surface	reason.deferred_residual_surface	full_periodic_with_cap_boundaries	u_periodic
face	3799	cylinder	deferred_residual_surface	reason.deferred_residual_surface	full_periodic_with_cap_boundaries	u_periodic;cutout.cylindrical_bore;cutout.multi_bore_cylinder_deferred;cutout.filleted_slot_deferred
face	3800	bspline	deferred_residual_surface	reason.deferred_residual_surface	convex_simple_region	mapped.non_four_sided_deferred;freeform.uv_grid_candidate
face	3801	torus	deferred_residual_surface	reason.deferred_residual_surface	full_periodic_with_cap_boundaries	u_periodic;v_periodic
face	3802	torus	deferred_residual_surface	reason.deferred_residual_surface	full_periodic_with_cap_boundaries	u_periodic;v_periodic
face	3803	cylinder	deferred_residual_surface	reason.deferred_residual_surface	full_periodic_with_cap_boundaries	u_periodic;cutout.cylindrical_bore;cutout.multi_bore_cylinder_deferred;cutout.filleted_slot_deferred
face	3804	cylinder	deferred_residual_surface	reason.deferred_residual_surface	full_periodic_with_cap_boundaries	u_periodic;cutout.cylindrical_bore;cutout.multi_bore_cylinder_deferred;cutout.filleted_slot_deferred
face	3805	torus	deferred_residual_surface	reason.deferred_residual_surface	full_periodic_with_cap_boundaries	u_periodic;v_periodic
face	3806	torus	deferred_residual_surface	reason.deferred_residual_surface	full_periodic_with_cap_boundaries	u_periodic;v_periodic
face	3807	torus	deferred_residual_surface	reason.deferred_residual_surface	full_periodic_with_cap_boundaries	u_periodic;v_periodic
face	3808	torus	deferred_residual_surface	reason.deferred_residual_surface	full_periodic_with_cap_boundaries	u_periodic;v_periodic
face	3809	torus	deferred_residual_surface	reason.deferred_residual_surface	full_periodic_with_cap_boundaries	u_periodic;v_periodic
face	3810	torus	deferred_residual_surface	reason.deferred_residual_surface	full_periodic_with_cap_boundaries	u_periodic;v_periodic
face	3811	torus	deferred_residual_surface	reason.deferred_residual_surface	full_periodic_with_cap_boundaries	u_periodic;v_periodic
face	3812	torus	deferred_residual_surface	reason.deferred_residual_surface	full_periodic_with_cap_boundaries	u_periodic;v_periodic
face	3813	cylinder	deferred_residual_surface	reason.deferred_residual_surface	full_periodic_with_cap_boundaries	u_periodic;cutout.cylindrical_bore;cutout.multi_bore_cylinder_deferred;cutout.filleted_slot_deferred
face	3814	plane	supported_analytic_template	strategy.surface.plane	convex_simple_region	cutout.filleted_slot_deferred
face	3815	plane	supported_analytic_template	strategy.surface.plane	convex_simple_region	cutout.filleted_slot_deferred
face	3816	plane	supported_analytic_template	strategy.surface.plane	concave_simple_region	cutout.filleted_slot_deferred
face	3817	cylinder	deferred_residual_surface	reason.deferred_residual_surface	full_periodic_with_cap_boundaries	u_periodic;cutout.cylindrical_bore;cutout.multi_bore_cylinder_deferred;cutout.filleted_slot_deferred
face	3818	plane	supported_analytic_template	strategy.surface.plane	concave_simple_region	cutout.filleted_slot_deferred
face	3819	plane	supported_analytic_template	strategy.surface.plane	convex_simple_region	cutout.filleted_slot_deferred
face	3820	plane	supported_analytic_template	strategy.surface.plane	multiple_disconnected_domains	reason.multidomain_decomposition_unproven;cutout.filleted_slot_deferred
face	3821	plane	supported_analytic_template	strategy.surface.plane	concave_simple_region	cutout.filleted_slot_deferred
face	3822	plane	supported_analytic_template	strategy.surface.plane	multiple_disconnected_domains	reason.multidomain_decomposition_unproven;cutout.filleted_slot_deferred
face	3823	plane	supported_analytic_template	strategy.surface.plane	multiple_disconnected_domains	reason.multidomain_decomposition_unproven;cutout.filleted_slot_deferred
face	3824	plane	supported_analytic_template	strategy.surface.plane	convex_simple_region	cutout.filleted_slot_deferred
face	3825	bspline	deferred_residual_surface	reason.deferred_residual_surface	convex_simple_region	mapped.four_sided_candidate;freeform.uv_grid_candidate
face	3826	plane	supported_analytic_template	strategy.surface.plane	convex_simple_region	cutout.filleted_slot_deferred
face	3827	bspline	deferred_residual_surface	reason.deferred_residual_surface	convex_simple_region	mapped.non_four_sided_deferred;freeform.uv_grid_candidate
face	3828	plane	supported_analytic_template	strategy.surface.plane	multiple_disconnected_domains	reason.multidomain_decomposition_unproven;cutout.filleted_slot_deferred
face	3829	plane	supported_analytic_template	strategy.surface.plane	self_intersecting_or_invalid	cutout.filleted_slot_deferred
face	3830	plane	supported_analytic_template	strategy.surface.plane	self_intersecting_or_invalid	cutout.filleted_slot_deferred
face	3831	plane	supported_analytic_template	strategy.surface.plane	convex_simple_region	cutout.filleted_slot_deferred
face	3832	plane	supported_analytic_template	strategy.surface.plane	convex_simple_region	cutout.filleted_slot_deferred
face	3833	plane	supported_analytic_template	strategy.surface.plane	multiple_disconnected_domains	reason.multidomain_decomposition_unproven;cutout.filleted_slot_deferred
face	3834	plane	supported_analytic_template	strategy.surface.plane	convex_simple_region	cutout.filleted_slot_deferred
face	3835	plane	supported_analytic_template	strategy.surface.plane	self_intersecting_or_invalid	cutout.filleted_slot_deferred
face	3836	cylinder	deferred_residual_surface	reason.deferred_residual_surface	full_periodic_with_cap_boundaries	u_periodic;cutout.cylindrical_bore;cutout.multi_bore_cylinder_deferred;cutout.filleted_slot_deferred
face	3837	cylinder	deferred_residual_surface	reason.deferred_residual_surface	full_periodic_with_cap_boundaries	u_periodic;cutout.cylindrical_bore;cutout.multi_bore_cylinder_deferred;cutout.filleted_slot_deferred
face	3838	plane	supported_analytic_template	strategy.surface.plane	concave_simple_region	cutout.filleted_slot_deferred
face	3839	plane	supported_analytic_template	strategy.surface.plane	convex_simple_region	cutout.filleted_slot_deferred
face	3840	plane	supported_analytic_template	strategy.surface.plane	multiple_disconnected_domains	reason.multidomain_decomposition_unproven;cutout.filleted_slot_deferred
face	3841	plane	supported_analytic_template	strategy.surface.plane	concave_simple_region	cutout.filleted_slot_deferred
face	3842	plane	supported_analytic_template	strategy.surface.plane	multiple_disconnected_domains	reason.multidomain_decomposition_unproven;cutout.filleted_slot_deferred
face	3843	plane	supported_analytic_template	strategy.surface.plane	multiple_disconnected_domains	reason.multidomain_decomposition_unproven;cutout.filleted_slot_deferred
face	3844	plane	supported_analytic_template	strategy.surface.plane	convex_simple_region	cutout.filleted_slot_deferred
face	3845	bspline	deferred_residual_surface	reason.deferred_residual_surface	convex_simple_region	mapped.four_sided_candidate;freeform.uv_grid_candidate
face	3846	plane	supported_analytic_template	strategy.surface.plane	convex_simple_region	cutout.filleted_slot_deferred
face	3847	bspline	deferred_residual_surface	reason.deferred_residual_surface	convex_simple_region	mapped.non_four_sided_deferred;freeform.uv_grid_candidate
face	3848	plane	supported_analytic_template	strategy.surface.plane	multiple_disconnected_domains	reason.multidomain_decomposition_unproven;cutout.filleted_slot_deferred
face	3849	plane	supported_analytic_template	strategy.surface.plane	self_intersecting_or_invalid	cutout.filleted_slot_deferred
face	3850	plane	supported_analytic_template	strategy.surface.plane	self_intersecting_or_invalid	cutout.filleted_slot_deferred
face	3851	plane	supported_analytic_template	strategy.surface.plane	convex_simple_region	cutout.filleted_slot_deferred
face	3852	plane	supported_analytic_template	strategy.surface.plane	convex_simple_region	cutout.filleted_slot_deferred
face	3853	plane	supported_analytic_template	strategy.surface.plane	multiple_disconnected_domains	reason.multidomain_decomposition_unproven;cutout.filleted_slot_deferred
face	3854	plane	supported_analytic_template	strategy.surface.plane	convex_simple_region	cutout.filleted_slot_deferred
face	3855	plane	supported_analytic_template	strategy.surface.plane	self_intersecting_or_invalid	cutout.filleted_slot_deferred
face	3856	cylinder	deferred_residual_surface	reason.deferred_residual_surface	full_periodic_with_cap_boundaries	u_periodic;cutout.cylindrical_bore;cutout.multi_bore_cylinder_deferred;cutout.filleted_slot_deferred
face	3857	cylinder	deferred_residual_surface	reason.deferred_residual_surface	full_periodic_with_cap_boundaries	u_periodic;cutout.cylindrical_bore;cutout.multi_bore_cylinder_deferred;cutout.filleted_slot_deferred
face	3858	plane	supported_analytic_template	strategy.surface.plane	multiple_disconnected_domains	reason.multidomain_decomposition_unproven;cutout.filleted_slot_deferred
face	3859	plane	supported_analytic_template	strategy.surface.plane	multiple_disconnected_domains	cutout.planar_perforated;reason.multidomain_decomposition_unproven;cutout.filleted_slot_deferred
face	3860	cylinder	deferred_residual_surface	reason.deferred_residual_surface	full_periodic_with_cap_boundaries	u_periodic;cutout.cylindrical_bore;cutout.multi_bore_cylinder_deferred;cutout.filleted_slot_deferred
face	3861	sphere	deferred_residual_surface	reason.deferred_residual_surface	full_periodic_with_cap_boundaries	u_periodic
face	3862	plane	supported_analytic_template	strategy.surface.plane	multiple_disconnected_domains	reason.multidomain_decomposition_unproven;cutout.filleted_slot_deferred
face	3863	plane	supported_analytic_template	strategy.surface.plane	convex_simple_region	cutout.filleted_slot_deferred
face	3864	plane	supported_analytic_template	strategy.surface.plane	convex_simple_region	cutout.filleted_slot_deferred
face	3865	plane	supported_analytic_template	strategy.surface.plane	convex_simple_region	cutout.filleted_slot_deferred
face	3866	plane	supported_analytic_template	strategy.surface.plane	convex_simple_region	cutout.filleted_slot_deferred
face	3867	plane	supported_analytic_template	strategy.surface.plane	convex_simple_region	cutout.filleted_slot_deferred
face	3868	plane	supported_analytic_template	strategy.surface.plane	convex_simple_region	cutout.filleted_slot_deferred
face	3869	cone	deferred_residual_surface	reason.deferred_residual_surface	full_periodic_with_cap_boundaries	u_periodic
face	3870	plane	supported_analytic_template	strategy.surface.plane	multiple_disconnected_domains	reason.multidomain_decomposition_unproven;cutout.filleted_slot_deferred
face	3871	plane	supported_analytic_template	strategy.surface.plane	multiple_disconnected_domains	cutout.planar_perforated;reason.multidomain_decomposition_unproven;cutout.filleted_slot_deferred
face	3872	cylinder	deferred_residual_surface	reason.deferred_residual_surface	full_periodic_with_cap_boundaries	u_periodic;cutout.cylindrical_bore;cutout.multi_bore_cylinder_deferred;cutout.filleted_slot_deferred
face	3873	sphere	deferred_residual_surface	reason.deferred_residual_surface	full_periodic_with_cap_boundaries	u_periodic
face	3874	plane	supported_analytic_template	strategy.surface.plane	multiple_disconnected_domains	reason.multidomain_decomposition_unproven;cutout.filleted_slot_deferred
face	3875	plane	supported_analytic_template	strategy.surface.plane	convex_simple_region	cutout.filleted_slot_deferred
face	3876	plane	supported_analytic_template	strategy.surface.plane	convex_simple_region	cutout.filleted_slot_deferred
face	3877	plane	supported_analytic_template	strategy.surface.plane	convex_simple_region	cutout.filleted_slot_deferred
face	3878	plane	supported_analytic_template	strategy.surface.plane	convex_simple_region	cutout.filleted_slot_deferred
face	3879	plane	supported_analytic_template	strategy.surface.plane	convex_simple_region	cutout.filleted_slot_deferred
face	3880	plane	supported_analytic_template	strategy.surface.plane	convex_simple_region	cutout.filleted_slot_deferred
face	3881	cone	deferred_residual_surface	reason.deferred_residual_surface	full_periodic_with_cap_boundaries	u_periodic
face	3882	cylinder	deferred_residual_surface	reason.deferred_residual_surface	full_periodic_with_cap_boundaries	u_periodic;cutout.multi_bore_cylinder_deferred;cutout.filleted_slot_deferred
face	3883	plane	supported_analytic_template	strategy.surface.plane	convex_simple_region	cutout.filleted_slot_deferred
face	3884	plane	supported_analytic_template	strategy.surface.plane	convex_simple_region	cutout.filleted_slot_deferred
face	3885	plane	supported_analytic_template	strategy.surface.plane	multiple_disconnected_domains	cutout.planar_perforated;reason.multidomain_decomposition_unproven;cutout.filleted_slot_deferred
face	3886	torus	deferred_residual_surface	reason.deferred_residual_surface	open_or_gapped_loop	u_periodic;v_periodic
face	3887	torus	deferred_residual_surface	reason.deferred_residual_surface	full_periodic_with_cap_boundaries	u_periodic;v_periodic
face	3888	torus	deferred_residual_surface	reason.deferred_residual_surface	full_periodic_with_cap_boundaries	u_periodic;v_periodic
face	3889	torus	deferred_residual_surface	reason.deferred_residual_surface	full_periodic_with_cap_boundaries	u_periodic;v_periodic
face	3890	torus	deferred_residual_surface	reason.deferred_residual_surface	full_periodic_with_cap_boundaries	u_periodic;v_periodic
face	3891	cylinder	deferred_residual_surface	reason.deferred_residual_surface	full_periodic_with_cap_boundaries	u_periodic;cutout.cylindrical_bore;cutout.multi_bore_cylinder_deferred;cutout.filleted_slot_deferred
face	3892	torus	deferred_residual_surface	reason.deferred_residual_surface	open_or_gapped_loop	u_periodic;v_periodic
face	3893	torus	deferred_residual_surface	reason.deferred_residual_surface	open_or_gapped_loop	u_periodic;v_periodic
face	3894	torus	deferred_residual_surface	reason.deferred_residual_surface	open_or_gapped_loop	u_periodic;v_periodic
face	3895	torus	deferred_residual_surface	reason.deferred_residual_surface	open_or_gapped_loop	u_periodic;v_periodic
face	3896	torus	deferred_residual_surface	reason.deferred_residual_surface	full_periodic_with_cap_boundaries	u_periodic;v_periodic
face	3897	plane	supported_analytic_template	strategy.surface.plane	annulus	cutout.planar_perforated;cutout.filleted_slot_deferred
face	3898	cylinder	deferred_residual_surface	reason.deferred_residual_surface	full_periodic_with_cap_boundaries	u_periodic;cutout.cylindrical_bore;cutout.multi_bore_cylinder_deferred;cutout.filleted_slot_deferred
face	3899	cylinder	deferred_residual_surface	reason.deferred_residual_surface	full_periodic_with_cap_boundaries	u_periodic;cutout.multi_bore_cylinder_deferred;cutout.filleted_slot_deferred
face	3900	cylinder	deferred_residual_surface	reason.deferred_residual_surface	full_periodic_with_cap_boundaries	u_periodic;cutout.cylindrical_bore;cutout.multi_bore_cylinder_deferred;cutout.filleted_slot_deferred
face	3901	cylinder	deferred_residual_surface	reason.deferred_residual_surface	full_periodic_with_cap_boundaries	u_periodic;cutout.cylindrical_bore;cutout.multi_bore_cylinder_deferred;cutout.filleted_slot_deferred
face	3902	cylinder	deferred_residual_surface	reason.deferred_residual_surface	full_periodic_with_cap_boundaries	u_periodic;cutout.cylindrical_bore;cutout.multi_bore_cylinder_deferred;cutout.filleted_slot_deferred
face	3903	cylinder	deferred_residual_surface	reason.deferred_residual_surface	full_periodic_with_cap_boundaries	u_periodic;cutout.cylindrical_bore;cutout.multi_bore_cylinder_deferred;cutout.filleted_slot_deferred
face	3904	cylinder	deferred_residual_surface	reason.deferred_residual_surface	full_periodic_with_cap_boundaries	u_periodic;cutout.cylindrical_bore;cutout.multi_bore_cylinder_deferred;cutout.filleted_slot_deferred
face	3905	cylinder	deferred_residual_surface	reason.deferred_residual_surface	full_periodic_with_cap_boundaries	u_periodic;cutout.cylindrical_bore;cutout.multi_bore_cylinder_deferred;cutout.filleted_slot_deferred
face	3906	cylinder	deferred_residual_surface	reason.deferred_residual_surface	full_periodic_with_cap_boundaries	u_periodic;cutout.cylindrical_bore;cutout.multi_bore_cylinder_deferred;cutout.filleted_slot_deferred
face	3907	cylinder	deferred_residual_surface	reason.deferred_residual_surface	full_periodic_with_cap_boundaries	u_periodic;cutout.cylindrical_bore;cutout.multi_bore_cylinder_deferred;cutout.filleted_slot_deferred
face	3908	cylinder	deferred_residual_surface	reason.deferred_residual_surface	full_periodic_with_cap_boundaries	u_periodic;cutout.cylindrical_bore;cutout.multi_bore_cylinder_deferred;cutout.filleted_slot_deferred
face	3909	plane	supported_analytic_template	strategy.surface.plane	convex_simple_region	cutout.filleted_slot_deferred
face	3910	plane	supported_analytic_template	strategy.surface.plane	convex_simple_region	cutout.filleted_slot_deferred
face	3911	cylinder	deferred_residual_surface	reason.deferred_residual_surface	full_periodic_with_cap_boundaries	u_periodic;cutout.cylindrical_bore;cutout.multi_bore_cylinder_deferred;cutout.filleted_slot_deferred
face	3912	plane	supported_analytic_template	strategy.surface.plane	convex_simple_region	cutout.filleted_slot_deferred
face	3913	plane	supported_analytic_template	strategy.surface.plane	convex_simple_region	cutout.filleted_slot_deferred
face	3914	cylinder	deferred_residual_surface	reason.deferred_residual_surface	full_periodic_with_cap_boundaries	u_periodic;cutout.cylindrical_bore;cutout.multi_bore_cylinder_deferred;cutout.filleted_slot_deferred
face	3915	plane	supported_analytic_template	strategy.surface.plane	convex_simple_region	cutout.filleted_slot_deferred
face	3916	plane	supported_analytic_template	strategy.surface.plane	convex_simple_region	cutout.filleted_slot_deferred
face	3917	cylinder	deferred_residual_surface	reason.deferred_residual_surface	full_periodic_with_cap_boundaries	u_periodic;cutout.cylindrical_bore;cutout.multi_bore_cylinder_deferred;cutout.filleted_slot_deferred
face	3918	plane	supported_analytic_template	strategy.surface.plane	convex_simple_region	cutout.filleted_slot_deferred
face	3919	plane	supported_analytic_template	strategy.surface.plane	convex_simple_region	cutout.filleted_slot_deferred
face	3920	cylinder	deferred_residual_surface	reason.deferred_residual_surface	full_periodic_with_cap_boundaries	u_periodic;cutout.cylindrical_bore;cutout.multi_bore_cylinder_deferred;cutout.filleted_slot_deferred
face	3921	plane	supported_analytic_template	strategy.surface.plane	convex_simple_region	cutout.filleted_slot_deferred
face	3922	cylinder	deferred_residual_surface	reason.deferred_residual_surface	full_periodic_with_cap_boundaries	u_periodic;cutout.multi_bore_cylinder_deferred;cutout.filleted_slot_deferred
face	3923	cylinder	deferred_residual_surface	reason.deferred_residual_surface	full_periodic_with_cap_boundaries	u_periodic;cutout.cylindrical_bore;cutout.multi_bore_cylinder_deferred;cutout.filleted_slot_deferred
face	3924	cylinder	deferred_residual_surface	reason.deferred_residual_surface	full_periodic_with_cap_boundaries	u_periodic;cutout.cylindrical_bore;cutout.multi_bore_cylinder_deferred;cutout.filleted_slot_deferred
face	3925	cylinder	deferred_residual_surface	reason.deferred_residual_surface	full_periodic_with_cap_boundaries	u_periodic;cutout.cylindrical_bore;cutout.multi_bore_cylinder_deferred;cutout.filleted_slot_deferred
face	3926	cylinder	deferred_residual_surface	reason.deferred_residual_surface	full_periodic_with_cap_boundaries	u_periodic;cutout.cylindrical_bore;cutout.multi_bore_cylinder_deferred;cutout.filleted_slot_deferred
face	3927	cylinder	deferred_residual_surface	reason.deferred_residual_surface	full_periodic_with_cap_boundaries	u_periodic;cutout.cylindrical_bore;cutout.multi_bore_cylinder_deferred;cutout.filleted_slot_deferred
face	3928	cylinder	deferred_residual_surface	reason.deferred_residual_surface	full_periodic_with_cap_boundaries	u_periodic;cutout.cylindrical_bore;cutout.multi_bore_cylinder_deferred;cutout.filleted_slot_deferred
face	3929	cylinder	deferred_residual_surface	reason.deferred_residual_surface	full_periodic_with_cap_boundaries	u_periodic;cutout.cylindrical_bore;cutout.multi_bore_cylinder_deferred;cutout.filleted_slot_deferred
face	3930	cylinder	deferred_residual_surface	reason.deferred_residual_surface	full_periodic_with_cap_boundaries	u_periodic;cutout.cylindrical_bore;cutout.multi_bore_cylinder_deferred;cutout.filleted_slot_deferred
face	3931	cylinder	deferred_residual_surface	reason.deferred_residual_surface	full_periodic_with_cap_boundaries	u_periodic;cutout.cylindrical_bore;cutout.multi_bore_cylinder_deferred;cutout.filleted_slot_deferred
face	3932	plane	supported_analytic_template	strategy.surface.plane	concave_simple_region	cutout.filleted_slot_deferred
face	3933	plane	supported_analytic_template	strategy.surface.plane	convex_simple_region	cutout.filleted_slot_deferred
face	3934	cylinder	deferred_residual_surface	reason.deferred_residual_surface	full_periodic_with_cap_boundaries	u_periodic;cutout.cylindrical_bore;cutout.multi_bore_cylinder_deferred;cutout.filleted_slot_deferred
face	3935	plane	supported_analytic_template	strategy.surface.plane	convex_simple_region	cutout.filleted_slot_deferred
face	3936	plane	supported_analytic_template	strategy.surface.plane	convex_simple_region	cutout.filleted_slot_deferred
face	3937	cylinder	deferred_residual_surface	reason.deferred_residual_surface	full_periodic_with_cap_boundaries	u_periodic;cutout.cylindrical_bore;cutout.multi_bore_cylinder_deferred;cutout.filleted_slot_deferred
face	3938	plane	supported_analytic_template	strategy.surface.plane	convex_simple_region	cutout.filleted_slot_deferred
face	3939	plane	supported_analytic_template	strategy.surface.plane	convex_simple_region	cutout.filleted_slot_deferred
face	3940	cylinder	deferred_residual_surface	reason.deferred_residual_surface	full_periodic_with_cap_boundaries	u_periodic;cutout.cylindrical_bore;cutout.multi_bore_cylinder_deferred;cutout.filleted_slot_deferred
face	3941	plane	supported_analytic_template	strategy.surface.plane	convex_simple_region	cutout.filleted_slot_deferred
face	3942	plane	supported_analytic_template	strategy.surface.plane	convex_simple_region	cutout.filleted_slot_deferred
face	3943	cylinder	deferred_residual_surface	reason.deferred_residual_surface	full_periodic_with_cap_boundaries	u_periodic;cutout.cylindrical_bore;cutout.multi_bore_cylinder_deferred;cutout.filleted_slot_deferred
face	3944	plane	supported_analytic_template	strategy.surface.plane	convex_simple_region	cutout.filleted_slot_deferred
face	3945	plane	supported_analytic_template	strategy.surface.plane	convex_simple_region	cutout.filleted_slot_deferred
face	3946	cylinder	deferred_residual_surface	reason.deferred_residual_surface	full_periodic_with_cap_boundaries	u_periodic;cutout.cylindrical_bore;cutout.multi_bore_cylinder_deferred;cutout.filleted_slot_deferred
face	3947	plane	supported_analytic_template	strategy.surface.plane	annulus	cutout.planar_perforated;cutout.filleted_slot_deferred
face	3948	cone	deferred_residual_surface	reason.deferred_residual_surface	full_periodic_with_cap_boundaries	u_periodic
face	3949	bspline	deferred_residual_surface	reason.deferred_residual_surface	convex_simple_region	mapped.four_sided_candidate;freeform.uv_grid_candidate
face	3950	cylinder	deferred_residual_surface	reason.deferred_residual_surface	full_periodic_with_cap_boundaries	u_periodic;cutout.cylindrical_bore;cutout.multi_bore_cylinder_deferred;cutout.filleted_slot_deferred
face	3951	cone	deferred_residual_surface	reason.deferred_residual_surface	full_periodic_with_cap_boundaries	u_periodic
face	3952	cylinder	deferred_residual_surface	reason.deferred_residual_surface	full_periodic_with_cap_boundaries	u_periodic;cutout.cylindrical_bore;cutout.multi_bore_cylinder_deferred;cutout.filleted_slot_deferred
face	3953	bspline	deferred_residual_surface	reason.deferred_residual_surface	convex_simple_region	mapped.four_sided_candidate;freeform.uv_grid_candidate
face	3954	plane	supported_analytic_template	strategy.surface.plane	multiple_disconnected_domains	reason.multidomain_decomposition_unproven;cutout.filleted_slot_deferred
face	3955	cylinder	deferred_residual_surface	reason.deferred_residual_surface	full_periodic_with_cap_boundaries	u_periodic;cutout.cylindrical_bore;cutout.multi_bore_cylinder_deferred;cutout.filleted_slot_deferred
face	3956	plane	supported_analytic_template	strategy.surface.plane	annulus	cutout.planar_perforated;cutout.filleted_slot_deferred
face	3957	cylinder	deferred_residual_surface	reason.deferred_residual_surface	full_periodic_with_cap_boundaries	u_periodic;cutout.cylindrical_bore;cutout.multi_bore_cylinder_deferred;cutout.filleted_slot_deferred
face	3958	cone	deferred_residual_surface	reason.deferred_residual_surface	full_periodic_with_cap_boundaries	u_periodic
face	3959	bspline	deferred_residual_surface	reason.deferred_residual_surface	convex_simple_region	mapped.non_four_sided_deferred;freeform.uv_grid_candidate
face	3960	cylinder	deferred_residual_surface	reason.deferred_residual_surface	full_periodic_with_cap_boundaries	u_periodic;cutout.cylindrical_bore;cutout.multi_bore_cylinder_deferred;cutout.filleted_slot_deferred
face	3961	cone	deferred_residual_surface	reason.deferred_residual_surface	full_periodic_with_cap_boundaries	u_periodic
face	3962	cylinder	deferred_residual_surface	reason.deferred_residual_surface	full_periodic_with_cap_boundaries	u_periodic;cutout.cylindrical_bore;cutout.multi_bore_cylinder_deferred;cutout.filleted_slot_deferred
face	3963	bspline	deferred_residual_surface	reason.deferred_residual_surface	convex_simple_region	mapped.non_four_sided_deferred;freeform.uv_grid_candidate
face	3964	cylinder	deferred_residual_surface	reason.deferred_residual_surface	full_periodic_with_cap_boundaries	u_periodic;cutout.cylindrical_bore;cutout.multi_bore_cylinder_deferred;cutout.filleted_slot_deferred
face	3965	bspline	deferred_residual_surface	reason.deferred_residual_surface	convex_simple_region	mapped.non_four_sided_deferred;freeform.uv_grid_candidate
face	3966	bspline	deferred_residual_surface	reason.deferred_residual_surface	convex_simple_region	mapped.non_four_sided_deferred;freeform.uv_grid_candidate
face	3967	bspline	deferred_residual_surface	reason.deferred_residual_surface	convex_simple_region	mapped.non_four_sided_deferred;freeform.uv_grid_candidate
face	3968	plane	supported_analytic_template	strategy.surface.plane	convex_simple_region	cutout.filleted_slot_deferred
face	3969	plane	supported_analytic_template	strategy.surface.plane	convex_simple_region	cutout.filleted_slot_deferred
face	3970	bspline	deferred_residual_surface	reason.deferred_residual_surface	convex_simple_region	mapped.non_four_sided_deferred;freeform.uv_grid_candidate
face	3971	bspline	deferred_residual_surface	reason.deferred_residual_surface	convex_simple_region	mapped.four_sided_candidate;freeform.uv_grid_candidate
face	3972	plane	supported_analytic_template	strategy.surface.plane	multiple_disconnected_domains	reason.multidomain_decomposition_unproven;cutout.filleted_slot_deferred
face	3973	plane	supported_analytic_template	strategy.surface.plane	convex_simple_region	cutout.filleted_slot_deferred
face	3974	plane	supported_analytic_template	strategy.surface.plane	convex_simple_region	cutout.filleted_slot_deferred
face	3975	plane	supported_analytic_template	strategy.surface.plane	convex_simple_region	cutout.filleted_slot_deferred
face	3976	bspline	deferred_residual_surface	reason.deferred_residual_surface	convex_simple_region	mapped.non_four_sided_deferred;freeform.uv_grid_candidate
face	3977	bspline	deferred_residual_surface	reason.deferred_residual_surface	convex_simple_region	mapped.non_four_sided_deferred;freeform.uv_grid_candidate
face	3978	bspline	deferred_residual_surface	reason.deferred_residual_surface	convex_simple_region	mapped.four_sided_candidate;freeform.uv_grid_candidate
face	3979	plane	supported_analytic_template	strategy.surface.plane	multiple_disconnected_domains	reason.multidomain_decomposition_unproven;cutout.filleted_slot_deferred
face	3980	plane	supported_analytic_template	strategy.surface.plane	convex_simple_region	cutout.filleted_slot_deferred
face	3981	plane	supported_analytic_template	strategy.surface.plane	convex_simple_region	cutout.filleted_slot_deferred
face	3982	bspline	deferred_residual_surface	reason.deferred_residual_surface	convex_simple_region	mapped.non_four_sided_deferred;freeform.uv_grid_candidate
face	3983	bspline	deferred_residual_surface	reason.deferred_residual_surface	convex_simple_region	mapped.four_sided_candidate;freeform.uv_grid_candidate
face	3984	plane	supported_analytic_template	strategy.surface.plane	multiple_disconnected_domains	reason.multidomain_decomposition_unproven;cutout.filleted_slot_deferred
face	3985	plane	supported_analytic_template	strategy.surface.plane	convex_simple_region	cutout.filleted_slot_deferred
face	3986	bspline	deferred_residual_surface	reason.deferred_residual_surface	convex_simple_region	mapped.four_sided_candidate;freeform.uv_grid_candidate
face	3987	plane	supported_analytic_template	strategy.surface.plane	self_intersecting_or_invalid	cutout.filleted_slot_deferred
face	3988	plane	supported_analytic_template	strategy.surface.plane	self_intersecting_or_invalid	cutout.filleted_slot_deferred
face	3989	plane	supported_analytic_template	strategy.surface.plane	convex_simple_region	cutout.filleted_slot_deferred
face	3990	bspline	deferred_residual_surface	reason.deferred_residual_surface	convex_simple_region	mapped.non_four_sided_deferred;freeform.uv_grid_candidate
face	3991	plane	supported_analytic_template	strategy.surface.plane	convex_simple_region	cutout.filleted_slot_deferred
face	3992	bspline	deferred_residual_surface	reason.deferred_residual_surface	convex_simple_region	mapped.non_four_sided_deferred;freeform.uv_grid_candidate
face	3993	plane	supported_analytic_template	strategy.surface.plane	multiple_disconnected_domains	reason.multidomain_decomposition_unproven;cutout.filleted_slot_deferred
face	3994	bspline	deferred_residual_surface	reason.deferred_residual_surface	convex_simple_region	mapped.non_four_sided_deferred;freeform.uv_grid_candidate
face	3995	bspline	deferred_residual_surface	reason.deferred_residual_surface	convex_simple_region	mapped.four_sided_candidate;freeform.uv_grid_candidate
face	3996	bspline	deferred_residual_surface	reason.deferred_residual_surface	convex_simple_region	mapped.non_four_sided_deferred;freeform.uv_grid_candidate
face	3997	bspline	deferred_residual_surface	reason.deferred_residual_surface	convex_simple_region	mapped.non_four_sided_deferred;freeform.uv_grid_candidate
face	3998	bspline	deferred_residual_surface	reason.deferred_residual_surface	convex_simple_region	mapped.four_sided_candidate;freeform.uv_grid_candidate
face	3999	bspline	deferred_residual_surface	reason.deferred_residual_surface	convex_simple_region	mapped.non_four_sided_deferred;freeform.uv_grid_candidate
face	4000	plane	supported_analytic_template	strategy.surface.plane	multiple_disconnected_domains	reason.multidomain_decomposition_unproven;cutout.filleted_slot_deferred
face	4001	bspline	deferred_residual_surface	reason.deferred_residual_surface	convex_simple_region	mapped.non_four_sided_deferred;freeform.uv_grid_candidate
face	4002	bspline	deferred_residual_surface	reason.deferred_residual_surface	convex_simple_region	mapped.non_four_sided_deferred;freeform.uv_grid_candidate
face	4003	bspline	deferred_residual_surface	reason.deferred_residual_surface	convex_simple_region	mapped.four_sided_candidate;freeform.uv_grid_candidate
face	4004	plane	supported_analytic_template	strategy.surface.plane	multiple_disconnected_domains	reason.multidomain_decomposition_unproven;cutout.filleted_slot_deferred
face	4005	bspline	deferred_residual_surface	reason.deferred_residual_surface	convex_simple_region	mapped.non_four_sided_deferred;freeform.uv_grid_candidate
face	4006	bspline	deferred_residual_surface	reason.deferred_residual_surface	convex_simple_region	mapped.four_sided_candidate;freeform.uv_grid_candidate
face	4007	plane	supported_analytic_template	strategy.surface.plane	multiple_disconnected_domains	reason.multidomain_decomposition_unproven;cutout.filleted_slot_deferred
face	4008	bspline	deferred_residual_surface	reason.deferred_residual_surface	convex_simple_region	mapped.four_sided_candidate;freeform.uv_grid_candidate
face	4009	plane	supported_analytic_template	strategy.surface.plane	self_intersecting_or_invalid	cutout.filleted_slot_deferred
face	4010	plane	supported_analytic_template	strategy.surface.plane	self_intersecting_or_invalid	cutout.filleted_slot_deferred
face	4011	bspline	deferred_residual_surface	reason.deferred_residual_surface	convex_simple_region	mapped.non_four_sided_deferred;freeform.uv_grid_candidate
face	4012	bspline	deferred_residual_surface	reason.deferred_residual_surface	convex_simple_region	mapped.non_four_sided_deferred;freeform.uv_grid_candidate
face	4013	plane	supported_analytic_template	strategy.surface.plane	multiple_disconnected_domains	reason.multidomain_decomposition_unproven;cutout.filleted_slot_deferred
face	4014	bspline	deferred_residual_surface	reason.deferred_residual_surface	convex_simple_region	mapped.non_four_sided_deferred;freeform.uv_grid_candidate
face	4015	bspline	deferred_residual_surface	reason.deferred_residual_surface	convex_simple_region	mapped.non_four_sided_deferred;freeform.uv_grid_candidate
face	4016	bspline	deferred_residual_surface	reason.deferred_residual_surface	convex_simple_region	mapped.four_sided_candidate;freeform.uv_grid_candidate
face	4017	bspline	deferred_residual_surface	reason.deferred_residual_surface	convex_simple_region	mapped.non_four_sided_deferred;freeform.uv_grid_candidate
face	4018	plane	supported_analytic_template	strategy.surface.plane	multiple_disconnected_domains	reason.multidomain_decomposition_unproven;cutout.filleted_slot_deferred
face	4019	plane	supported_analytic_template	strategy.surface.plane	convex_simple_region	cutout.filleted_slot_deferred
face	4020	bspline	deferred_residual_surface	reason.deferred_residual_surface	convex_simple_region	mapped.four_sided_candidate;freeform.uv_grid_candidate
face	4021	bspline	deferred_residual_surface	reason.deferred_residual_surface	convex_simple_region	mapped.non_four_sided_deferred;freeform.uv_grid_candidate
face	4022	bspline	deferred_residual_surface	reason.deferred_residual_surface	convex_simple_region	mapped.four_sided_candidate;freeform.uv_grid_candidate
face	4023	bspline	deferred_residual_surface	reason.deferred_residual_surface	convex_simple_region	mapped.non_four_sided_deferred;freeform.uv_grid_candidate
face	4024	plane	supported_analytic_template	strategy.surface.plane	convex_simple_region	cutout.filleted_slot_deferred
face	4025	offset	deferred_residual_surface	reason.deferred_residual_surface	convex_simple_region	
face	4026	offset	deferred_residual_surface	reason.deferred_residual_surface	convex_simple_region	
face	4027	cylinder	deferred_residual_surface	reason.deferred_residual_surface	full_periodic_with_cap_boundaries	u_periodic;cutout.multi_bore_cylinder_deferred;cutout.filleted_slot_deferred
face	4028	offset	deferred_residual_surface	reason.deferred_residual_surface	convex_simple_region	
face	4029	offset	deferred_residual_surface	reason.deferred_residual_surface	convex_simple_region	
face	4030	cylinder	deferred_residual_surface	reason.deferred_residual_surface	full_periodic_with_cap_boundaries	u_periodic;cutout.multi_bore_cylinder_deferred;cutout.filleted_slot_deferred
face	4031	bspline	deferred_residual_surface	reason.deferred_residual_surface	convex_simple_region	mapped.four_sided_candidate;freeform.uv_grid_candidate
face	4032	bspline	deferred_residual_surface	reason.deferred_residual_surface	convex_simple_region	mapped.four_sided_candidate;freeform.uv_grid_candidate
face	4033	bspline	deferred_residual_surface	reason.deferred_residual_surface	convex_simple_region	mapped.four_sided_candidate;freeform.uv_grid_candidate
face	4034	bspline	deferred_residual_surface	reason.deferred_residual_surface	convex_simple_region	mapped.four_sided_candidate;freeform.uv_grid_candidate
face	4035	bspline	deferred_residual_surface	reason.deferred_residual_surface	convex_simple_region	mapped.four_sided_candidate;freeform.uv_grid_candidate
face	4036	bspline	deferred_residual_surface	reason.deferred_residual_surface	convex_simple_region	mapped.four_sided_candidate;freeform.uv_grid_candidate
face	4037	plane	supported_analytic_template	strategy.surface.plane	multiple_disconnected_domains	cutout.planar_perforated;reason.multidomain_decomposition_unproven;cutout.filleted_slot_deferred
face	4038	cylinder	deferred_residual_surface	reason.deferred_residual_surface	full_periodic_with_cap_boundaries	u_periodic;cutout.cylindrical_bore;cutout.multi_bore_cylinder_deferred;cutout.filleted_slot_deferred
face	4039	cylinder	deferred_residual_surface	reason.deferred_residual_surface	full_periodic_with_cap_boundaries	u_periodic;cutout.multi_bore_cylinder_deferred;cutout.filleted_slot_deferred
face	4040	plane	supported_analytic_template	strategy.surface.plane	multiple_disconnected_domains	cutout.planar_perforated;reason.multidomain_decomposition_unproven;cutout.filleted_slot_deferred
face	4041	cylinder	deferred_residual_surface	reason.deferred_residual_surface	full_periodic_with_cap_boundaries	u_periodic;cutout.cylindrical_bore;cutout.multi_bore_cylinder_deferred;cutout.filleted_slot_deferred
face	4042	torus	deferred_residual_surface	reason.deferred_residual_surface	full_periodic_with_cap_boundaries	u_periodic;v_periodic
face	4043	torus	deferred_residual_surface	reason.deferred_residual_surface	full_periodic_with_cap_boundaries	u_periodic;v_periodic
face	4044	torus	deferred_residual_surface	reason.deferred_residual_surface	full_periodic_with_cap_boundaries	u_periodic;v_periodic
face	4045	torus	deferred_residual_surface	reason.deferred_residual_surface	full_periodic_with_cap_boundaries	u_periodic;v_periodic
face	4046	cylinder	deferred_residual_surface	reason.deferred_residual_surface	full_periodic_with_cap_boundaries	u_periodic;cutout.cylindrical_bore;cutout.multi_bore_cylinder_deferred;cutout.filleted_slot_deferred
face	4047	bspline	deferred_residual_surface	reason.deferred_residual_surface	convex_simple_region	mapped.four_sided_candidate;freeform.uv_grid_candidate
face	4048	bspline	deferred_residual_surface	reason.deferred_residual_surface	convex_simple_region	mapped.four_sided_candidate;freeform.uv_grid_candidate
face	4049	bspline	deferred_residual_surface	reason.deferred_residual_surface	convex_simple_region	mapped.four_sided_candidate;freeform.uv_grid_candidate
face	4050	bspline	deferred_residual_surface	reason.deferred_residual_surface	convex_simple_region	mapped.four_sided_candidate;freeform.uv_grid_candidate
face	4051	plane	supported_analytic_template	strategy.surface.plane	convex_simple_region	cutout.filleted_slot_deferred
face	4052	plane	supported_analytic_template	strategy.surface.plane	convex_simple_region	cutout.filleted_slot_deferred
face	4053	bspline	deferred_residual_surface	reason.deferred_residual_surface	convex_simple_region	mapped.four_sided_candidate;freeform.uv_grid_candidate
face	4054	bspline	deferred_residual_surface	reason.deferred_residual_surface	convex_simple_region	mapped.four_sided_candidate;freeform.uv_grid_candidate
face	4055	bspline	deferred_residual_surface	reason.deferred_residual_surface	convex_simple_region	mapped.four_sided_candidate;freeform.uv_grid_candidate
face	4056	bspline	deferred_residual_surface	reason.deferred_residual_surface	convex_simple_region	mapped.four_sided_candidate;freeform.uv_grid_candidate
face	4057	bspline	deferred_residual_surface	reason.deferred_residual_surface	convex_simple_region	mapped.four_sided_candidate;freeform.uv_grid_candidate
face	4058	bspline	deferred_residual_surface	reason.deferred_residual_surface	convex_simple_region	mapped.four_sided_candidate;freeform.uv_grid_candidate
face	4059	bspline	deferred_residual_surface	reason.deferred_residual_surface	convex_simple_region	mapped.four_sided_candidate;freeform.uv_grid_candidate
face	4060	plane	supported_analytic_template	strategy.surface.plane	convex_simple_region	cutout.filleted_slot_deferred
face	4061	bspline	deferred_residual_surface	reason.deferred_residual_surface	convex_simple_region	mapped.four_sided_candidate;freeform.uv_grid_candidate
face	4062	bspline	deferred_residual_surface	reason.deferred_residual_surface	convex_simple_region	mapped.four_sided_candidate;freeform.uv_grid_candidate
face	4063	plane	supported_analytic_template	strategy.surface.plane	self_intersecting_or_invalid	cutout.filleted_slot_deferred
face	4064	bspline	deferred_residual_surface	reason.deferred_residual_surface	convex_simple_region	mapped.four_sided_candidate;freeform.uv_grid_candidate
face	4065	plane	supported_analytic_template	strategy.surface.plane	simple_disk	cutout.filleted_slot_deferred
face	4066	torus	deferred_residual_surface	reason.deferred_residual_surface	full_periodic_with_cap_boundaries	u_periodic;v_periodic
face	4067	sphere	deferred_residual_surface	reason.deferred_residual_surface	full_periodic_with_cap_boundaries	u_periodic
face	4068	plane	supported_analytic_template	strategy.surface.plane	convex_simple_region	cutout.filleted_slot_deferred
face	4069	plane	supported_analytic_template	strategy.surface.plane	convex_simple_region	cutout.filleted_slot_deferred
face	4070	plane	supported_analytic_template	strategy.surface.plane	convex_simple_region	cutout.filleted_slot_deferred
face	4071	plane	supported_analytic_template	strategy.surface.plane	convex_simple_region	cutout.filleted_slot_deferred
face	4072	plane	supported_analytic_template	strategy.surface.plane	convex_simple_region	cutout.filleted_slot_deferred
face	4073	plane	supported_analytic_template	strategy.surface.plane	convex_simple_region	cutout.filleted_slot_deferred
face	4074	plane	supported_analytic_template	strategy.surface.plane	convex_simple_region	cutout.filleted_slot_deferred
face	4075	plane	supported_analytic_template	strategy.surface.plane	simple_disk	cutout.filleted_slot_deferred
face	4076	torus	deferred_residual_surface	reason.deferred_residual_surface	full_periodic_with_cap_boundaries	u_periodic;v_periodic
face	4077	sphere	deferred_residual_surface	reason.deferred_residual_surface	full_periodic_with_cap_boundaries	u_periodic
face	4078	plane	supported_analytic_template	strategy.surface.plane	convex_simple_region	cutout.filleted_slot_deferred
face	4079	plane	supported_analytic_template	strategy.surface.plane	convex_simple_region	cutout.filleted_slot_deferred
face	4080	plane	supported_analytic_template	strategy.surface.plane	convex_simple_region	cutout.filleted_slot_deferred
face	4081	plane	supported_analytic_template	strategy.surface.plane	convex_simple_region	cutout.filleted_slot_deferred
face	4082	plane	supported_analytic_template	strategy.surface.plane	convex_simple_region	cutout.filleted_slot_deferred
face	4083	plane	supported_analytic_template	strategy.surface.plane	convex_simple_region	cutout.filleted_slot_deferred
face	4084	plane	supported_analytic_template	strategy.surface.plane	convex_simple_region	cutout.filleted_slot_deferred
face	4085	plane	supported_analytic_template	strategy.surface.plane	multiple_disconnected_domains	cutout.planar_perforated;reason.multidomain_decomposition_unproven;cutout.filleted_slot_deferred
face	4086	plane	supported_analytic_template	strategy.surface.plane	multiple_disconnected_domains	cutout.planar_perforated;reason.multidomain_decomposition_unproven;cutout.filleted_slot_deferred
face	4087	plane	supported_analytic_template	strategy.surface.plane	multiple_disconnected_domains	cutout.planar_perforated;reason.multidomain_decomposition_unproven;cutout.filleted_slot_deferred
face	4088	cylinder	deferred_residual_surface	reason.deferred_residual_surface	full_periodic_with_cap_boundaries	u_periodic;cutout.cylindrical_bore;cutout.multi_bore_cylinder_deferred;cutout.filleted_slot_deferred
face	4089	torus	deferred_residual_surface	reason.deferred_residual_surface	full_periodic_with_cap_boundaries	u_periodic;v_periodic
face	4090	cylinder	deferred_residual_surface	reason.deferred_residual_surface	full_periodic_with_cap_boundaries	u_periodic;cutout.cylindrical_bore;cutout.multi_bore_cylinder_deferred;cutout.filleted_slot_deferred
face	4091	offset	deferred_residual_surface	reason.deferred_residual_surface	convex_simple_region	
face	4092	offset	deferred_residual_surface	reason.deferred_residual_surface	convex_simple_region	
face	4093	offset	deferred_residual_surface	reason.deferred_residual_surface	convex_simple_region	
face	4094	offset	deferred_residual_surface	reason.deferred_residual_surface	convex_simple_region	
face	4095	plane	supported_analytic_template	strategy.surface.plane	annulus	cutout.planar_perforated;cutout.filleted_slot_deferred
face	4096	cylinder	deferred_residual_surface	reason.deferred_residual_surface	full_periodic_with_cap_boundaries	u_periodic;cutout.cylindrical_bore;cutout.multi_bore_cylinder_deferred;cutout.filleted_slot_deferred
face	4097	cylinder	deferred_residual_surface	reason.deferred_residual_surface	full_periodic_with_cap_boundaries	u_periodic;cutout.multi_bore_cylinder_deferred;cutout.filleted_slot_deferred
face	4098	cylinder	deferred_residual_surface	reason.deferred_residual_surface	full_periodic_with_cap_boundaries	u_periodic;cutout.cylindrical_bore;cutout.multi_bore_cylinder_deferred;cutout.filleted_slot_deferred
face	4099	cylinder	deferred_residual_surface	reason.deferred_residual_surface	full_periodic_with_cap_boundaries	u_periodic;cutout.cylindrical_bore;cutout.multi_bore_cylinder_deferred;cutout.filleted_slot_deferred
face	4100	plane	supported_analytic_template	strategy.surface.plane	multiple_disconnected_domains	reason.multidomain_decomposition_unproven;cutout.filleted_slot_deferred
face	4101	plane	supported_analytic_template	strategy.surface.plane	multiple_disconnected_domains	reason.multidomain_decomposition_unproven;cutout.filleted_slot_deferred
face	4102	cylinder	deferred_residual_surface	reason.deferred_residual_surface	full_periodic_with_cap_boundaries	u_periodic;cutout.cylindrical_bore;cutout.multi_bore_cylinder_deferred;cutout.filleted_slot_deferred
face	4103	cylinder	deferred_residual_surface	reason.deferred_residual_surface	full_periodic_with_cap_boundaries	u_periodic;cutout.cylindrical_bore;cutout.multi_bore_cylinder_deferred;cutout.filleted_slot_deferred
face	4104	plane	supported_analytic_template	strategy.surface.plane	multiple_disconnected_domains	reason.multidomain_decomposition_unproven;cutout.filleted_slot_deferred
face	4105	plane	supported_analytic_template	strategy.surface.plane	multiple_disconnected_domains	reason.multidomain_decomposition_unproven;cutout.filleted_slot_deferred
face	4106	cylinder	deferred_residual_surface	reason.deferred_residual_surface	full_periodic_with_cap_boundaries	u_periodic;cutout.cylindrical_bore;cutout.multi_bore_cylinder_deferred;cutout.filleted_slot_deferred
face	4107	cylinder	deferred_residual_surface	reason.deferred_residual_surface	full_periodic_with_cap_boundaries	u_periodic;cutout.cylindrical_bore;cutout.multi_bore_cylinder_deferred;cutout.filleted_slot_deferred
face	4108	plane	supported_analytic_template	strategy.surface.plane	multiple_disconnected_domains	reason.multidomain_decomposition_unproven;cutout.filleted_slot_deferred
face	4109	plane	supported_analytic_template	strategy.surface.plane	multiple_disconnected_domains	reason.multidomain_decomposition_unproven;cutout.filleted_slot_deferred
face	4110	cylinder	deferred_residual_surface	reason.deferred_residual_surface	full_periodic_with_cap_boundaries	u_periodic;cutout.cylindrical_bore;cutout.multi_bore_cylinder_deferred;cutout.filleted_slot_deferred
face	4111	cylinder	deferred_residual_surface	reason.deferred_residual_surface	full_periodic_with_cap_boundaries	u_periodic;cutout.cylindrical_bore;cutout.multi_bore_cylinder_deferred;cutout.filleted_slot_deferred
face	4112	plane	supported_analytic_template	strategy.surface.plane	multiple_disconnected_domains	reason.multidomain_decomposition_unproven;cutout.filleted_slot_deferred
face	4113	plane	supported_analytic_template	strategy.surface.plane	multiple_disconnected_domains	reason.multidomain_decomposition_unproven;cutout.filleted_slot_deferred
face	4114	cylinder	deferred_residual_surface	reason.deferred_residual_surface	full_periodic_with_cap_boundaries	u_periodic;cutout.cylindrical_bore;cutout.multi_bore_cylinder_deferred;cutout.filleted_slot_deferred
face	4115	cylinder	deferred_residual_surface	reason.deferred_residual_surface	full_periodic_with_cap_boundaries	u_periodic;cutout.cylindrical_bore;cutout.multi_bore_cylinder_deferred;cutout.filleted_slot_deferred
face	4116	plane	supported_analytic_template	strategy.surface.plane	multiple_disconnected_domains	reason.multidomain_decomposition_unproven;cutout.filleted_slot_deferred
face	4117	plane	supported_analytic_template	strategy.surface.plane	multiple_disconnected_domains	reason.multidomain_decomposition_unproven;cutout.filleted_slot_deferred
face	4118	cylinder	deferred_residual_surface	reason.deferred_residual_surface	full_periodic_with_cap_boundaries	u_periodic;cutout.cylindrical_bore;cutout.multi_bore_cylinder_deferred;cutout.filleted_slot_deferred
face	4119	cylinder	deferred_residual_surface	reason.deferred_residual_surface	full_periodic_with_cap_boundaries	u_periodic;cutout.cylindrical_bore;cutout.multi_bore_cylinder_deferred;cutout.filleted_slot_deferred
face	4120	plane	supported_analytic_template	strategy.surface.plane	multiple_disconnected_domains	reason.multidomain_decomposition_unproven;cutout.filleted_slot_deferred
face	4121	plane	supported_analytic_template	strategy.surface.plane	multiple_disconnected_domains	reason.multidomain_decomposition_unproven;cutout.filleted_slot_deferred
face	4122	cylinder	deferred_residual_surface	reason.deferred_residual_surface	full_periodic_with_cap_boundaries	u_periodic;cutout.cylindrical_bore;cutout.multi_bore_cylinder_deferred;cutout.filleted_slot_deferred
face	4123	cylinder	deferred_residual_surface	reason.deferred_residual_surface	full_periodic_with_cap_boundaries	u_periodic;cutout.cylindrical_bore;cutout.multi_bore_cylinder_deferred;cutout.filleted_slot_deferred
face	4124	plane	supported_analytic_template	strategy.surface.plane	multiple_disconnected_domains	reason.multidomain_decomposition_unproven;cutout.filleted_slot_deferred
face	4125	plane	supported_analytic_template	strategy.surface.plane	multiple_disconnected_domains	reason.multidomain_decomposition_unproven;cutout.filleted_slot_deferred
face	4126	cylinder	deferred_residual_surface	reason.deferred_residual_surface	full_periodic_with_cap_boundaries	u_periodic;cutout.cylindrical_bore;cutout.multi_bore_cylinder_deferred;cutout.filleted_slot_deferred
face	4127	cylinder	deferred_residual_surface	reason.deferred_residual_surface	full_periodic_with_cap_boundaries	u_periodic;cutout.cylindrical_bore;cutout.multi_bore_cylinder_deferred;cutout.filleted_slot_deferred
face	4128	plane	supported_analytic_template	strategy.surface.plane	multiple_disconnected_domains	reason.multidomain_decomposition_unproven;cutout.filleted_slot_deferred
face	4129	plane	supported_analytic_template	strategy.surface.plane	multiple_disconnected_domains	reason.multidomain_decomposition_unproven;cutout.filleted_slot_deferred
face	4130	cylinder	deferred_residual_surface	reason.deferred_residual_surface	full_periodic_with_cap_boundaries	u_periodic;cutout.cylindrical_bore;cutout.multi_bore_cylinder_deferred;cutout.filleted_slot_deferred
face	4131	cylinder	deferred_residual_surface	reason.deferred_residual_surface	full_periodic_with_cap_boundaries	u_periodic;cutout.cylindrical_bore;cutout.multi_bore_cylinder_deferred;cutout.filleted_slot_deferred
face	4132	plane	supported_analytic_template	strategy.surface.plane	multiple_disconnected_domains	reason.multidomain_decomposition_unproven;cutout.filleted_slot_deferred
face	4133	plane	supported_analytic_template	strategy.surface.plane	multiple_disconnected_domains	reason.multidomain_decomposition_unproven;cutout.filleted_slot_deferred
face	4134	cylinder	deferred_residual_surface	reason.deferred_residual_surface	full_periodic_with_cap_boundaries	u_periodic;cutout.cylindrical_bore;cutout.multi_bore_cylinder_deferred;cutout.filleted_slot_deferred
face	4135	cylinder	deferred_residual_surface	reason.deferred_residual_surface	full_periodic_with_cap_boundaries	u_periodic;cutout.cylindrical_bore;cutout.multi_bore_cylinder_deferred;cutout.filleted_slot_deferred
face	4136	plane	supported_analytic_template	strategy.surface.plane	multiple_disconnected_domains	reason.multidomain_decomposition_unproven;cutout.filleted_slot_deferred
face	4137	plane	supported_analytic_template	strategy.surface.plane	multiple_disconnected_domains	reason.multidomain_decomposition_unproven;cutout.filleted_slot_deferred
face	4138	cylinder	deferred_residual_surface	reason.deferred_residual_surface	full_periodic_with_cap_boundaries	u_periodic;cutout.cylindrical_bore;cutout.multi_bore_cylinder_deferred;cutout.filleted_slot_deferred
face	4139	cylinder	deferred_residual_surface	reason.deferred_residual_surface	full_periodic_with_cap_boundaries	u_periodic;cutout.cylindrical_bore;cutout.multi_bore_cylinder_deferred;cutout.filleted_slot_deferred
face	4140	plane	supported_analytic_template	strategy.surface.plane	multiple_disconnected_domains	reason.multidomain_decomposition_unproven;cutout.filleted_slot_deferred
face	4141	plane	supported_analytic_template	strategy.surface.plane	multiple_disconnected_domains	reason.multidomain_decomposition_unproven;cutout.filleted_slot_deferred
face	4142	cylinder	deferred_residual_surface	reason.deferred_residual_surface	full_periodic_with_cap_boundaries	u_periodic;cutout.cylindrical_bore;cutout.multi_bore_cylinder_deferred;cutout.filleted_slot_deferred
face	4143	cylinder	deferred_residual_surface	reason.deferred_residual_surface	full_periodic_with_cap_boundaries	u_periodic;cutout.cylindrical_bore;cutout.multi_bore_cylinder_deferred;cutout.filleted_slot_deferred
face	4144	plane	supported_analytic_template	strategy.surface.plane	multiple_disconnected_domains	reason.multidomain_decomposition_unproven;cutout.filleted_slot_deferred
face	4145	plane	supported_analytic_template	strategy.surface.plane	multiple_disconnected_domains	reason.multidomain_decomposition_unproven;cutout.filleted_slot_deferred
face	4146	cylinder	deferred_residual_surface	reason.deferred_residual_surface	full_periodic_with_cap_boundaries	u_periodic;cutout.cylindrical_bore;cutout.multi_bore_cylinder_deferred;cutout.filleted_slot_deferred
face	4147	cylinder	deferred_residual_surface	reason.deferred_residual_surface	full_periodic_with_cap_boundaries	u_periodic;cutout.cylindrical_bore;cutout.multi_bore_cylinder_deferred;cutout.filleted_slot_deferred
face	4148	plane	supported_analytic_template	strategy.surface.plane	multiple_disconnected_domains	reason.multidomain_decomposition_unproven;cutout.filleted_slot_deferred
face	4149	plane	supported_analytic_template	strategy.surface.plane	multiple_disconnected_domains	reason.multidomain_decomposition_unproven;cutout.filleted_slot_deferred
face	4150	cylinder	deferred_residual_surface	reason.deferred_residual_surface	full_periodic_with_cap_boundaries	u_periodic;cutout.cylindrical_bore;cutout.multi_bore_cylinder_deferred;cutout.filleted_slot_deferred
face	4151	cylinder	deferred_residual_surface	reason.deferred_residual_surface	full_periodic_with_cap_boundaries	u_periodic;cutout.cylindrical_bore;cutout.multi_bore_cylinder_deferred;cutout.filleted_slot_deferred
face	4152	plane	supported_analytic_template	strategy.surface.plane	multiple_disconnected_domains	reason.multidomain_decomposition_unproven;cutout.filleted_slot_deferred
face	4153	plane	supported_analytic_template	strategy.surface.plane	multiple_disconnected_domains	reason.multidomain_decomposition_unproven;cutout.filleted_slot_deferred
face	4154	cylinder	deferred_residual_surface	reason.deferred_residual_surface	full_periodic_with_cap_boundaries	u_periodic;cutout.cylindrical_bore;cutout.multi_bore_cylinder_deferred;cutout.filleted_slot_deferred
face	4155	cylinder	deferred_residual_surface	reason.deferred_residual_surface	full_periodic_with_cap_boundaries	u_periodic;cutout.cylindrical_bore;cutout.multi_bore_cylinder_deferred;cutout.filleted_slot_deferred
face	4156	plane	supported_analytic_template	strategy.surface.plane	multiple_disconnected_domains	reason.multidomain_decomposition_unproven;cutout.filleted_slot_deferred
face	4157	plane	supported_analytic_template	strategy.surface.plane	multiple_disconnected_domains	reason.multidomain_decomposition_unproven;cutout.filleted_slot_deferred
face	4158	cylinder	deferred_residual_surface	reason.deferred_residual_surface	full_periodic_with_cap_boundaries	u_periodic;cutout.cylindrical_bore;cutout.multi_bore_cylinder_deferred;cutout.filleted_slot_deferred
face	4159	cylinder	deferred_residual_surface	reason.deferred_residual_surface	full_periodic_with_cap_boundaries	u_periodic;cutout.cylindrical_bore;cutout.multi_bore_cylinder_deferred;cutout.filleted_slot_deferred
face	4160	plane	supported_analytic_template	strategy.surface.plane	multiple_disconnected_domains	reason.multidomain_decomposition_unproven;cutout.filleted_slot_deferred
face	4161	plane	supported_analytic_template	strategy.surface.plane	multiple_disconnected_domains	reason.multidomain_decomposition_unproven;cutout.filleted_slot_deferred
face	4162	plane	supported_analytic_template	strategy.surface.plane	multiple_disconnected_domains	cutout.planar_perforated;reason.multidomain_decomposition_unproven;cutout.filleted_slot_deferred
face	4163	cylinder	deferred_residual_surface	reason.deferred_residual_surface	full_periodic_with_cap_boundaries	u_periodic;cutout.cylindrical_bore;cutout.multi_bore_cylinder_deferred;cutout.filleted_slot_deferred
face	4164	torus	deferred_residual_surface	reason.deferred_residual_surface	open_or_gapped_loop	u_periodic;v_periodic
face	4165	cylinder	deferred_residual_surface	reason.deferred_residual_surface	full_periodic_with_cap_boundaries	u_periodic;cutout.cylindrical_bore;cutout.multi_bore_cylinder_deferred;cutout.filleted_slot_deferred
face	4166	torus	deferred_residual_surface	reason.deferred_residual_surface	open_or_gapped_loop	u_periodic;v_periodic
face	4167	cylinder	deferred_residual_surface	reason.deferred_residual_surface	full_periodic_with_cap_boundaries	u_periodic;cutout.cylindrical_bore;cutout.multi_bore_cylinder_deferred;cutout.filleted_slot_deferred
face	4168	torus	deferred_residual_surface	reason.deferred_residual_surface	open_or_gapped_loop	u_periodic;v_periodic
face	4169	cylinder	deferred_residual_surface	reason.deferred_residual_surface	full_periodic_with_cap_boundaries	u_periodic;cutout.cylindrical_bore;cutout.multi_bore_cylinder_deferred;cutout.filleted_slot_deferred
face	4170	torus	deferred_residual_surface	reason.deferred_residual_surface	open_or_gapped_loop	u_periodic;v_periodic
face	4171	cylinder	deferred_residual_surface	reason.deferred_residual_surface	full_periodic_with_cap_boundaries	u_periodic;cutout.cylindrical_bore;cutout.multi_bore_cylinder_deferred;cutout.filleted_slot_deferred
face	4172	torus	deferred_residual_surface	reason.deferred_residual_surface	open_or_gapped_loop	u_periodic;v_periodic
face	4173	cylinder	deferred_residual_surface	reason.deferred_residual_surface	full_periodic_with_cap_boundaries	u_periodic;cutout.cylindrical_bore;cutout.multi_bore_cylinder_deferred;cutout.filleted_slot_deferred
face	4174	torus	deferred_residual_surface	reason.deferred_residual_surface	open_or_gapped_loop	u_periodic;v_periodic
face	4175	cylinder	deferred_residual_surface	reason.deferred_residual_surface	full_periodic_with_cap_boundaries	u_periodic;cutout.cylindrical_bore;cutout.multi_bore_cylinder_deferred;cutout.filleted_slot_deferred
face	4176	torus	deferred_residual_surface	reason.deferred_residual_surface	open_or_gapped_loop	u_periodic;v_periodic
face	4177	cylinder	deferred_residual_surface	reason.deferred_residual_surface	full_periodic_with_cap_boundaries	u_periodic;cutout.cylindrical_bore;cutout.multi_bore_cylinder_deferred;cutout.filleted_slot_deferred
face	4178	torus	deferred_residual_surface	reason.deferred_residual_surface	open_or_gapped_loop	u_periodic;v_periodic
face	4179	cylinder	deferred_residual_surface	reason.deferred_residual_surface	full_periodic_with_cap_boundaries	u_periodic;cutout.cylindrical_bore;cutout.multi_bore_cylinder_deferred;cutout.filleted_slot_deferred
face	4180	torus	deferred_residual_surface	reason.deferred_residual_surface	open_or_gapped_loop	u_periodic;v_periodic
face	4181	cylinder	deferred_residual_surface	reason.deferred_residual_surface	full_periodic_with_cap_boundaries	u_periodic;cutout.cylindrical_bore;cutout.multi_bore_cylinder_deferred;cutout.filleted_slot_deferred
face	4182	torus	deferred_residual_surface	reason.deferred_residual_surface	open_or_gapped_loop	u_periodic;v_periodic
face	4183	cylinder	deferred_residual_surface	reason.deferred_residual_surface	full_periodic_with_cap_boundaries	u_periodic;cutout.cylindrical_bore;cutout.multi_bore_cylinder_deferred;cutout.filleted_slot_deferred
face	4184	torus	deferred_residual_surface	reason.deferred_residual_surface	open_or_gapped_loop	u_periodic;v_periodic
face	4185	cylinder	deferred_residual_surface	reason.deferred_residual_surface	full_periodic_with_cap_boundaries	u_periodic;cutout.cylindrical_bore;cutout.multi_bore_cylinder_deferred;cutout.filleted_slot_deferred
face	4186	torus	deferred_residual_surface	reason.deferred_residual_surface	open_or_gapped_loop	u_periodic;v_periodic
face	4187	cylinder	deferred_residual_surface	reason.deferred_residual_surface	full_periodic_with_cap_boundaries	u_periodic;cutout.cylindrical_bore;cutout.multi_bore_cylinder_deferred;cutout.filleted_slot_deferred
face	4188	torus	deferred_residual_surface	reason.deferred_residual_surface	open_or_gapped_loop	u_periodic;v_periodic
face	4189	cylinder	deferred_residual_surface	reason.deferred_residual_surface	full_periodic_with_cap_boundaries	u_periodic;cutout.cylindrical_bore;cutout.multi_bore_cylinder_deferred;cutout.filleted_slot_deferred
face	4190	torus	deferred_residual_surface	reason.deferred_residual_surface	open_or_gapped_loop	u_periodic;v_periodic
face	4191	cylinder	deferred_residual_surface	reason.deferred_residual_surface	full_periodic_with_cap_boundaries	u_periodic;cutout.cylindrical_bore;cutout.multi_bore_cylinder_deferred;cutout.filleted_slot_deferred
face	4192	torus	deferred_residual_surface	reason.deferred_residual_surface	open_or_gapped_loop	u_periodic;v_periodic
face	4193	cylinder	deferred_residual_surface	reason.deferred_residual_surface	full_periodic_with_cap_boundaries	u_periodic;cutout.cylindrical_bore;cutout.multi_bore_cylinder_deferred;cutout.filleted_slot_deferred
face	4194	torus	deferred_residual_surface	reason.deferred_residual_surface	open_or_gapped_loop	u_periodic;v_periodic
face	4195	bspline	deferred_residual_surface	reason.deferred_residual_surface	full_periodic_with_cap_boundaries	v_periodic;mapped.non_four_sided_deferred;freeform.general_deferred
face	4196	cone	deferred_residual_surface	reason.deferred_residual_surface	full_periodic_with_cap_boundaries	u_periodic
face	4197	cylinder	deferred_residual_surface	reason.deferred_residual_surface	full_periodic_with_cap_boundaries	u_periodic;cutout.cylindrical_bore;cutout.multi_bore_cylinder_deferred;cutout.filleted_slot_deferred
face	4198	cylinder	deferred_residual_surface	reason.deferred_residual_surface	full_periodic_with_cap_boundaries	u_periodic;cutout.cylindrical_bore;cutout.multi_bore_cylinder_deferred;cutout.filleted_slot_deferred
face	4199	cylinder	deferred_residual_surface	reason.deferred_residual_surface	full_periodic_with_cap_boundaries	u_periodic;cutout.cylindrical_bore;cutout.multi_bore_cylinder_deferred;cutout.filleted_slot_deferred
face	4200	cylinder	deferred_residual_surface	reason.deferred_residual_surface	full_periodic_with_cap_boundaries	u_periodic;cutout.cylindrical_bore;cutout.multi_bore_cylinder_deferred;cutout.filleted_slot_deferred
face	4201	cylinder	deferred_residual_surface	reason.deferred_residual_surface	full_periodic_with_cap_boundaries	u_periodic;cutout.cylindrical_bore;cutout.multi_bore_cylinder_deferred;cutout.filleted_slot_deferred
face	4202	cylinder	deferred_residual_surface	reason.deferred_residual_surface	full_periodic_with_cap_boundaries	u_periodic;cutout.cylindrical_bore;cutout.multi_bore_cylinder_deferred;cutout.filleted_slot_deferred
face	4203	cylinder	deferred_residual_surface	reason.deferred_residual_surface	full_periodic_with_cap_boundaries	u_periodic;cutout.cylindrical_bore;cutout.multi_bore_cylinder_deferred;cutout.filleted_slot_deferred
face	4204	cylinder	deferred_residual_surface	reason.deferred_residual_surface	full_periodic_with_cap_boundaries	u_periodic;cutout.cylindrical_bore;cutout.multi_bore_cylinder_deferred;cutout.filleted_slot_deferred
face	4205	cylinder	deferred_residual_surface	reason.deferred_residual_surface	full_periodic_with_cap_boundaries	u_periodic;cutout.cylindrical_bore;cutout.multi_bore_cylinder_deferred;cutout.filleted_slot_deferred
face	4206	cylinder	deferred_residual_surface	reason.deferred_residual_surface	full_periodic_with_cap_boundaries	u_periodic;cutout.cylindrical_bore;cutout.multi_bore_cylinder_deferred;cutout.filleted_slot_deferred
face	4207	cylinder	deferred_residual_surface	reason.deferred_residual_surface	full_periodic_with_cap_boundaries	u_periodic;cutout.cylindrical_bore;cutout.multi_bore_cylinder_deferred;cutout.filleted_slot_deferred
face	4208	cylinder	deferred_residual_surface	reason.deferred_residual_surface	full_periodic_with_cap_boundaries	u_periodic;cutout.cylindrical_bore;cutout.multi_bore_cylinder_deferred;cutout.filleted_slot_deferred
face	4209	cylinder	deferred_residual_surface	reason.deferred_residual_surface	full_periodic_with_cap_boundaries	u_periodic;cutout.cylindrical_bore;cutout.multi_bore_cylinder_deferred;cutout.filleted_slot_deferred
face	4210	cylinder	deferred_residual_surface	reason.deferred_residual_surface	full_periodic_with_cap_boundaries	u_periodic;cutout.cylindrical_bore;cutout.multi_bore_cylinder_deferred;cutout.filleted_slot_deferred
face	4211	cylinder	deferred_residual_surface	reason.deferred_residual_surface	full_periodic_with_cap_boundaries	u_periodic;cutout.cylindrical_bore;cutout.multi_bore_cylinder_deferred;cutout.filleted_slot_deferred
face	4212	cylinder	deferred_residual_surface	reason.deferred_residual_surface	full_periodic_with_cap_boundaries	u_periodic;cutout.cylindrical_bore;cutout.multi_bore_cylinder_deferred;cutout.filleted_slot_deferred
face	4213	cone	deferred_residual_surface	reason.deferred_residual_surface	full_periodic_with_cap_boundaries	u_periodic
face	4214	plane	supported_analytic_template	strategy.surface.plane	annulus	cutout.planar_perforated;cutout.filleted_slot_deferred
face	4215	plane	supported_analytic_template	strategy.surface.plane	annulus	cutout.planar_perforated;cutout.filleted_slot_deferred
face	4216	cylinder	deferred_residual_surface	reason.deferred_residual_surface	full_periodic_with_cap_boundaries	u_periodic;cutout.cylindrical_bore;cutout.multi_bore_cylinder_deferred;cutout.filleted_slot_deferred
face	4217	cylinder	deferred_residual_surface	reason.deferred_residual_surface	full_periodic_with_cap_boundaries	u_periodic;cutout.cylindrical_bore;cutout.multi_bore_cylinder_deferred;cutout.filleted_slot_deferred
face	4218	plane	supported_analytic_template	strategy.surface.plane	multiple_disconnected_domains	reason.multidomain_decomposition_unproven;cutout.filleted_slot_deferred
face	4219	plane	supported_analytic_template	strategy.surface.plane	multiple_disconnected_domains	reason.multidomain_decomposition_unproven;cutout.filleted_slot_deferred
face	4220	plane	supported_analytic_template	strategy.surface.plane	concave_simple_region	cutout.filleted_slot_deferred
face	4221	plane	supported_analytic_template	strategy.surface.plane	concave_simple_region	cutout.filleted_slot_deferred
face	4222	plane	supported_analytic_template	strategy.surface.plane	convex_simple_region	cutout.filleted_slot_deferred
face	4223	plane	supported_analytic_template	strategy.surface.plane	concave_simple_region	cutout.filleted_slot_deferred
face	4224	plane	supported_analytic_template	strategy.surface.plane	concave_simple_region	cutout.filleted_slot_deferred
face	4225	plane	supported_analytic_template	strategy.surface.plane	multiple_disconnected_domains	reason.multidomain_decomposition_unproven;cutout.filleted_slot_deferred
face	4226	plane	supported_analytic_template	strategy.surface.plane	convex_simple_region	cutout.filleted_slot_deferred
face	4227	plane	supported_analytic_template	strategy.surface.plane	convex_simple_region	cutout.filleted_slot_deferred
face	4228	plane	supported_analytic_template	strategy.surface.plane	convex_simple_region	cutout.filleted_slot_deferred
face	4229	cylinder	deferred_residual_surface	reason.deferred_residual_surface	full_periodic_with_cap_boundaries	u_periodic;cutout.cylindrical_bore;cutout.multi_bore_cylinder_deferred;cutout.filleted_slot_deferred
face	4230	cylinder	deferred_residual_surface	reason.deferred_residual_surface	full_periodic_with_cap_boundaries	u_periodic;cutout.cylindrical_bore;cutout.multi_bore_cylinder_deferred;cutout.filleted_slot_deferred
face	4231	cylinder	deferred_residual_surface	reason.deferred_residual_surface	full_periodic_with_cap_boundaries	u_periodic;cutout.cylindrical_bore;cutout.multi_bore_cylinder_deferred;cutout.filleted_slot_deferred
face	4232	cylinder	deferred_residual_surface	reason.deferred_residual_surface	full_periodic_with_cap_boundaries	u_periodic;cutout.cylindrical_bore;cutout.multi_bore_cylinder_deferred;cutout.filleted_slot_deferred
face	4233	cylinder	deferred_residual_surface	reason.deferred_residual_surface	full_periodic_with_cap_boundaries	u_periodic;cutout.cylindrical_bore;cutout.multi_bore_cylinder_deferred;cutout.filleted_slot_deferred
face	4234	cylinder	deferred_residual_surface	reason.deferred_residual_surface	full_periodic_with_cap_boundaries	u_periodic;cutout.cylindrical_bore;cutout.multi_bore_cylinder_deferred;cutout.filleted_slot_deferred
face	4235	cylinder	deferred_residual_surface	reason.deferred_residual_surface	full_periodic_with_cap_boundaries	u_periodic;cutout.cylindrical_bore;cutout.multi_bore_cylinder_deferred;cutout.filleted_slot_deferred
face	4236	cylinder	deferred_residual_surface	reason.deferred_residual_surface	full_periodic_with_cap_boundaries	u_periodic;cutout.cylindrical_bore;cutout.multi_bore_cylinder_deferred;cutout.filleted_slot_deferred
face	4237	plane	supported_analytic_template	strategy.surface.plane	annulus	cutout.planar_perforated;cutout.filleted_slot_deferred
face	4238	plane	supported_analytic_template	strategy.surface.plane	annulus	cutout.planar_perforated;cutout.filleted_slot_deferred
face	4239	cylinder	deferred_residual_surface	reason.deferred_residual_surface	full_periodic_with_cap_boundaries	u_periodic;cutout.cylindrical_bore;cutout.multi_bore_cylinder_deferred;cutout.filleted_slot_deferred
face	4240	cylinder	deferred_residual_surface	reason.deferred_residual_surface	full_periodic_with_cap_boundaries	u_periodic;cutout.cylindrical_bore;cutout.multi_bore_cylinder_deferred;cutout.filleted_slot_deferred
face	4241	plane	supported_analytic_template	strategy.surface.plane	convex_simple_region	cutout.filleted_slot_deferred
face	4242	cone	deferred_residual_surface	reason.deferred_residual_surface	full_periodic_with_cap_boundaries	u_periodic
face	4243	cylinder	deferred_residual_surface	reason.deferred_residual_surface	full_periodic_with_cap_boundaries	u_periodic;cutout.multi_bore_cylinder_deferred;cutout.filleted_slot_deferred
face	4244	plane	supported_analytic_template	strategy.surface.plane	annulus	cutout.planar_perforated;cutout.filleted_slot_deferred
face	4245	cylinder	deferred_residual_surface	reason.deferred_residual_surface	full_periodic_with_cap_boundaries	u_periodic;cutout.cylindrical_bore;cutout.multi_bore_cylinder_deferred;cutout.filleted_slot_deferred
face	4246	cone	deferred_residual_surface	reason.deferred_residual_surface	full_periodic_with_cap_boundaries	u_periodic
face	4247	cone	deferred_residual_surface	reason.deferred_residual_surface	full_periodic_with_cap_boundaries	u_periodic
face	4248	plane	supported_analytic_template	strategy.surface.plane	annulus	cutout.planar_perforated;cutout.filleted_slot_deferred
face	4249	bspline	deferred_residual_surface	reason.deferred_residual_surface	full_periodic_with_cap_boundaries	v_periodic;mapped.non_four_sided_deferred;freeform.general_deferred
face	4250	sphere	deferred_residual_surface	reason.deferred_residual_surface	full_periodic_with_cap_boundaries	u_periodic
face	4251	sphere	deferred_residual_surface	reason.deferred_residual_surface	full_periodic_with_cap_boundaries	u_periodic
face	4252	bspline	deferred_residual_surface	reason.deferred_residual_surface	convex_simple_region	mapped.non_four_sided_deferred;freeform.uv_grid_candidate
face	4253	plane	supported_analytic_template	strategy.surface.plane	convex_simple_region	cutout.filleted_slot_deferred
face	4254	plane	supported_analytic_template	strategy.surface.plane	self_intersecting_or_invalid	cutout.filleted_slot_deferred
face	4255	plane	supported_analytic_template	strategy.surface.plane	convex_simple_region	cutout.filleted_slot_deferred
face	4256	cylinder	deferred_residual_surface	reason.deferred_residual_surface	full_periodic_with_cap_boundaries	u_periodic;cutout.cylindrical_bore;cutout.multi_bore_cylinder_deferred;cutout.filleted_slot_deferred
face	4257	plane	supported_analytic_template	strategy.surface.plane	convex_simple_region	cutout.filleted_slot_deferred
face	4258	cylinder	deferred_residual_surface	reason.deferred_residual_surface	full_periodic_with_cap_boundaries	u_periodic;cutout.cylindrical_bore;cutout.multi_bore_cylinder_deferred;cutout.filleted_slot_deferred
face	4259	cylinder	deferred_residual_surface	reason.deferred_residual_surface	full_periodic_with_cap_boundaries	u_periodic;cutout.cylindrical_bore;cutout.multi_bore_cylinder_deferred;cutout.filleted_slot_deferred
face	4260	plane	supported_analytic_template	strategy.surface.plane	convex_simple_region	cutout.filleted_slot_deferred
face	4261	plane	supported_analytic_template	strategy.surface.plane	concave_simple_region	cutout.filleted_slot_deferred
face	4262	plane	supported_analytic_template	strategy.surface.plane	convex_simple_region	cutout.filleted_slot_deferred
face	4263	bspline	deferred_residual_surface	reason.deferred_residual_surface	convex_simple_region	mapped.four_sided_candidate;freeform.uv_grid_candidate
face	4264	bspline	deferred_residual_surface	reason.deferred_residual_surface	convex_simple_region	mapped.four_sided_candidate;freeform.uv_grid_candidate
face	4265	bspline	deferred_residual_surface	reason.deferred_residual_surface	convex_simple_region	mapped.four_sided_candidate;freeform.uv_grid_candidate
face	4266	bspline	deferred_residual_surface	reason.deferred_residual_surface	convex_simple_region	mapped.four_sided_candidate;freeform.uv_grid_candidate
face	4267	bspline	deferred_residual_surface	reason.deferred_residual_surface	convex_simple_region	mapped.four_sided_candidate;freeform.uv_grid_candidate
face	4268	bspline	deferred_residual_surface	reason.deferred_residual_surface	convex_simple_region	mapped.four_sided_candidate;freeform.uv_grid_candidate
face	4269	bspline	deferred_residual_surface	reason.deferred_residual_surface	convex_simple_region	mapped.four_sided_candidate;freeform.uv_grid_candidate
face	4270	plane	supported_analytic_template	strategy.surface.plane	self_intersecting_or_invalid	cutout.filleted_slot_deferred
